window_index,mse_scalar,outlier_label,outlier_score
0,,1,
1,,1,
2,,1,
3,,1,
4,,1,
5,,1,
6,,1,
7,,1,
8,,1,
9,0.8145290275219129,-1,-25441.381506877264
10,0.2964588859707448,-1,-1168.7838930249432
11,0.34307806065085655,-1,-3818.9493777700936
12,0.8974416623527467,-1,-20181.235326061495
13,0.32042367416446377,-1,-1610.0151785140526
14,0.24578838529522154,-1,-1773.646231464206
15,0.5684664868078622,-1,-19399.816642209415
16,0.047460116711806936,1,410.8498944652034
17,0.04494102693422648,1,420.614834758726
18,0.05198735313659879,1,416.75849152294415
19,0.04815822740397285,1,423.5012496974835
20,0.0377757150855501,1,435.34005385486694
21,0.014775460361522507,1,436.79425127084454
22,0.01998169947050082,1,435.7405128859295
23,0.028013289134577728,1,435.9681854087854
24,0.02068717894745362,1,436.0728520958471
25,0.022740891658988554,1,437.71436580727277
26,0.019688820044590934,1,436.2701823685629
27,0.021977625909530302,1,435.3780205104278
28,0.019551327963002383,1,437.3040001685765
29,0.026199497018791033,1,436.88871250461943
30,0.04617862317159411,1,426.44525183875265
31,0.025392277935384917,1,435.9727191418373
32,0.022312475194732017,1,435.3789010762883
33,0.019467210094130792,1,437.38132457287014
34,0.019295147482345225,1,435.50563208746536
35,0.06600053405454745,1,381.23435277597025
36,0.03790828531934345,1,428.48818267965413
37,0.04537430866791734,1,428.7800222201473
38,0.0535030352130722,1,425.2339644638894
39,0.040960636572027344,1,433.89373434629357
40,0.04736305121103361,1,409.9446094679618
41,0.06053462629922168,1,383.1792625745489
42,0.061634045665875735,1,373.160030206313
43,0.052043649001211,1,406.66485967263804
44,0.04612180113229171,1,406.0741330173127
45,0.06889345977066247,1,373.81303427518685
46,0.0456401342361762,1,421.42557313084444
47,0.048499157666077826,1,413.7300151941813
48,0.06019319165019655,1,425.42522111966576
49,0.08169278018671737,1,391.35482746767815
50,0.09140567927381815,1,383.94649094656944
51,0.06523186506506391,1,421.75933676395675
52,0.06479711192900436,1,427.11604082797635
53,0.06548780715675,1,420.78135063477214
54,0.0663434930614424,1,430.1370625294415
55,0.08598257906329856,1,376.6787492300589
56,0.129240814490833,1,340.57992125250996
57,0.11367987001027684,1,330.74679375368316
58,0.08235347367726713,1,322.5182431044642
59,0.08627852490296582,1,334.0536750223
60,0.08335684202317657,1,343.6565760203144
61,0.08102628265966785,1,369.6415401487567
62,0.05029614744712585,1,416.9716539921015
63,0.053177609642433336,1,406.8456529630739
64,0.060131953722532556,1,403.17510597063733
65,0.04204996317416898,1,425.117677555349
66,0.052728570770546594,1,415.26270884080816
67,0.0491423478999875,1,431.0061377547428
68,0.06329900070555623,1,396.52385156620755
69,0.062212601154062304,1,404.84617011447364
70,0.023393248263672946,1,435.8227384378573
71,0.036633306723771374,1,432.9545599927286
72,0.033186956806239794,1,435.06273638462534
73,0.06224057048920983,1,424.63865455436473
74,0.08710821113593945,1,385.2920807164335
75,0.07802253373181971,1,401.9690917943738
76,0.05217527000464518,1,419.4259343281099
77,0.04677495117549556,1,423.2146480472153
78,0.06285118574015496,1,411.0669913574498
79,0.06565250451881635,1,404.1950625196231
80,0.04781925564772055,1,415.1888975980893
81,0.0423029641934365,1,418.25748864500474
82,0.0451585176336886,1,421.56371792847347
83,0.03480288692720012,1,427.2822575334625
84,0.023131339328075613,1,432.8184733808149
85,0.030290105302351936,1,426.45989106423866
86,0.05893318647087945,1,380.8703834596195
87,0.040305446371637146,1,418.1763882049228
88,0.04781756494314519,1,420.1488682619261
89,0.07412290890150726,1,399.3569751498224
90,0.08523690354799307,1,419.031526958892
91,0.0894284203740813,1,389.0201535914701
92,0.051462814450683285,1,424.91443036144676
93,0.03888132466119132,1,433.7298466436384
94,0.021661494206194374,1,436.7024782788717
95,0.030002420412383657,1,436.30478842772993
96,0.03271598141533513,1,432.68929823913044
97,0.023179500010684688,1,434.4648023422048
98,0.017817677198736014,1,435.0663053126238
99,0.031078257294860922,1,433.17717384640946
100,0.05373116393318216,1,334.8435561936847
101,0.04741326866021757,1,384.00600060814696
102,0.05005218499763482,1,386.2097345804721
103,0.04523579069862598,1,411.92023445666746
104,0.057719815008591004,1,384.3177004119501
105,0.05427578391559231,1,380.1086102292144
106,0.05460849636456141,1,408.417348938566
107,0.05696846965033683,1,367.1826260404935
108,0.036703975378208055,1,405.8084082345031
109,0.02126439994126859,1,436.2931121364658
110,0.0322536030472,1,428.7994242122187
111,0.027049897592485557,1,437.2729150449253
112,0.030098698407560083,1,429.679058496759
113,0.02333152413245392,1,435.56702154727117
114,0.03048836021024264,1,431.9206467756545
115,0.042866823995240604,1,420.3418288417031
116,0.043932658143905005,1,427.6079587647199
117,0.050968702971838926,1,416.65191411812094
118,0.04649303998666528,1,430.51801218076605
119,0.08157405710670791,1,352.01990947082504
120,0.06891930017441972,1,383.09561301441477
121,0.08275152958959306,1,406.9812232136431
122,0.07086450418742056,1,410.85258299764723
123,0.07889096786139269,1,402.3704962922764
124,0.06239988505027838,1,391.6936622810598
125,0.060070299896432276,1,419.3869082580912
126,0.09189687494360513,1,401.82285473937435
127,0.10609929460348917,1,357.3823167026277
128,0.11932692193256368,1,368.6203034048672
129,0.04233352026186159,1,415.4071315102308
130,0.05097316926200197,1,422.7916655177125
131,0.044640579867224604,1,410.9621210731551
132,0.045452935374760715,1,418.4425656032633
133,0.04489724403905228,1,408.27303343395255
134,0.0249590891437689,1,434.33775520751664
135,0.029359665643970596,1,422.8973411725237
136,0.05276113814595985,1,416.7833056339389
137,0.045895509643319746,1,396.2723703202896
138,0.06093347660587022,1,397.79189589550526
139,0.0414160456721832,1,422.99663187001613
140,0.04889013643635357,1,419.816468007552
141,0.05209354459479105,1,417.0855742401465
142,0.056593547789254815,1,413.4434754030952
143,0.05600653753555141,1,413.3719838810616
144,0.059293577479890995,1,419.9895160653273
145,0.0841498714952037,1,392.5325148407102
146,0.10656374514797341,1,328.0142261803905
147,0.09177281769336629,1,375.069063430665
148,0.14828842464568145,1,175.65330866358022
149,0.11056141486119,1,269.5046955117245
150,0.09669394364097147,1,315.4765124795936
151,0.09958725665283896,1,316.85640862836584
152,0.11786872136730144,1,266.4697163357092
153,0.12790479737503402,1,248.29925207610356
154,0.08384858436519219,1,401.17546023014756
155,0.05189666673909012,1,427.5226162707665
156,0.05835678995051941,1,414.12044835798133
157,0.05649412566899247,1,417.43178517738926
158,0.05020184577597551,1,416.4948652994345
159,0.03715658213126378,1,423.5596543069101
160,0.05793382317484047,1,410.625262083599
161,0.04090305744165418,1,423.90446227268257
162,0.03862457048329347,1,414.365328661789
163,0.05308939348346779,1,388.0443232914902
164,0.03286949033664719,1,430.5524841352474
165,0.028409934810698978,1,432.7739138829496
166,0.02574773313353798,1,436.4929634727504
167,0.0263817533758893,1,438.105021840348
168,0.03216588068931273,1,436.7789925047448
169,0.017853320559854183,1,435.0114270530724
170,0.023077903743507256,1,434.340002255081
171,0.029189819048098205,1,431.70615046227374
172,0.026159580684944263,1,422.995058745536
173,0.02306248496427808,1,427.34220105038594
174,0.02284327761773914,1,432.1693900087417
175,0.02239605885698712,1,433.04562874919225
176,0.02988869681717571,1,429.9544557546741
177,0.024031097136802092,1,433.7086397022603
178,0.025361706318018113,1,432.585696427545
179,0.027313785416982345,1,430.080356247048
180,0.018530764433486464,1,434.00485251089617
181,0.02564967038592095,1,427.1608399334946
182,0.02958575090704408,1,430.2988561568511
183,0.025161194391060137,1,430.8314855569454
184,0.026065056600592072,1,430.18932720079073
185,0.01869197852778848,1,435.8596858948756
186,0.03152437884373974,1,434.3161652998665
187,0.03096804585286298,1,431.86556578511164
188,0.027151975508171423,1,434.6776199823596
189,0.023818733484160803,1,436.95627747355223
190,0.018248333093986605,1,437.89475164886534
191,0.03305848595592918,1,423.0645667965742
192,0.04363930501102775,1,416.42100835331064
193,0.06484325229240086,1,415.5648966362467
194,0.053671573588891575,1,412.5252498739231
195,0.04972387743476498,1,407.7257087589283
196,0.06264203042195542,1,386.684677946021
197,0.07977113307201797,1,341.766572192267
198,0.09127906673446143,1,327.0247064928725
199,0.08633855634102892,1,379.49867382815677
200,0.07137600050390831,1,368.20542330862224
201,0.0795422394819142,1,321.97836478637464
202,0.08797325584249596,1,379.08167566871236
203,0.11086699309221153,1,359.8643583577773
204,0.06589099866939718,1,405.30934417460594
205,0.05479278274533934,1,370.5580447938573
206,0.03808059532647995,1,418.3706240475738
207,0.03329013614190242,1,431.5925940370574
208,0.05327397944853186,1,412.42146487489754
209,0.056058816146446686,1,419.05339378762415
210,0.02591792913829139,1,430.77318822216097
211,0.014837356496631133,1,436.400597919109
212,0.018047556704689233,1,437.3543569252542
213,0.048866987384567726,1,419.7007101433694
214,0.06133540649615595,1,429.59073253943654
215,0.04405541608517638,1,427.00678055620244
216,0.05507299168990341,1,418.0866100270321
217,0.05145118794584256,1,393.76951143126473
218,0.10377199487933074,1,310.0583119528453
219,0.1907390540524602,1,147.74973947831654
220,0.1403179059432225,1,307.50308970613867
221,0.10191038283987883,1,376.30485490058925
222,0.0643521630468739,1,409.83206945143075
223,0.04865432758786969,1,423.9579878457899
224,0.09722089834457771,1,396.67543439027196
225,0.1811130271039754,1,288.6328177688718
226,0.12424923645291618,1,326.47300283914655
227,0.09266521902062001,1,355.027438974957
228,0.05351460587873026,1,421.57379900880323
229,0.0579870291470006,1,396.00816615214364
230,0.0870719667704402,1,366.4199124492395
231,0.13394823969437467,1,307.9869935931042
232,0.09216586478464246,1,360.73109687951177
233,0.03412503935721429,1,432.0386847990972
234,0.037275227697504056,1,435.8662947128687
235,0.03851521248724531,1,434.7975985513148
236,0.05686758629314912,1,416.39962766116327
237,0.05450266543077932,1,410.6485925404745
238,0.047391871864985134,1,420.5442437304876
239,0.0386414905277347,1,427.9006804615193
240,0.05660253980409214,1,399.32009386665686
241,0.09861201964923179,1,337.2146120727366
242,0.08185993186315929,1,396.7377559355114
243,0.07496828184756946,1,386.79603437632954
244,0.06409785032608951,1,416.6013235888183
245,0.04924240657533938,1,419.6033849153017
246,0.07229786022374574,1,367.1251191067151
247,0.07641484320391902,1,385.2676567402093
248,0.07909218814660776,1,391.99728355118515
249,0.05700588288491716,1,396.16275721358915
250,0.04874614984385609,1,413.6334228464546
251,0.0720681536155053,1,408.6427075506905
252,0.06976702791451934,1,423.5244963697227
253,0.09965461471836182,1,368.4914824428651
254,0.14273295843655473,1,150.50446839564705
255,0.05300489950932234,1,424.71096162400994
256,0.0811345742596652,1,356.1432599673153
257,0.07900161035269772,1,329.5559894060002
258,0.11413098900342343,1,199.71880124543063
259,0.10164313135024657,1,332.89963193602773
260,0.133813340421355,1,264.26207309196343
261,0.06504695136826914,1,388.2818610677297
262,0.04276712111704138,1,421.9849109420046
263,0.03405967711728345,1,420.83572907344075
264,0.045825322551250734,1,414.58481634518245
265,0.03719896805953933,1,425.21561216433304
266,0.026084657489550245,1,432.9190593079579
267,0.028965767274122527,1,435.22947940517645
268,0.04215533452807472,1,431.241444554301
269,0.06794173827650704,1,413.29559567666206
270,0.06167961131104733,1,407.30475352019175
271,0.06799217382843384,1,383.30378230154423
272,0.054668920307536485,1,422.84771668440396
273,0.062205062321922536,1,421.6415977612417
274,0.0757198277259461,1,396.36399431743223
275,0.0672818143590232,1,389.51477340534854
276,0.05730195517135065,1,373.96531624127516
277,0.03164439678626661,1,418.82309147717814
278,0.08790720948677737,1,337.2257339983214
279,0.05111012791383961,1,395.72044371387886
280,0.0752538243660458,1,370.94068853531655
281,0.12536180201257938,1,281.9743805214903
282,0.15676240682092235,1,210.7985900822226
283,0.21184437351264607,-1,-6.141305328469002
284,0.10055044374264259,1,329.278435287367
285,0.15129563886049677,1,251.28295442944344
286,0.09631607680605078,1,359.0364846467329
287,0.08699904549650277,1,384.08545990892964
288,0.10854366017633373,1,359.14672911538383
289,0.10276755365572762,1,355.3760411077583
290,0.1738117059585056,-1,-310.95905769141746
291,0.12182172023609358,1,121.60816729084888
292,0.13632986391269095,1,229.51968465979584
293,0.19229300095732957,-1,-649.0613688894293
294,0.10246031310435144,1,229.3548713909055
295,0.12823027206729332,1,255.77857475710718
296,0.11853697277668637,1,383.60261369054155
297,0.11886831257992737,1,256.8326574895071
298,0.16572272833774163,-1,-143.8007551473852
299,0.04102837282373165,1,412.3838030257343
300,0.0515475264193579,1,386.3298730356627
301,0.05471712214302293,1,397.9482540730127
302,0.035064919063414,1,426.0362247553784
303,0.03573469105581652,1,421.98869425681704
304,0.07608736039391409,1,354.1947504989017
305,0.054811122471100426,1,370.9028791484387
306,0.05791073929375072,1,394.6419961259592
307,0.0644100051435804,1,385.7779604045695
308,0.07045464241520627,1,267.853798546624
309,0.06534539955465567,1,252.69999517986562
310,0.057207397030477995,1,356.45429788380153
311,0.046097145397108644,1,419.27524832685845
312,0.06617327024430864,1,350.9107333163958
313,0.043383227164310555,1,408.1568953291747
314,0.03590643588213465,1,420.0555303815611
315,0.05375602191159594,1,414.7632957494872
316,0.04755026958787718,1,409.0716742189853
317,0.030256657013968284,1,434.45869907744463
318,0.024461666576147862,1,436.706501139051
319,0.02574569014945091,1,432.0795859158915
320,0.02400773284952102,1,433.9563557655384
321,0.025482483689623366,1,434.2964557861373
322,0.030323962328499883,1,427.0990129430024
323,0.030463013250794233,1,428.3391555831716
324,0.03160285089435201,1,425.75410817774593
325,0.029267849723884614,1,430.40985395257144
326,0.017549113223540188,1,433.77678067599334
327,0.020466481582330474,1,436.7240094580986
328,0.025271679707004946,1,437.0767579811512
329,0.03244603207035119,1,431.09968015242214
330,0.028516158539896974,1,431.0061764841593
331,0.018049908191407695,1,436.42552377972856
332,0.02117359057091586,1,433.6780533748114
333,0.02286311741652564,1,430.8955978072057
334,0.024876981138596564,1,430.8434296229128
335,0.03038909859227309,1,432.09755753860503
336,0.015292808605675641,1,434.52460764605934
337,0.05050576704555645,1,399.35482754861084
338,0.04380206835614545,1,421.94696845745455
339,0.04633818352542618,1,429.6145050791883
340,0.037516382256749824,1,429.573383105201
341,0.04356731179869429,1,425.37799219076004
342,0.08151218730819511,1,347.5896687300535
343,0.0734269723626925,1,378.6312734028599
344,0.07063976838132392,1,394.09682533649936
345,0.07274411505560704,1,370.52137646696326
346,0.03543724642014884,1,423.54749272597985
347,0.04700933952198057,1,413.65108211296223
348,0.03534153519621263,1,425.1405809129176
349,0.028987672055110065,1,429.6380565993593
350,0.019645947713644415,1,437.29258900798646
351,0.016303004751565032,1,436.58972859455446
352,0.027208628598578952,1,430.0417022796228
353,0.03645148867019838,1,412.2533005147384
354,0.02667173918840965,1,424.73687640653185
355,0.03114427449422783,1,425.58939594010633
356,0.030716883312243988,1,411.2905087278298
357,0.032681733142562695,1,426.50680304523183
358,0.04791858326539218,1,407.08145638630504
359,0.05956438680260147,1,409.26315007702516
360,0.042800888802534895,1,426.0455767373792
361,0.03567945610148643,1,428.41752254117625
362,0.03227843007183185,1,435.24138839624436
363,0.03544271089087764,1,437.16389077426334
364,0.028630271714392874,1,433.0410131657682
365,0.019982923172800954,1,437.23540340060435
366,0.025034805469771704,1,436.5481794208861
367,0.02007431298040083,1,426.52129725462163
368,0.026946389063540344,1,432.7246319247521
369,0.028069806710904043,1,429.6324702658339
370,0.023771498287810635,1,436.67866748262986
371,0.03225865305425045,1,431.59022042265633
372,0.02375742234169858,1,431.3780838921674
373,0.030004433036307763,1,424.1382205436084
374,0.03020164508886568,1,429.219137836571
375,0.028019099742690037,1,430.4666924834732
376,0.025972309576762023,1,423.8848509503774
377,0.02382314626615111,1,424.79058909066566
378,0.022348585012550427,1,416.4488411977872
379,0.024588089222545934,1,430.68534758601555
380,0.016491518912550376,1,434.0873782126192
381,0.020597101088270238,1,433.81285114275227
382,0.016645831520653118,1,435.35063100617054
383,0.01736519143965253,1,433.6745821012131
384,0.024829300098838016,1,436.0940860184789
385,0.06233133776610316,1,378.22549242503067
386,0.09997528036132788,1,323.14019632288466
387,0.07657003652898821,1,367.52572366277127
388,0.14370567086004485,-1,-489.5578124695817
389,0.10704658487665471,1,269.79718073285403
390,0.18291525158464855,-1,-458.36804145694225
391,0.1322610650234806,1,293.26305912425795
392,0.10361284843695592,1,302.2993242891121
393,0.1432023742990088,-1,-88.99502021929425
394,0.09045079670941317,1,266.03171613229335
395,0.12032412620494475,1,330.03435051351846
396,0.07659597937637934,1,220.6867994180421
397,0.10419827538923686,1,356.1844642779149
398,0.043830143887150744,1,416.04291413821414
399,0.023097872144293506,1,434.7052940312815
400,0.04282934854824854,1,412.7327952817049
401,0.03661468234303811,1,407.1506579449731
402,0.05459740494551975,1,362.01802908193855
403,0.05368376010511734,1,390.5324473940095
404,0.07285278553584784,1,335.0590192952711
405,0.07707367117180654,1,352.17452201571587
406,0.10486254694410642,1,247.09707409789874
407,0.13002193284511393,1,180.87349895471328
408,0.11434507004494428,1,319.70103560421876
409,0.10025884854031585,1,330.79299325558577
410,0.11014590778920864,1,205.1444955226035
411,0.10459892219131295,1,297.7641736726593
412,0.12095104846229697,1,291.4873225570542
413,0.046632881548434306,1,422.64883676638294
414,0.02593723756241419,1,435.1659627159947
415,0.043904037109354366,1,428.83785398490403
416,0.04177935034128715,1,429.86126646783043
417,0.043750939564589426,1,424.1881150496039
418,0.042290337882034394,1,421.1129693072466
419,0.036707942759111455,1,429.3263218608094
420,0.047865806570209675,1,423.39888465492186
421,0.047043136124153416,1,414.94676811769693
422,0.05895534951713775,1,406.1604581872593
423,0.0593060693078833,1,399.6497985991006
424,0.03611306186951777,1,426.0191390514419
425,0.034768714184853014,1,405.48445838227894
426,0.03291907581946161,1,418.07611666068755
427,0.0320463347817906,1,425.82099981574623
428,0.020159909147426863,1,434.4477266907634
429,0.017402814356806486,1,437.378131580617
430,0.019190634902012206,1,436.6973564170459
431,0.02212607236675765,1,436.75735287891183
432,0.017650739573153083,1,437.65475005619766
433,0.02633889570993058,1,435.2583979464933
434,0.018055221856550098,1,437.172652489504
435,0.05272282425181322,1,418.49252592904253
436,0.05407720461901093,1,428.601233931432
437,0.04975975149482041,1,415.4016953615798
438,0.03600577626445702,1,429.69713624341006
439,0.03609437630170297,1,435.13327068686397
440,0.1406355878062072,1,37.403404352233224
441,0.11407293954758815,1,100.06506215933416
442,0.13055431245630314,1,81.67560260304361
443,0.16296005613758605,-1,-169.7684373917474
444,0.17343348955296387,-1,-302.0162545863624
445,0.18314587985227002,-1,-710.3809265228583
446,0.18886057212034016,-1,-653.4838836379099
447,0.20989727622786072,-1,-1439.7948233586683
448,0.26630692794102356,-1,-2493.1896849216346
449,0.22960805299892398,-1,-545.1958606431214
450,0.02988664915373797,1,433.0408132985728
451,0.02823836699584476,1,433.94298731555756
452,0.02495607919990118,1,437.3072115789079
453,0.04353757281171349,1,434.7400780200834
454,0.037615334150000304,1,429.7756826252453
455,0.027377979183694477,1,434.7420990838897
456,0.027749694733138697,1,435.564837853612
457,0.026167791593446305,1,433.01770192172177
458,0.04307802571540837,1,428.3288551719412
459,0.05049525373453028,1,429.44343643544727
460,0.04978403733485683,1,418.9801293286038
461,0.05257112601162368,1,398.63881584422035
462,0.036802818897375744,1,426.6263922660219
463,0.049811405711337964,1,426.9084351796885
464,0.060632202668388965,1,420.8474591140543
465,0.057991508299939785,1,423.93339925251036
466,0.0627943505556152,1,421.86223045096
467,0.05956970154411775,1,420.5619321957682
468,0.0512196484060433,1,386.47409086588124
469,0.04302903123396894,1,426.43242963162095
470,0.05971347030328684,1,387.80735470181463
471,0.04356538746820023,1,425.71725935629144
472,0.03948200299958443,1,426.291707452896
473,0.028078418767267677,1,430.98801081222996
474,0.04196232401523271,1,428.37840731933574
475,0.05234710144517566,1,427.3834470249505
476,0.05892757180642556,1,425.07615001304356
477,0.07963309081927052,1,398.1136949442495
478,0.07753209591704993,1,406.9930682891678
479,0.07294415050652717,1,406.81292897970235
480,0.06433249196183237,1,409.700004366029
481,0.05367110122088115,1,421.82117359425047
482,0.08819895288975414,1,394.2760396377358
483,0.09112166428106072,1,317.01974014911684
484,0.06873078047872262,1,392.7885024315313
485,0.05277875978581043,1,393.0065439905159
486,0.06951179106461228,1,391.56880411463766
487,0.05708796780458131,1,421.3137477231417
488,0.08276269370029621,1,395.525798210576
489,0.12145666769245246,1,278.2817108783431
490,0.09537200699362818,1,303.8382300312672
491,0.10092004208465566,1,312.64198595965354
492,0.10897009248677515,1,338.5947005586955
493,0.10337444322620641,1,338.55595598366233
494,0.12274110686795904,1,347.39797202812775
495,0.1485427125475709,1,256.8452161801538
496,0.05967736042945088,1,403.583284853678
497,0.08264832977457438,1,368.73708268597636
498,0.07570697325226725,1,389.82436856869066
499,0.09425493297245871,1,376.9865864156917
500,0.10890080970631713,1,333.25398004007644
501,0.1017223570581669,1,341.7018821540719
502,0.09327336334188405,1,384.7269524066569
503,0.08398067412529335,1,417.33487051252115
504,0.0867677027696546,1,367.1048355926713
505,0.09480445747257142,1,314.66116445348075
506,0.1125817746171635,1,320.3521106726771
507,0.11755450091630874,1,146.92208063755533
508,0.08409509177033325,1,270.73396299383035
509,0.10141416405695407,1,176.69656360546333
510,0.1244267717561023,1,85.84208778191572
511,0.10719866792207153,1,346.62381388836985
512,0.09113521682060807,1,296.915127891692
513,0.0994225442985652,1,387.29610662282425
514,0.1021169422012554,1,372.5953948227324
515,0.1622786502221624,1,219.8184168640931
516,0.12756425826591408,1,242.02846061200214
517,0.1551543120568293,1,204.7583526821327
518,0.200931885745348,-1,-88.72957806307079
519,0.24719417536821095,-1,-112.64919470454674
520,0.17851220178972568,1,220.87745901361436
521,0.17990251470470944,1,18.039833497813618
522,0.14371341327548084,1,131.27544836599355
523,0.15786071514334846,1,191.34390936598484
524,0.1093924736834547,1,403.6347983149633
525,0.07702005975030436,1,412.32558036907375
526,0.08418607827532436,1,406.397614227169
527,0.07100336605880671,1,403.7196410624117
528,0.06627921362534062,1,376.6812977723996
529,0.05766426161758422,1,385.6980242736547
530,0.05396324238352413,1,410.95450930697797
531,0.041376151421167136,1,392.6219832430232
532,0.03879058967014681,1,420.17321533662243
533,0.028923231875566446,1,418.5926696420184
534,0.028421235970176716,1,428.4651600021556
535,0.041117127860529734,1,435.3820999634899
536,0.05922982061889705,1,423.95095669807057
537,0.0495158967840783,1,434.60142075275405
538,0.03607126320066865,1,435.5351756014719
539,0.03351971214811026,1,432.4579437571421
540,0.04826885910856528,1,431.47004701421235
541,0.056720689012468795,1,431.79530041576265
542,0.054737979147953066,1,427.2244165917798
543,0.03917329962502986,1,433.55014111260084
544,0.03687661954399687,1,422.47721933402573
545,0.029544643974993307,1,434.64535618334577
546,0.033002086317541986,1,433.47517581964087
547,0.034570258627163876,1,432.5101333549223
548,0.03367816442580151,1,432.7659965063276
549,0.04657702262303117,1,426.6962930627276
550,0.029960289476624824,1,434.1902045230729
551,0.0331197787061203,1,435.61576083667734
552,0.044882182835767066,1,415.8898411038286
553,0.04485819881793952,1,375.68890306383486
554,0.06216745520333994,1,363.638207098551
555,0.044678673479688145,1,379.2773543207496
556,0.041094367759465185,1,373.8244988647118
557,0.0389156322340035,1,374.84843772561396
558,0.04481961611609556,1,400.82669765384793
559,0.050068124437282625,1,398.75574680084014
560,0.05072949359346124,1,364.92730463241446
561,0.029970293745801152,1,422.6135863890455
562,0.027366628022960294,1,424.2870843596563
563,0.03047584175324591,1,420.69740528056354
564,0.02807667918063843,1,427.75215583483316
565,0.02901354269755077,1,427.715794349151
566,0.031957547166682636,1,421.28150766048947
567,0.030663632148199147,1,425.35774281402126
568,0.04675736601211395,1,418.31141740738974
569,0.03577812735597619,1,422.8839225910145
570,0.03838091804554671,1,421.43472591029575
571,0.04680983937657936,1,411.95286541167496
572,0.030517646162794343,1,430.2877233768364
573,0.034393508945340004,1,419.80718416544516
574,0.03482805925056864,1,429.91521080008414
575,0.027939907641828247,1,431.06019610465773
576,0.04130891430100414,1,435.17333489466455
577,0.048658983659284706,1,395.3255680806002
578,0.042949393256336676,1,422.88618787070834
579,0.05060906092810065,1,426.52279448184044
580,0.042239963896749784,1,410.0207390266675
581,0.03891289383896973,1,427.23358242337497
582,0.060465343506562554,1,409.1163815749964
583,0.04960874844496388,1,404.6336398545322
584,0.05342918207110766,1,410.8535673046112
585,0.16706477597215375,1,50.45999113480735
586,0.11588677535728135,1,162.96582681926157
587,0.0816394353151589,1,297.47359951848273
588,0.07660803944021433,1,344.4397219664763
589,0.10060033157990807,1,307.5658993026698
590,0.11456111178170728,1,186.1175404308987
591,0.1042771730120238,1,92.10938683646373
592,0.08838890677798558,1,296.3987938934419
593,0.06869514127841038,1,352.0215869086292
594,0.04305659678441027,1,406.0924707696845
595,0.04212349676934714,1,394.1490319859399
596,0.05892946744026552,1,363.0465011816022
597,0.060667977160589574,1,346.78651645078247
598,0.04511967086447776,1,420.46577643558567
599,0.03844009042516335,1,432.3408837969486
600,0.04547375624049697,1,422.9967082724272
601,0.03943652681475742,1,431.25237833129916
602,0.04076662975232984,1,429.67131111732886
603,0.06755693924320103,1,398.8330799303254
604,0.044285662989979345,1,423.80927568847346
605,0.02766617282717396,1,431.9643713426218
606,0.06300897301672749,1,424.30797948182067
607,0.0397207393305356,1,435.79021917276265
608,0.06768258766544659,1,417.05062685406926
609,0.05845752070839388,1,428.0830340511434
610,0.04647191862452201,1,426.93839412758365
611,0.06254071402701661,1,396.8730256984867
612,0.047109539398425784,1,422.18368278485474
613,0.1007357493864781,1,389.32590664523434
614,0.14317776798405374,1,317.56711425239894
615,0.14837770751652432,1,318.53643311389806
616,0.18253287909652705,1,206.9836380716134
617,0.21942526032082937,-1,-572.8974593333877
618,0.20790036202406606,-1,-277.5218709975667
619,0.1971444151134755,-1,-21.22516926199131
620,0.1394904524127755,1,316.1128382286031
621,0.10287176042306637,1,371.4807660278196
622,0.06681847358074436,1,358.44588271543086
623,0.05337631054512674,1,435.27796541906247
624,0.0682863087967333,1,392.4287827036297
625,0.033961924945103694,1,435.5652166708512
626,0.05861313368887106,1,426.4264495006177
627,0.047101247620257976,1,415.01637908064777
628,0.06714230423878807,1,382.61720760699154
629,0.0643464896925106,1,412.9265880513251
630,0.06146936989739403,1,416.66721739745094
631,0.04182683714990027,1,432.70828907612827
632,0.07245595229527843,1,362.6943088256658
633,0.05673480100553872,1,410.14425880369294
634,0.06284178696623939,1,406.4480981527285
635,0.06550706454086853,1,406.50546346191743
636,0.06793531655569811,1,403.824528050287
637,0.043527771588956043,1,427.9464878268322
638,0.051010238956320404,1,422.2174429516945
639,0.03908283049788049,1,429.92605752679646
640,0.044326039065999814,1,428.8284107780726
641,0.0609800088055633,1,423.19804314455064
642,0.03718846991658588,1,432.8446442666867
643,0.025793291943119016,1,437.67863162710813
644,0.029031186713784518,1,436.90645559026365
645,0.02616666810883602,1,437.39442551033557
646,0.02021805471601846,1,435.576336517573
647,0.017247733694822725,1,436.66324634231216
648,0.023328476480942807,1,436.90512516435086
649,0.021839031766436732,1,425.70794570705357
650,0.11904981399190316,1,350.26407376379905
651,0.06533994398200604,1,412.06879491236725
652,0.07391345303396427,1,390.9297158932536
653,0.09601235751897004,1,275.9911207402987
654,0.1205402874377746,1,194.27670407425563
655,0.13916747269074548,1,195.5302605244979
656,0.14310143794924518,1,92.82009438810911
657,0.09446419720955222,1,295.1091903490591
658,0.1124749691065944,1,153.23352842550366
659,0.10640902932395295,1,80.78721098965013
660,0.0663434918932854,1,395.21280139290604
661,0.06286243043521741,1,416.5973927199016
662,0.0757042716598121,1,391.84097017315446
663,0.09833474247428109,1,233.8509352392893
664,0.03217349124114701,1,433.5330455440607
665,0.035513820291523106,1,436.9140792698138
666,0.032809577857188535,1,436.81056783189103
667,0.024033474643455555,1,436.2018417168576
668,0.019844226979959495,1,437.5823236634096
669,0.024835050443879104,1,437.65777451942444
670,0.02762118626661345,1,430.03009228195174
671,0.025836706689222572,1,436.01730839546616
672,0.01890875093271155,1,437.16551389772
673,0.014710094585201682,1,437.18626809686634
674,0.014963903235584388,1,437.2897424010249
675,0.01498550147870498,1,437.0101545796572
676,0.016400746396340843,1,437.69821460023104
677,0.073470311101924,1,408.3936016685669
678,0.07852799283127865,1,322.95624309623884
679,0.06753073342539777,1,383.7637856008146
680,0.08559660683098115,1,373.7850924989214
681,0.10486545106594956,1,340.89707874354815
682,0.09940394001190499,1,339.89728854891683
683,0.0913881939814132,1,328.2882524835969
684,0.09074103395362987,1,256.0831636240175
685,0.09865572393995634,1,254.55059719185746
686,0.09446778796054175,1,159.5106655697689
687,0.09301522565473339,1,105.42219833913742
688,0.08570911382881119,1,205.71734892509932
689,0.032711672111162195,1,410.4854845847009
690,0.023803053695807937,1,424.4387735567333
691,0.02303058873086211,1,427.2379509780294
692,0.026244169221222,1,436.0354669166808
693,0.026306061358049686,1,431.51560479364707
694,0.024410619010737804,1,428.58090234380563
695,0.015210012185341796,1,435.458657822511
696,0.012305655653815707,1,437.0382579879174
697,0.01211298733811533,1,436.72133676005814
698,0.010205621178345467,1,436.47389586312806
699,0.011695841870106402,1,437.3629794129186
700,0.007800992492908205,1,437.0398275188058
701,0.00910091934014122,1,437.1505341340532
702,0.008014131193463924,1,437.339366298635
703,0.008525303570625154,1,437.08327628407824
704,0.009206715919103674,1,437.1590416899723
705,0.010172663426194054,1,437.5714953431328
706,0.007406979792083725,1,437.0346130670076
707,0.009678783315829406,1,437.14337394792597
708,0.008548849968335348,1,437.0325389993095
709,0.008451267650444547,1,436.74329728384146
710,0.009555721904874826,1,437.2264194343506
711,0.01031547261293397,1,437.56299343650835
712,0.007845179291889156,1,437.3440208378742
713,0.008778014053249572,1,437.60037152587637
714,0.007698414253268989,1,437.1417794290863
715,0.02033075629371517,1,436.781635798912
716,0.021335968470758637,1,436.62236508733247
717,0.02139020721610179,1,437.5158335697284
718,0.01630508268856118,1,437.08141949756333
719,0.021866452634060913,1,437.64504719411707
720,0.02982708371654796,1,437.60811699963375
721,0.03183901620989833,1,436.16428412694944
722,0.04076846543381366,1,433.8823603184698
723,0.05261578792440152,1,425.474145075492
724,0.04283998389448276,1,430.71320273130647
725,0.035555182850411614,1,427.7627369411981
726,0.02707600613861283,1,436.5614224406951
727,0.022518807880178893,1,436.37669966792754
728,0.019894516661376562,1,432.55181469413293
729,0.023709787507837848,1,437.48607335671124
730,0.007844845189577008,1,436.9848530281101
731,0.008430707906487724,1,437.4526478136533
732,0.006213580352073916,1,437.2762823434628
733,0.007642984073458751,1,437.3835221518792
734,0.00613974906866568,1,437.1614613902647
735,0.009418762824324444,1,437.4135176095276
736,0.007558708875647948,1,437.41145326815183
737,0.007992028432966798,1,437.3851961081679
738,0.0068261540594556774,1,437.2514118263771
739,0.006488930934550592,1,437.30867382187074
740,0.006054326026691946,1,437.0720998466837
741,0.006676456685336472,1,437.22444037475873
742,0.006158812949409143,1,437.21775297530235
743,0.008485830596204455,1,437.4690285480548
744,0.007201190510380121,1,437.3984524761284
745,0.006031208453006622,1,437.17643054628957
746,0.00751683689386985,1,437.4690854836589
747,0.008136501530250454,1,437.5056515480246
748,0.010282112236151743,1,437.59696673610455
749,0.00714767634442125,1,437.3729033327379
750,0.008841769908795075,1,437.55344579432904
751,0.007502711488387553,1,437.30330678196873
752,0.009857069894560061,1,437.3242101799121
753,0.009761352318734233,1,437.31002862832366
754,0.009371362407057065,1,437.24064853366997
755,0.01229879797142501,1,436.4558886490781
756,0.013690040902307974,1,437.4283877090554
757,0.010440980911697914,1,436.98490366984925
758,0.009403903137612319,1,437.5764913034041
759,0.009292567624169412,1,437.45940885269584
760,0.008606819054202831,1,437.49502503462764
761,0.007078518684249413,1,436.9174212480963
762,0.011705712226576048,1,437.63078634884056
763,0.006672211367383428,1,437.0845404574075
764,0.012620168240889339,1,437.14540593500203
765,0.008397113758111805,1,437.2303671162233
766,0.010847556001575756,1,437.35935927488396
767,0.009086388100627365,1,436.67816746915815
768,0.011755994070233746,1,436.71203712436096
769,0.015073839198971876,1,437.58045561412547
770,0.013112608408507701,1,437.5689927658467
771,0.033245090323929506,1,430.9455735776676
772,0.020660901464467245,1,436.1736404609165
773,0.04131825248867684,1,424.57871462103606
774,0.019358607863477584,1,437.29337613442317
775,0.023985643018836728,1,436.01965360959747
776,0.00905578686515464,1,437.5768092708233
777,0.013037044269177702,1,437.4705427505393
778,0.008849999567640566,1,436.6005436146293
779,0.009377791346653314,1,437.3392576586662
780,0.011949236782499548,1,434.61570848775216
781,0.01706744510327671,1,433.5935643254995
782,0.018968927269625468,1,434.0031297043932
783,0.014577641104355903,1,434.7760074509526
784,0.029381126896960964,1,430.14619679665844
785,0.025139933654990565,1,432.9463177592396
786,0.02506054732997878,1,436.28235227962966
787,0.016512767961464718,1,437.78148872805593
788,0.04435225855309238,1,424.4143551766741
789,0.036730837325801825,1,431.11276644774324
790,0.03222414068576317,1,435.0079032318749
791,0.022844289965754615,1,437.36734918779416
792,0.052249776571503946,1,415.4196471693225
793,0.03953185356499357,1,428.1957328625053
794,0.033431330397065404,1,434.1814781190342
795,0.020610808167841395,1,437.0836595482431
796,0.04486241640458194,1,423.2730507930614
797,0.037163562169976815,1,430.4911999610547
798,0.022977531523938166,1,437.17198860584773
799,0.06788985112673042,1,412.78812654662414
800,0.056838848742470076,1,425.6202075034629
801,0.07466048521041668,1,378.35779169789055
802,0.05820117771605994,1,358.0519532963676
803,0.1215937763906046,1,284.8168805931077
804,0.13880981569317155,1,356.608834543466
805,0.12602757523619365,1,358.5946255546316
806,0.1331839686531153,1,371.655431938545
807,0.1301114332057913,1,361.4589382400932
808,0.1310063823056466,1,374.04940140620533
809,0.12683385210442616,1,392.9668319703127
810,0.10528033218052602,1,374.4901752748816
811,0.09279436726618982,1,419.45962588036133
812,0.06745571718720268,1,426.57561806653484
813,0.1523732724905478,1,263.28583223261955
814,0.15050685658427265,1,204.46733680463115
815,0.11374405008425305,1,373.51715707219194
816,0.10697131345251656,1,369.85038739674775
817,0.08829514840208072,1,391.29179045001166
818,0.05724378281876425,1,430.2671727881392
819,0.0453337454705476,1,433.5875442797751
820,0.02753805969014409,1,436.3901421930809
821,0.020629984354954316,1,436.7744132500471
822,0.025665724186615894,1,436.2935216126453
823,0.02627418855415592,1,437.13575443251165
824,0.05437610714901165,1,423.9128824535158
825,0.05414708153525251,1,424.16724224590774
826,0.05564207288475347,1,421.760246981327
827,0.044263686875789056,1,426.4247076761272
828,0.0622758373763054,1,415.7950506993041
829,0.0640073725736582,1,417.5860906753532
830,0.07749194992925686,1,406.5576572330913
831,0.028613786407956397,1,436.8011351262819
832,0.0371802355364198,1,429.5733121400894
833,0.03355655338741854,1,436.70746521663096
834,0.03741163263138703,1,430.63129408416444
835,0.07553771739791204,1,374.3513871015483
836,0.08439154615057005,1,365.92350208562755
837,0.07981857161906523,1,391.87225963178685
838,0.04087551673533983,1,431.9122217947677
839,0.0846334154127936,1,365.2338038409522
840,0.029703664667714284,1,436.2253792527749
841,0.03806394967814148,1,432.57141392859427
842,0.02081353900907786,1,436.96130385450135
843,0.03441832533404329,1,431.6176480590882
844,0.05564070615831085,1,418.6970743142482
845,0.04929638506832778,1,419.32185467952326
846,0.06569798752548538,1,400.7839572684994
847,0.055909451936542606,1,412.842084520222
848,0.058671560656871014,1,413.3947545318721
849,0.022435917351911885,1,435.2826892158318
850,0.02825865690171534,1,435.66376986501933
851,0.026226003440098098,1,434.4364666442612
852,0.029512755554989768,1,435.0040169977444
853,0.0388505207505579,1,430.15355359026216
854,0.04190114942417612,1,430.45693819544454
855,0.06465029088136441,1,409.3878209511736
856,0.032301303065871784,1,436.3470011888463
857,0.027621391735403417,1,436.7220060976908
858,0.042920642077537416,1,431.46791316890796
859,0.018056856081433488,1,437.0467477330531
860,0.02139237608766347,1,436.8503534622487
861,0.03884796033629452,1,425.63883965394587
862,0.055842090240058796,1,412.11823712554013
863,0.04770501713663472,1,418.12637750509185
864,0.06355161092888932,1,400.3319524464212
865,0.06818390232714114,1,391.28283614359606
866,0.062081790321815045,1,402.20636734898216
867,0.02893828802741785,1,437.6814894392643
868,0.044054902152642926,1,427.344092714286
869,0.03562007808721827,1,436.53057442451023
870,0.055935751741995075,1,419.75045973358004
871,0.06367845229206383,1,416.8953805944843
872,0.08840342597337561,1,370.2461019410433
873,0.12112845340130755,1,308.5139817475045
874,0.03613519710409583,1,436.8266756059708
875,0.039965417122161666,1,432.3655756844128
876,0.03159491844536196,1,430.3747123637111
877,0.061614966740827774,1,420.29165381571386
878,0.041590074245952284,1,432.9835460873579
879,0.0548365690485626,1,423.52673649876135
880,0.05197202918327093,1,426.4068589555614
881,0.03051714354047651,1,437.4948174470174
882,0.04222370361692481,1,430.1503335124096
883,0.0427128345643576,1,430.16421665441027
884,0.041875952960649554,1,430.8755717570685
885,0.1043601674396091,1,327.924806323961
886,0.07102865660900044,1,403.3693732615845
887,0.0665088153676168,1,414.4154947920548
888,0.07435404250977959,1,411.64394636938914
889,0.07886897748274399,1,400.1762309178829
890,0.051116391755134015,1,426.38189918403236
891,0.06322959074560272,1,423.90085414082796
892,0.07002848684162359,1,411.46065720259696
893,0.09213682577919195,1,404.3812775401097
894,0.11247685143566659,1,382.0048200010735
895,0.11185664841598823,1,373.5413991969576
896,0.08576930560535476,1,402.11315764126095
897,0.08287161790617008,1,400.53546416892493
898,0.10772112166222374,1,400.0570416465988
899,0.0825834164380269,1,413.13422585186873
900,0.12591945208215188,1,364.21542659038744
901,0.11999405615648255,1,387.0878736913469
902,0.076102189423089,1,406.85836411365784
903,0.05955598273396815,1,422.6934723721318
904,0.05949012998625939,1,417.38246638013857
905,0.0601196894011082,1,422.65528912200847
906,0.035038890527546634,1,436.2852125603546
907,0.03505549064777995,1,433.7670504650863
908,0.029020476635439867,1,435.8952623891506
909,0.051883946219439224,1,424.3818726291774
910,0.04875477716771453,1,427.91572481717344
911,0.03125464497135972,1,436.4727998996874
912,0.03641170142134851,1,433.4365628567471
913,0.02865177638870032,1,437.1971764187293
914,0.03848157742979143,1,435.03669097307665
915,0.030999226161686873,1,434.090316262557
916,0.033918287717742905,1,432.90404388706907
917,0.03698094573938244,1,428.5932795749921
918,0.02167357303921798,1,435.2801581576689
919,0.0423084147059379,1,428.40986620705655
920,0.041516513779060085,1,430.581755914531
921,0.025883975517239588,1,436.904940114189
922,0.020248303448319616,1,437.50797572623276
923,0.0231114017802246,1,437.6311247725079
924,0.03669225463768655,1,431.0044768122824
925,0.05318841182257894,1,432.9383424507055
926,0.05106767347563302,1,430.9964645080652
927,0.035286116779077205,1,435.43436259029363
928,0.03720331139542044,1,434.4498457630677
929,0.0784606474056584,1,378.39913881685436
930,0.1080359832250677,1,210.6173674616839
931,0.09468518852975956,1,344.27125854950066
932,0.05495677351310233,1,429.2447330579058
933,0.05198314178831307,1,433.5377620296229
934,0.043517925558122596,1,432.3330601898392
935,0.0702568067531655,1,414.6752182701757
936,0.10738212142739405,1,320.37607129057017
937,0.09154944307798803,1,398.23230349699566
938,0.05212593346271403,1,426.8456815249463
939,0.049180685377168125,1,425.5439435761125
940,0.05951137861322956,1,422.8597142960688
941,0.058550718520928156,1,409.2888693719871
942,0.059594002470073924,1,422.95646734304546
943,0.046146675388724225,1,430.7901517081699
944,0.03063716269901461,1,430.73761283345334
945,0.03181131614293755,1,428.9241329067841
946,0.02850020173382844,1,436.9508217764591
947,0.041732360890251785,1,423.081537385056
948,0.0466156046979279,1,424.73870202894034
949,0.055638134292927424,1,391.6585563289918
950,0.035015133609340464,1,431.26433852396303
951,0.049370667502751917,1,382.84653401300005
952,0.061688802863018664,1,373.05798533450894
953,0.06287784863973327,1,410.77294893016955
954,0.06652997535255892,1,388.0810216715058
955,0.06871509115875674,1,369.99016736212195
956,0.0973354304947657,1,382.0066772070602
957,0.08842769791503398,1,392.5456409760275
958,0.08419955005134229,1,384.5315916673878
959,0.12125404336297481,1,314.6562180589191
960,0.09839026615241546,1,371.8636966071574
961,0.10741400326995376,1,376.5920407581627
962,0.05941739133816483,1,410.11046871308304
963,0.05218515827545494,1,391.05007427535094
964,0.05317568490155167,1,420.0406541904226
965,0.035493512496759146,1,433.6020046118174
966,0.044773835976347,1,401.89532043591646
967,0.04091713143823483,1,429.4837210402773
968,0.055427139234224924,1,421.16985964243577
969,0.057208173621044196,1,411.9936007645573
970,0.0689604586036579,1,386.86145666235564
971,0.06385903283254438,1,401.52875465202
972,0.05124710088029017,1,405.22505491628687
973,0.057404038563577287,1,406.00570436457866
974,0.04747702056428954,1,401.83399680641077
975,0.052540900453639634,1,407.34777982626775
976,0.04193121815612377,1,426.85520363139005
977,0.03241223021296351,1,431.1413150920225
978,0.03938060275181933,1,432.16605223129613
979,0.03977568490497228,1,430.6304746651526
980,0.04806260944894698,1,415.7079378828015
981,0.05780725794462866,1,410.6278382889158
982,0.04270992343745568,1,434.5571892612874
983,0.030822279428577508,1,433.95553776742753
984,0.03596026151585636,1,434.77129212144797
985,0.04348951488990711,1,420.32904274299784
986,0.046924548585920274,1,427.3993181403894
987,0.07692350809336813,1,391.5761359716378
988,0.07517414537853126,1,403.7460522746687
989,0.07624557260934671,1,404.3563943808411
990,0.08819244149888143,1,380.9790623720499
991,0.07023375098844306,1,413.65475062529333
992,0.08152220163282937,1,341.3480089380223
993,0.07622236071442491,1,373.81906908053446
994,0.12981802745630147,1,199.18267410283997
995,0.08896468496640865,1,358.4130072650446
996,0.06832554428114883,1,422.3839185022593
997,0.06439195303527036,1,417.35704484565906
998,0.06792676951908538,1,398.8592826462423
999,0.05271527729833812,1,430.96994632441846
1000,0.055370837288274286,1,424.2485324524031
1001,0.04729591778542819,1,433.8933825994424
1002,0.05761316333449281,1,427.6412186083356
1003,0.06853840168210522,1,405.47240672531484
1004,0.052031078149520855,1,426.4783850951845
1005,0.05853971701735473,1,413.5287633775582
1006,0.05909686896187976,1,407.51243806746083
1007,0.033288189581840065,1,429.21968738466234
1008,0.04282483955693206,1,431.7750771224814
1009,0.053949349649416396,1,425.81251693760174
1010,0.10001756876965105,1,384.3202591604872
1011,0.12553679537779985,1,354.7082475140304
1012,0.07124235363687362,1,417.68104403033965
1013,0.07043771971174759,1,411.7742543641828
1014,0.07274486987288167,1,413.7864927359792
1015,0.0854610527640552,1,403.8353228310927
1016,0.02857205828630986,1,436.42298029812906
1017,0.04280937188886532,1,430.75333735589953
1018,0.04133150174834937,1,432.75945185265533
1019,0.0388516292120718,1,433.9705635742587
1020,0.06404018103058086,1,421.25407023132647
1021,0.05497207436073588,1,423.92009344999934
1022,0.05723499319329394,1,416.58672383185103
1023,0.0694088409207598,1,410.3600967175516
1024,0.08118570798502396,1,367.7225020837549
1025,0.06851033591397801,1,376.70537810464793
1026,0.07087764426538659,1,399.45914991778494
1027,0.08025176936308344,1,382.5899170005714
1028,0.10529869265972765,1,329.1911895573749
1029,0.08943055480953263,1,369.7868409981434
1030,0.08020019120214066,1,365.6798130687567
1031,0.0957907682528917,1,352.63528043837636
1032,0.06823145849226538,1,389.22838986256096
1033,0.059454911887111814,1,410.25945574422053
1034,0.06588330719650448,1,387.8316281424181
1035,0.05663454054764831,1,407.8114790181796
1036,0.03546775465954472,1,428.01938225914114
1037,0.029507494163159353,1,436.58989799063977
1038,0.04012008135358285,1,434.6112239120273
1039,0.05219448336162528,1,431.7976914939179
1040,0.04228763937138162,1,435.91049264700865
1041,0.032443033876986195,1,435.46303522886546
1042,0.038018980852858,1,417.99191049336844
1043,0.05221297557536796,1,377.85518343221185
1044,0.044016747607282844,1,389.3364941588188
1045,0.05481148624102229,1,353.42247895355683
1046,0.051425581701847974,1,361.6779857370051
1047,0.05968135618413249,1,338.9335556790188
1048,0.06314713540492332,1,340.6676853408043
1049,0.055410366272180316,1,390.65116967983056
1050,0.05430539469521064,1,389.38515655147626
1051,0.054495018992468454,1,388.49494008921585
1052,0.049908501125000296,1,422.83088136255327
1053,0.042061225320190423,1,430.41131398519855
1054,0.041183436639864,1,426.8806848123655
1055,0.04533967962049918,1,423.2019418462865
1056,0.047247860714385484,1,425.1605460230636
1057,0.028927728683237636,1,436.2176625794669
1058,0.0461262958537755,1,429.2415668949005
1059,0.030129474109572996,1,432.51410656852573
1060,0.06493280371787288,1,402.6825488161116
1061,0.023396095389946088,1,436.94049597293844
1062,0.027347005757258656,1,434.7460753712121
1063,0.016267508883786665,1,436.6491861007087
1064,0.026936391103615842,1,437.14286425990053
1065,0.03284117042908591,1,434.6007477431436
1066,0.0230123144033678,1,433.9630998661634
1067,0.03908088208620233,1,428.9073798593204
1068,0.03359603166755757,1,435.22148521991227
1069,0.02045104072338344,1,436.79769314466887
1070,0.021799593943994913,1,435.95410765489305
1071,0.03444153349312123,1,435.02863673134397
1072,0.03096134628545758,1,431.6618475058838
1073,0.028031974441546644,1,435.7737906835922
1074,0.041446099385228245,1,429.95006908173514
1075,0.03327683899541401,1,435.03872011444264
1076,0.034663403224592486,1,430.82088428361413
1077,0.0660591040360232,1,414.62544364639103
1078,0.05134584766822211,1,423.67883005214276
1079,0.07793792464449975,1,395.08513647893386
1080,0.06949987267369123,1,409.9587549539389
1081,0.05085742240129475,1,402.25605947049627
1082,0.04959719944947605,1,426.57646085820073
1083,0.06073835588462873,1,421.1141712308458
1084,0.05277679119736872,1,415.7877662152766
1085,0.046774092581357736,1,395.8722639992796
1086,0.0374619600297584,1,404.40850179778255
1087,0.03447729706691382,1,433.0910895794017
1088,0.03759579484905368,1,430.7228603421983
1089,0.04190288837733371,1,435.0082742438202
1090,0.06563169652252995,1,411.6391710210568
1091,0.12365269252863163,1,357.8622771040356
1092,0.10700285541782685,1,385.2933518872312
1093,0.10818063369398193,1,347.869592049013
1094,0.09527227935298274,1,352.72525338276586
1095,0.0662822444288945,1,361.6460112211325
1096,0.07993901556228601,1,391.49409886387724
1097,0.07263949088655818,1,406.9648814342844
1098,0.1017917102377568,1,336.9122339488965
1099,0.09905274830179973,1,299.0513937082714
1100,0.05394053592696483,1,421.98749513858104
1101,0.03653399162131461,1,429.9054537183407
1102,0.03552392114289298,1,427.4900451953466
1103,0.033128585765612985,1,428.21224459475155
1104,0.03193869910474636,1,426.39852936480736
1105,0.05230184872054224,1,381.2817685863878
1106,0.03794822835408106,1,410.6928836602861
1107,0.0354604572025758,1,407.7838829033163
1108,0.03509032718575335,1,414.38793113582244
1109,0.05403868633061158,1,420.3391403551845
1110,0.05605164353344953,1,395.777018403074
1111,0.06474476869228181,1,382.0834852306957
1112,0.13973045366764852,1,304.1658852960571
1113,0.06198825878124704,1,417.2245565373761
1114,0.07585128164229686,1,398.17393580318753
1115,0.06924030632199832,1,414.94789438690555
1116,0.1268781408436867,1,322.8792609563957
1117,0.1020710669028809,1,364.84639362764693
1118,0.12535171177356635,1,324.166700268846
1119,0.08751865727172685,1,309.97814830031854
1120,0.07823197716023779,1,352.82173107159724
1121,0.07727824040830325,1,367.71313844810726
1122,0.034537302071887335,1,412.3536367452081
1123,0.012255631754914653,1,436.61297332653163
1124,0.00982188722042027,1,437.3898621444146
1125,0.009933578884044681,1,437.56529873556735
1126,0.011423675355321978,1,437.5222326735825
1127,0.012092459413296133,1,437.33656003079415
1128,0.009321130488157955,1,436.6004448924343
1129,0.007204614584762806,1,437.0272627967907
1130,0.007053781219587778,1,437.27314485134553
1131,0.01394892897407192,1,436.85320276954906
1132,0.02046308162362041,1,437.08491095890724
1133,0.016848649352016517,1,436.75987040066155
1134,0.016550449897770273,1,437.26695123126956
1135,0.021281039799124712,1,436.04723155185076
1136,0.019337453099777326,1,435.44084113237454
1137,0.014999322769178699,1,436.57488319930843
1138,0.01336692543937259,1,436.48559182708624
1139,0.0181456269628903,1,432.9862945704012
1140,0.016637812915776498,1,433.685879487089
1141,0.007200082001005186,1,437.34166213261716
1142,0.005006576661279763,1,436.95993970813066
1143,0.007324730524976814,1,437.2306755326433
1144,0.005588301383747288,1,437.190253859464
1145,0.007767252205328255,1,437.0493366060921
1146,0.00871917739684913,1,437.22655762057485
1147,0.0057542312881010554,1,437.05975799111985
1148,0.008962189610291839,1,437.4010803986338
1149,0.007568246165410632,1,437.2126881136575
1150,0.008088804090804754,1,437.1644699835346
1151,0.004986542308720928,1,436.8755235773971
1152,0.008750294215230905,1,437.3450589138403
1153,0.00587636525941519,1,437.0906038071238
1154,0.008982880223292961,1,437.2046408866953
1155,0.009286770657940844,1,437.0466196184272
1156,0.007537800950230433,1,437.1318577447987
1157,0.01048431270763657,1,437.11798267811605
1158,0.011611909796861513,1,437.6895559200092
1159,0.011578195028689358,1,437.5706955825541
1160,0.011262816008893681,1,437.4965619754056
1161,0.009840253244852206,1,437.42190438646185
1162,0.014205896862820186,1,437.3129177966014
1163,0.01132057992730314,1,437.53903318425125
1164,0.01873009202683453,1,437.3116484890545
1165,0.015947629964414064,1,437.7637610806898
1166,0.012058722822589211,1,437.7516625837292
1167,0.017009471160695736,1,438.1724220991917
1168,0.017094120284829945,1,436.6490752529612
1169,0.02314083011734871,1,430.3795656607092
1170,0.03484245998505885,1,420.3050741243323
1171,0.02983388142171344,1,419.5412387242275
1172,0.03536981841220171,1,406.27445544927673
1173,0.040623173935920805,1,399.30606694221666
1174,0.052574527449950184,1,378.1067148278088
1175,0.05124875918851342,1,389.1479967980246
1176,0.022938978198822086,1,434.3570612102992
1177,0.04472689841418115,1,427.51283061748535
1178,0.039197226476359245,1,431.9429642794441
1179,0.02215661661503777,1,435.72131013357534
1180,0.015149612906447193,1,437.50642303424223
1181,0.011983593704809928,1,436.5824868846338
1182,0.01384141167625653,1,437.4242514051222
1183,0.01353998107256521,1,437.5932390315612
1184,0.03471150766573946,1,427.8724736187695
1185,0.02594373557424608,1,433.27949315865413
1186,0.05449229397291694,1,413.97416696957305
1187,0.035497620014876774,1,432.8073250972606
1188,0.05135035783008137,1,415.7906896385726
1189,0.051645807487820376,1,422.38477426144357
1190,0.03045892426437058,1,436.0645781299442
1191,0.04047249715931896,1,429.3651049027585
1192,0.03749631143621015,1,433.7775447755074
1193,0.032106822400876714,1,433.923625810081
1194,0.05221501843478653,1,425.96174295594227
1195,0.037838953609225026,1,433.99842110360345
1196,0.025703700664040485,1,435.77865155916584
1197,0.02667428715060582,1,434.4751347659522
1198,0.014927879390481524,1,437.7219120783231
1199,0.03171264882351372,1,436.05584521888665
1200,0.0364234531011357,1,435.5081036079686
1201,0.038428565871407486,1,437.38458318806335
1202,0.02930984211992042,1,435.91968698274667
1203,0.06499457797585824,1,356.5485333889027
1204,0.0932832114532889,1,275.3955964655816
1205,0.06817879707770266,1,367.7354063013697
1206,0.05886089204051905,1,393.25589737667195
1207,0.056785124342881556,1,367.18971472989466
1208,0.09283534687971505,1,66.79980643099645
1209,0.06601607504393292,1,394.98927754493326
1210,0.09171484604741456,1,387.1557833149004
1211,0.05763182410662816,1,433.2052467132056
1212,0.06441387608492204,1,416.5253314551335
1213,0.036369380307483955,1,432.34620067667447
1214,0.05074597518711741,1,420.73149339488793
1215,0.044234940217545704,1,426.39559160852247
1216,0.06357950751756782,1,430.97172308334615
1217,0.07131844613433343,1,414.89074237239237
1218,0.027838489804721592,1,426.9634147256458
1219,0.03704016118574267,1,430.59755459499956
1220,0.052675258490556216,1,425.0915206356454
1221,0.06257863421475872,1,427.83639048152213
1222,0.06900822202953538,1,419.77595623340693
1223,0.05854982576281947,1,431.08987921752885
1224,0.031419913481541134,1,435.32560326927774
1225,0.03609493292007875,1,434.4840521376101
1226,0.04813731256503141,1,428.1074753562349
1227,0.050580449583184146,1,428.69304793327586
1228,0.02616325809324189,1,436.4495649318598
1229,0.02096374927394138,1,432.4039016888481
1230,0.028219043597957433,1,424.1379384320605
1231,0.03460322800354828,1,430.2332225720538
1232,0.038485097852872206,1,426.87212157906015
1233,0.031210233704992207,1,422.0964510654851
1234,0.030091635482027285,1,425.70753395465897
1235,0.019274662492017394,1,435.02237369667375
1236,0.017286745243632266,1,436.3735142979311
1237,0.023366757869098847,1,436.7224090969319
1238,0.016945804752295214,1,436.7288194724056
1239,0.015130585830277968,1,436.8296373015647
1240,0.013676577816526633,1,436.8575639287767
1241,0.016423466021036275,1,436.55303244604045
1242,0.01661167502080027,1,437.0358327468021
1243,0.03148751617446262,1,435.82478201518177
1244,0.0358704890843876,1,435.5764949029756
1245,0.03295556914344842,1,432.24530734079764
1246,0.048789537683898425,1,415.3395776194749
1247,0.046205398664788865,1,432.2630449139722
1248,0.09412174987125776,1,355.05921522528456
1249,0.06435768511475391,1,409.7523797275755
1250,0.08080577721541993,1,390.7185976766769
1251,0.07567110145067611,1,364.1253992272573
1252,0.09063786797014574,1,288.1329774119194
1253,0.0847429155518835,1,343.1280712478572
1254,0.09871076331033701,1,201.7060229281632
1255,0.07216621818020448,1,403.5914499602735
1256,0.11294242210190018,1,316.94347589295216
1257,0.09605435545348025,1,359.00225200686697
1258,0.044988500031166244,1,408.14256835011975
1259,0.057508041246107595,1,417.69124647461155
1260,0.06353698162165534,1,423.7765142073067
1261,0.056930556635199574,1,425.2012235571704
1262,0.04530594595100203,1,429.18545269604647
1263,0.06701797581659089,1,411.9437017231491
1264,0.05928487442844567,1,419.0312079468432
1265,0.06421575613566,1,388.25272553444444
1266,0.05813435250393789,1,404.83039049372724
1267,0.08371943785500537,1,334.04801998618166
1268,0.09226180808892757,1,331.62300896616944
1269,0.08580819573275722,1,328.97907407685034
1270,0.04633138051878052,1,415.1003432556617
1271,0.04323078171442573,1,432.7321415059177
1272,0.04312697324659592,1,431.8839752512296
1273,0.024021925939801736,1,434.7935771261507
1274,0.02024984934933089,1,436.98115523824356
1275,0.015294787752692615,1,436.1200893698311
1276,0.01245573460129941,1,436.30435804225107
1277,0.01346362292705972,1,436.50714096968653
1278,0.011181452684060773,1,436.3694347709663
1279,0.01045449061877137,1,436.64558175888385
1280,0.011635163029199714,1,435.93122086141017
1281,0.08407309631062153,1,363.08817850505307
1282,0.10114798036687644,1,270.11184831007756
1283,0.15753657894039402,-1,-29.837910386512192
1284,0.13669874907143859,1,29.971599218315248
1285,0.15812132055541145,-1,-101.39787924099278
1286,0.13266258341727669,1,127.55561984770333
1287,0.11210480528954567,1,223.8767685252154
1288,0.19888196109528125,-1,-319.70540974908397
1289,0.13773454127607496,-1,-28.004563731601365
1290,0.14375831355115334,-1,-37.576223489949655
1291,0.13894665756045635,1,11.581484121058452
1292,0.11981064959614889,1,123.69893731203388
1293,0.10670365256852535,1,188.73041750349498
1294,0.10373542910810915,1,233.5518449992698
1295,0.12588084042602202,1,68.7858714516654
1296,0.032477407424493,1,428.27025201961317
1297,0.012752922040696283,1,437.0329852608855
1298,0.01184966641385502,1,437.48383886867884
1299,0.019030423165224408,1,437.795129274569
1300,0.014982294512771718,1,437.7436851169587
1301,0.021004130777285416,1,437.6374947236975
1302,0.02938323518132106,1,436.3534906434703
1303,0.015791110574315075,1,436.6069814040272
1304,0.01892040409860476,1,437.46861115364544
1305,0.015727639528445976,1,437.7963894177846
1306,0.01714332833363111,1,437.639335692921
1307,0.0201127604340016,1,437.89258629070116
1308,0.020797424336679592,1,437.550149095644
1309,0.018343589002276724,1,437.8003316287912
1310,0.027177043421167408,1,436.9169377577059
1311,0.0560640994087873,1,425.1951441638149
1312,0.05208716092426657,1,431.7992026820791
1313,0.04318924904220865,1,433.1866929647748
1314,0.04282757513838432,1,424.7440576554248
1315,0.05429016806757503,1,413.12416725194305
1316,0.03553763511820661,1,436.3912382470953
1317,0.03511440236762885,1,434.7572918071809
1318,0.033134704842386314,1,424.2320742883593
1319,0.025206922117232293,1,437.60720555031054
1320,0.01754376897884625,1,437.62630051417517
1321,0.027056825633054473,1,435.1034245425302
1322,0.054446427296260334,1,353.5722058921538
1323,0.11466635540198265,1,194.67639736442257
1324,0.16145060719726964,1,119.59612843576883
1325,0.1478997662083474,1,203.7213018165772
1326,0.08765381979909923,1,359.00163924122603
1327,0.1611525138816429,1,75.56785659144316
1328,0.10311921820446175,1,333.8407710125323
1329,0.11027569395677406,1,371.3368811464529
1330,0.09542733614774444,1,361.72767594039846
1331,0.05283069237044181,1,430.6050654216754
1332,0.04463570785503023,1,433.8318899816556
1333,0.08141906954656626,1,417.13984535207777
1334,0.09686408728083393,1,404.16773215554633
1335,0.1075347715997411,1,381.0155366305346
1336,0.08251876378512023,1,411.95936728563623
1337,0.08092297801654581,1,406.77546755568335
1338,0.07179178676029145,1,418.045844511444
1339,0.06465611530081379,1,426.18802141307276
1340,0.07280440720810524,1,417.7659446982572
1341,0.05366481081860332,1,418.13139226288814
1342,0.019373804090359836,1,437.85227599409745
1343,0.01883859209924309,1,436.3288717434188
1344,0.014362229756016002,1,436.0839821546149
1345,0.013178297942316414,1,437.360882391567
1346,0.012746748278433575,1,436.5619816039742
1347,0.021935078818028093,1,436.86677461923136
1348,0.013853667315991714,1,437.66564672815105
1349,0.013469773100918283,1,436.70757994374577
1350,0.011836051078610141,1,436.10763115220976
1351,0.011869813609808332,1,435.6794445535859
1352,0.012572824963630614,1,435.25223273852924
1353,0.011749515740067948,1,435.8642083685234
1354,0.02080652879039125,1,434.3177509025754
1355,0.02024436550161172,1,437.40377585518166
1356,0.02933452422158721,1,435.181567642767
1357,0.03713564791136081,1,432.14260025082945
1358,0.028049868120804212,1,436.2035189080262
1359,0.025079811288985145,1,436.1772212411973
1360,0.02391160938492115,1,436.29689131934214
1361,0.036332841606709194,1,431.3542340004752
1362,0.033628166511587884,1,432.20019217733034
1363,0.023313526191183043,1,434.31001306809935
1364,0.026071195390092613,1,433.4474597133029
1365,0.027005906555982773,1,426.57340818602245
1366,0.02631386625653358,1,431.78564573014484
1367,0.016868841535967762,1,432.6070416941073
1368,0.016437525687301204,1,433.2239766837772
1369,0.018797735982169102,1,430.558715470092
1370,0.014200060850027965,1,437.9250553566467
1371,0.010173690659815854,1,437.6843929905887
1372,0.010479693526851136,1,437.6229622992418
1373,0.015107231835446886,1,437.4552289948894
1374,0.011734781657874107,1,437.1736149164663
1375,0.013861526146652923,1,437.5663505787608
1376,0.014701238162215928,1,437.95705453293584
1377,0.017598815308411186,1,437.98398742917
1378,0.017787106457001167,1,437.22829984512043
1379,0.014559177833808603,1,436.5089559561163
1380,0.013486257416228291,1,435.4860933838731
1381,0.013669306047612805,1,431.75951161697026
1382,0.018157661088414507,1,429.36834577888646
1383,0.01586723890697676,1,428.5346543113482
1384,0.017644103956409488,1,428.0976986242891
1385,0.014518323534969601,1,427.9062091006724
1386,0.016149645347845895,1,429.51865713119497
1387,0.015479544509880367,1,429.94730726266755
1388,0.015753600361141876,1,428.3044030978171
1389,0.018180963642767122,1,430.6170658106741
1390,0.02068461560385647,1,435.3582799891899
1391,0.03965514147288513,1,434.9300905407916
1392,0.04893665049916714,1,395.97607694660894
1393,0.04858204229637791,1,407.0942285239323
1394,0.039738480845234896,1,415.6948425339646
1395,0.06441096385742491,1,419.6117749960275
1396,0.07364612681283997,1,364.0333895137489
1397,0.11620326725729695,1,345.98182597828327
1398,0.10906004890553933,1,365.88202048746757
1399,0.08811649971410493,1,304.16796586884
1400,0.14906315318465718,1,284.7908165918767
1401,0.09447249761248022,1,369.1977106293615
1402,0.5436178677869996,-1,-1414.265275722367
1403,0.19362252396127108,1,274.36003397326374
1404,0.12133554932556555,1,359.8518023911998
1405,0.08844069231500266,1,397.1744847595514
1406,0.09612174879541589,1,403.49973915048406
1407,0.06881900424800895,1,424.2512508501925
1408,0.08635059839259289,1,421.8118062275984
1409,0.09920408300920476,1,401.8444558853908
1410,0.06695637662631966,1,411.0890311579247
1411,0.04695673176625649,1,416.8137040259123
1412,0.03617636759491766,1,437.33885668008486
1413,0.03185515695811806,1,437.75605388889693
1414,0.03286565026352127,1,438.30336867401115
1415,0.020257558604770905,1,438.26314894534505
1416,0.01783012227274243,1,438.0784182527686
1417,0.012307483468644844,1,437.49986824589826
1418,0.01422926345142755,1,434.95977996838405
1419,0.011273011369306985,1,436.00777331287253
1420,0.010474776008629607,1,437.3140928838493
1421,0.02209497360874293,1,436.0914157000598
1422,0.024886760364712355,1,436.21407643560207
1423,0.029619109727893438,1,434.55566127490755
1424,0.02787296082056408,1,437.0592593570759
1425,0.025090331947215553,1,435.4284945211814
1426,0.048723155454147245,1,418.24118329756516
1427,0.035531656102854796,1,432.3539895548803
1428,0.043834610331546196,1,431.624644473013
1429,0.053269192763500506,1,427.87075555788385
1430,0.050833347569768594,1,429.14957674770864
1431,0.04585299577504171,1,427.3137615246727
1432,0.03991112695100774,1,430.510067939159
1433,0.03772136006504472,1,432.68806197201724
1434,0.04617343078085918,1,415.15007521170503
1435,0.027559464099515367,1,432.4903028885167
1436,0.04201311172988835,1,421.06455159245
1437,0.02638755127556609,1,435.57140515435367
1438,0.03711183674102738,1,422.3238883957447
1439,0.023013907814311074,1,434.3479257517446
1440,0.017325307005505542,1,436.34150868203653
1441,0.025108908029235617,1,430.1420256072588
1442,0.026028994715477205,1,434.7193944020113
1443,0.03561093187457968,1,424.26849491490117
1444,0.05347269344085722,1,429.56505731301235
1445,0.047355571296608064,1,430.6697233993403
1446,0.04303478643270958,1,425.13788406571985
1447,0.042782687448460144,1,428.2271802651304
1448,0.041482611124847586,1,431.9809514107657
1449,0.04219351651471727,1,436.46466432912337
1450,0.037045371726366134,1,429.373584421971
1451,0.03432460207414454,1,436.4657235880286
1452,0.03952352698802635,1,428.6831541035954
1453,0.047205060387220665,1,421.78459903398266
1454,0.04853888856369084,1,419.33914693035786
1455,0.057095525660490865,1,426.8047055399488
1456,0.05357002331419188,1,426.28804561351205
1457,0.04774365244672724,1,428.10401491585606
1458,0.05225076648841007,1,418.33813286257526
1459,0.06164421250035324,1,416.59161970679594
1460,0.08784446314316467,1,383.3640869830674
1461,0.07873487888269567,1,390.6584054825965
1462,0.0840732271124457,1,420.4455863478926
1463,0.06976624913746302,1,423.5436364189575
1464,0.04840282287577747,1,433.60410391963313
1465,0.05742380403759243,1,422.22470900687836
1466,0.057826595832010094,1,379.07869508489694
1467,0.04839165948592387,1,431.0294898379029
1468,0.043409402933987914,1,432.9503305777356
1469,0.03964309093252851,1,413.24875161531554
1470,0.03397992616610983,1,422.41131519797796
1471,0.019670685022964127,1,431.4298193430685
1472,0.020143413167461047,1,433.1109149372573
1473,0.03066235848434225,1,423.13399901580954
1474,0.035912532718413034,1,420.48578805618854
1475,0.026066300304752165,1,428.3439387065693
1476,0.021122458979925707,1,436.0995460323149
1477,0.022419445126964022,1,434.0875884889878
1478,0.026057782691715596,1,433.24080235417773
1479,0.027696743018066922,1,434.6245991788748
1480,0.022801878982434305,1,436.48100788074333
1481,0.013158165979389189,1,436.8704463659714
1482,0.028788162171190033,1,427.6532262406891
1483,0.04748030296616146,1,393.3737238156635
1484,0.04751855568257083,1,397.2347997545331
1485,0.041988165843762096,1,403.44568200373783
1486,0.04372790340815748,1,410.6914761814199
1487,0.04555276199753292,1,408.98786398958407
1488,0.056980209656164814,1,404.71142232804704
1489,0.054721708265481554,1,398.15847068249514
1490,0.04214878598555992,1,416.0142564601294
1491,0.03600666403343749,1,436.5312298149974
1492,0.028063249327412904,1,437.56233395597775
1493,0.02885927674542638,1,437.39142124136504
1494,0.023664324736174823,1,436.3673421355924
1495,0.02772961292659329,1,434.767664372671
1496,0.02908737607515102,1,426.7705438923015
1497,0.03619698668007475,1,428.80823962815805
1498,0.030404332390507056,1,433.19011094490503
1499,0.027588954575750422,1,431.48684765343137
1500,0.03245165602599993,1,433.0955296639964
1501,0.037381059158933735,1,433.16805095466594
1502,0.05060429088164807,1,418.12422464858435
1503,0.09064415959797797,1,375.23003542415114
1504,0.08299825135092728,1,364.09595798811154
1505,0.05882665385655628,1,429.49860148135554
1506,0.0750734006999165,1,416.01290432604594
1507,0.0633362312731445,1,416.61159444893934
1508,0.06024785871993544,1,394.43790187809327
1509,0.05539469869482206,1,409.09530641593875
1510,0.04560526995762748,1,427.5889590237771
1511,0.03986187530714822,1,428.6472632311531
1512,0.03370799903868705,1,432.4781054729235
1513,0.027191599807336216,1,424.30040180515687
1514,0.04653519256749816,1,392.2621945084089
1515,0.055093793036396436,1,393.1412509883416
1516,0.04484112214387228,1,397.7600029911993
1517,0.040185616004837485,1,394.3550759927316
1518,0.053471804656815794,1,355.7578551191584
1519,0.05858847346344425,1,356.0637230265121
1520,0.07402195635849122,1,374.943326262234
1521,0.06539115461744548,1,366.0899462158903
1522,0.05496996583224846,1,430.3809420161338
1523,0.042164199424430455,1,427.6921797616859
1524,0.022985403225216795,1,435.6856076728407
1525,0.01900170577720233,1,435.7520984593186
1526,0.021354952606582323,1,436.7336476337066
1527,0.02011169503708009,1,437.3990806249224
1528,0.01523293710327342,1,436.7129559832701
1529,0.009074419864680591,1,436.8044156778566
1530,0.017049707611952025,1,434.74900896470945
1531,0.02030040806413231,1,434.9906789382593
1532,0.024460191709632578,1,433.6018930118033
1533,0.026188161045977678,1,434.89947969987094
1534,0.02669159327188697,1,434.3049769476394
1535,0.030944006789915154,1,430.40010334510885
1536,0.028971447546183544,1,435.2013695870309
1537,0.042444677976348606,1,434.5589492496761
1538,0.04092167474643548,1,424.82696234933894
1539,0.02497264212145068,1,434.77687408214973
1540,0.02306653638548916,1,438.1286308196267
1541,0.032252508136790106,1,431.9159862285288
1542,0.03599752557596785,1,420.4009766997678
1543,0.04165767817186748,1,415.24802137287105
1544,0.04362560154794898,1,412.8442959234067
1545,0.04423364503074584,1,427.86381686705516
1546,0.0517659040137508,1,417.07420700043906
1547,0.04567762091655651,1,429.05471955706196
1548,0.04501432441030646,1,427.8357169782376
1549,0.04598820179516701,1,429.42346917244964
1550,0.037967567894689074,1,433.7490739755789
1551,0.054383685761050696,1,419.0714768259275
1552,0.04387190305605989,1,421.1873424180473
1553,0.05517376164165718,1,412.5452024291591
1554,0.09148938678060738,1,225.296511063795
1555,0.07658175485804915,1,314.8759022412971
1556,0.09949679664970482,1,147.65559143350612
1557,0.11808156818445137,1,19.146413703251483
1558,0.08822911565083426,1,258.5270116257402
1559,0.09416059431318388,1,262.92825009102637
1560,0.05858312727308051,1,422.78220083625627
1561,0.07065021094169903,1,371.13000633297656
1562,0.07594728807686443,1,385.3534498516218
1563,0.07943828333981653,1,371.31203802889115
1564,0.0826413518354503,1,393.07113208542063
1565,0.06271265901693243,1,400.4030111996649
1566,0.06026587619889357,1,422.06910082250255
1567,0.04289511982855271,1,432.77122988299647
1568,0.033503245709336715,1,428.71533731602915
1569,0.02462495721486006,1,436.2041445243648
1570,0.028669876860703127,1,429.27935953426294
1571,0.021684558011464645,1,430.0476197833202
1572,0.023461492476245956,1,428.45811061389674
1573,0.02531695714409569,1,428.4026238917364
1574,0.024425764867063087,1,428.74793477978335
1575,0.02441471467814194,1,432.81952872638334
1576,0.026035581680892737,1,435.2640573764074
1577,0.029645274919692346,1,436.22904961766113
1578,0.017284795656946222,1,434.6849034201108
1579,0.022750824107152685,1,437.7945912625154
1580,0.021432882017222175,1,437.2103504649467
1581,0.03148215380638476,1,434.6538365515683
1582,0.03419913506765787,1,431.8493126295449
1583,0.03615838935682949,1,429.80921999877427
1584,0.03311657538762213,1,431.88599013126355
1585,0.03289825017370761,1,434.27527598641075
1586,0.02841246352674787,1,434.6448370988636
1587,0.02947197322677564,1,434.6445721779055
1588,0.03392395317314784,1,437.81395802836903
1589,0.03839994090551589,1,436.8637491274236
1590,0.02161748074368568,1,437.6212574236068
1591,0.02688588944488386,1,437.12168000339796
1592,0.029438168161080722,1,437.1331969778237
1593,0.030270183472377896,1,436.0658925802475
1594,0.024922298854042478,1,434.8262939123774
1595,0.029667257282113967,1,437.59402718286407
1596,0.05192803511046391,1,426.83057170809917
1597,0.05599173508777113,1,430.1333608679043
1598,0.04852746528281071,1,426.6166476023278
1599,0.04950060013323997,1,426.1451241196431
1600,0.06342293199884795,1,414.22274908090276
1601,0.06454200819550861,1,423.32190394351824
1602,0.08913120454515515,1,403.0549121165634
1603,0.07124688382698305,1,406.14573625803274
1604,0.053041869904616464,1,416.63255905374956
1605,0.037363811410222623,1,424.3502499581184
1606,0.059916296242193745,1,411.2794684980845
1607,0.0576579700287986,1,420.36297585595014
1608,0.04392939794833067,1,431.535780485767
1609,0.059475424115242474,1,427.4733574635898
1610,0.03515821309722189,1,431.1088051539468
1611,0.030443617309409886,1,428.7972398823834
1612,0.030145810201113486,1,429.4715760721848
1613,0.030346757119803724,1,435.22406825597767
1614,0.02241084281925065,1,436.49019451090896
1615,0.022287573595737513,1,433.6634497961025
1616,0.014185695213962235,1,437.3638664908906
1617,0.009281822545702841,1,437.31948386415974
1618,0.010930721644001681,1,437.2726293285467
1619,0.011815653097425596,1,437.6784257995445
1620,0.011930506031552707,1,437.3131513318271
1621,0.011674061149480894,1,437.74047009411214
1622,0.013480981299632733,1,437.83554112950446
1623,0.014170484389301987,1,437.51716029048225
1624,0.014512106307970602,1,437.44528833912074
1625,0.0148406848631774,1,436.5562675690059
1626,0.022227236276618902,1,436.7604987236196
1627,0.015353426309119674,1,437.08258434479524
1628,0.017212757261960646,1,437.1602044417989
1629,0.015855133105508772,1,436.54623283184355
1630,0.013648765338667056,1,436.8286358864234
1631,0.013174312073866466,1,437.2238676327821
1632,0.015090368488891063,1,436.70534271783515
1633,0.019012505618549974,1,434.79624773259195
1634,0.018971770361149182,1,434.430664760718
1635,0.016481056971873714,1,435.4817977266214
1636,0.017890297768570214,1,435.06521994710124
1637,0.02477522003767726,1,433.5142021236575
1638,0.01645359509213227,1,435.2071486575463
1639,0.015941448749368557,1,435.5135555549958
1640,0.017599716162781415,1,434.91440532252983
1641,0.014492679254571861,1,436.78881462794027
1642,0.01306084546247903,1,437.04882726375615
1643,0.014761893420366443,1,437.58075401265415
1644,0.011444378949664876,1,437.32575228044163
1645,0.011235951219776054,1,436.73442116746895
1646,0.01074732108077634,1,436.50158369845786
1647,0.012001970575840116,1,437.19726371533585
1648,0.012622852007292398,1,437.8680026307604
1649,0.013849131480029942,1,437.24495088074696
1650,0.01735626616759194,1,434.89765651321534
1651,0.028832629366914855,1,430.20434677957996
1652,0.03565644194172605,1,394.10766704287244
1653,0.04270709294720276,1,385.201693489844
1654,0.04605471138571026,1,424.6640957664759
1655,0.022467811374213182,1,431.0286611671867
1656,0.029299940520806676,1,430.1442660010479
1657,0.02159245302504969,1,428.2205730353285
1658,0.021259822732527633,1,430.4392699114463
1659,0.02184046875404968,1,436.77360416958606
1660,0.012083951837250672,1,437.00092267031243
1661,0.009454850497382752,1,437.1856560324129
1662,0.012158574974312717,1,437.078784477281
1663,0.012019327269362516,1,437.13724589788836
1664,0.012937646473925304,1,437.2844767144178
1665,0.011275031643134268,1,437.32316482562965
1666,0.015971467125330808,1,437.26670572380294
1667,0.02370541505693253,1,433.73787394974295
1668,0.02756360796214272,1,432.5373251783719
1669,0.024215770604862,1,432.3891600293286
1670,0.020506365566056166,1,434.570800256217
1671,0.024781844216710085,1,434.86808194238995
1672,0.04463886593520986,1,415.9012629701428
1673,0.03881415496444017,1,422.4708153003826
1674,0.04823571855741811,1,425.2478017369173
1675,0.04631325073532688,1,423.05237879273704
1676,0.043766422549918714,1,428.6642627616043
1677,0.041956026487731106,1,428.4744986277896
1678,0.04229821374545482,1,430.03644480892984
1679,0.035914565828402786,1,436.9029063559637
1680,0.03787991263165587,1,432.76088574032843
1681,0.014989776948212602,1,434.8964131424359
1682,0.020183112547793758,1,435.93759863491846
1683,0.020745521488344885,1,436.9882084065554
1684,0.016456194743043797,1,437.6139966826674
1685,0.019373260905349497,1,437.1419703404807
1686,0.02335177869700572,1,432.69621807335335
1687,0.029056175160749986,1,430.96827828316253
1688,0.030551929705527663,1,432.28042188335604
1689,0.03065292599227445,1,432.3139947514838
1690,0.0299717670685408,1,436.395453061122
1691,0.028443626881811106,1,434.45575144508257
1692,0.045856156947880415,1,430.28365764535005
1693,0.036337835122596814,1,434.50829930220647
1694,0.04410658065738432,1,432.6216508869813
1695,0.024957531840942654,1,438.11181069350994
1696,0.027373535639052027,1,436.2714919798131
1697,0.021145570921217088,1,437.50216600817345
1698,0.018281978979062512,1,436.81429380753724
1699,0.022552732622954496,1,436.5740991945439
1700,0.019545854134794597,1,436.3828437474129
1701,0.0323573554526612,1,434.86283769643904
1702,0.027238255890656267,1,432.6912881724115
1703,0.024528821089161455,1,433.8763563943262
1704,0.019123067694521437,1,430.25204846401283
1705,0.027391538427123188,1,433.4034087248598
1706,0.020394048587900015,1,432.26877763858386
1707,0.040382669169335535,1,431.045357915378
1708,0.04779964722294409,1,427.0485483604186
1709,0.03178727312540428,1,433.7797267291637
1710,0.022874572558440467,1,436.1682607632748
1711,0.017081733622576024,1,437.17738652649876
1712,0.020486814119609897,1,438.20868020426707
1713,0.01793430124164511,1,437.8504410120689
1714,0.030138187508014194,1,430.15263028026203
1715,0.03177830323108232,1,423.1353340998473
1716,0.029395972809818618,1,423.4697962056438
1717,0.035657006536345466,1,416.19210627149954
1718,0.036227477699376856,1,416.69295935953875
1719,0.03808904269797127,1,398.7752766510443
1720,0.041448847508225896,1,412.7846473722357
1721,0.04339400607474501,1,412.431996993459
1722,0.04117797006035129,1,416.879883671467
1723,0.03149470232838516,1,426.3713349493441
1724,0.025013852930378794,1,435.0331873410194
1725,0.023207259921488515,1,436.7526153122087
1726,0.0240370340808126,1,436.6586017610663
1727,0.020563750494828687,1,437.5930886489844
1728,0.022080257977404427,1,437.30067919719795
1729,0.021806615927013665,1,438.1842488853015
1730,0.020748983387776955,1,438.3544275218248
1731,0.01874124991313588,1,438.2757525167657
1732,0.01408154152612177,1,437.1647664591962
1733,0.014812030591266364,1,437.68020853703143
1734,0.014114496449183875,1,437.0251656852801
1735,0.015059732909151913,1,436.12684231472025
1736,0.013604373987695786,1,437.1380790605291
1737,0.014552513678723636,1,437.4013352305247
1738,0.01221847004681054,1,437.0888745806057
1739,0.012094523437382472,1,437.67274127925987
1740,0.006973823833635157,1,437.33761608020257
1741,0.007297385873425077,1,437.3101519702737
1742,0.03165983760712289,1,416.36348566783755
1743,0.030941739233007522,1,418.6163700108188
1744,0.031989851788712866,1,415.7952542173572
1745,0.03105737317308505,1,406.5423481766178
1746,0.07846856730208629,1,378.3136331404596
1747,0.08448868027161674,1,398.97637142023916
1748,0.07121285599942731,1,404.7072029931603
1749,0.0673405309482224,1,415.14979603762856
1750,0.07398488213102793,1,403.1861652453368
1751,0.06540114980634745,1,401.81941785805844
1752,0.08058652931919365,1,353.8715758635168
1753,0.09088401536602865,1,360.03842055358393
1754,0.05695119442508552,1,411.4311048490528
1755,0.059841067228557566,1,397.81590111609427
1756,0.05201738970684032,1,388.8160076238266
1757,0.08069975238776297,1,360.2239654945725
1758,0.06082881191349633,1,372.48214649746933
1759,0.05456917672118807,1,409.1180865624856
1760,0.02658664882603751,1,432.3825939356397
1761,0.03762107666719968,1,424.48927197625477
1762,0.06950107060640562,1,369.6132711717516
1763,0.07064526554358172,1,399.3059425817693
1764,0.06355881851933894,1,420.7869646076424
1765,0.05601573870137993,1,428.5828496888032
1766,0.04467763952024909,1,435.0859697354904
1767,0.06179929940542458,1,421.4712662011398
1768,0.05770270990875687,1,426.95068999601045
1769,0.11732449848049806,1,369.52852908023084
1770,0.09306645429162719,1,416.53126757670003
1771,0.09947810450344179,1,415.10734239353644
1772,0.054616513430271664,1,425.13003587951874
1773,0.06456584441790374,1,425.3724325500087
1774,0.09911129895934685,1,391.0782278941676
1775,0.0711738878347201,1,393.6000825688677
1776,0.04521382515085568,1,426.47840150585023
1777,0.0335460490607802,1,428.2224298433352
1778,0.05478404488437438,1,419.3730931606592
1779,0.07038449506722388,1,413.8565873347638
1780,0.0736858660337113,1,423.87276879425156
1781,0.09705973085182311,1,397.11061188067424
1782,0.0702378679989697,1,419.8102395261353
1783,0.03748794388999418,1,433.15797014035076
1784,0.04285930160837843,1,430.5379272986509
1785,0.09401949811408017,1,379.909994790607
1786,0.0681067159819232,1,409.0961949090291
1787,0.06940766045832965,1,409.6507396943766
1788,0.05587176587384242,1,422.5261167042354
1789,0.04485499349119627,1,429.08360881288655
1790,0.05571176853766202,1,416.22500040768546
1791,0.054454937306069165,1,421.0751779383641
1792,0.08011141273973789,1,393.14379767711876
1793,0.06153407656917804,1,381.1487536849076
1794,0.030832891561744492,1,424.95545396013785
1795,0.04798316001563046,1,407.781213025793
1796,0.041171710570840216,1,424.1922888642071
1797,0.0550694533273099,1,418.90852074298147
1798,0.04448192602951652,1,432.7184601745984
1799,0.043604282987357024,1,431.9154334967133
1800,0.04585985148031611,1,431.8590651210389
1801,0.05088413313976205,1,429.0733770850147
1802,0.05165685824226029,1,429.2797898022934
1803,0.05633683399219481,1,427.05400494726246
1804,0.045716805436456225,1,420.7078687917928
1805,0.029714095861018166,1,434.3896819168008
1806,0.025981084740294362,1,432.8516954493846
1807,0.028021382802536448,1,428.25393502371395
1808,0.02233897632148821,1,431.4772605997992
1809,0.0202636501129629,1,431.90077457477213
1810,0.01791510339592544,1,430.2942810673352
1811,0.014895675950859302,1,435.4666518549847
1812,0.04884463213297926,1,420.65512805078805
1813,0.05279502017195827,1,410.7711544002808
1814,0.06025987211265848,1,396.5125171217167
1815,0.05128818999604531,1,401.6928641259228
1816,0.04473833355488388,1,413.3607456371087
1817,0.06209585809766975,1,396.27490572636094
1818,0.08556683962933673,1,331.1551028097642
1819,0.07360587471615147,1,357.3777743231634
1820,0.0690513852946116,1,357.78588823713153
1821,0.06726840114143641,1,397.3420955355017
1822,0.04528317880222527,1,422.58256167944273
1823,0.04196640800572717,1,430.3719296623127
1824,0.031868697214632265,1,430.2061872603251
1825,0.030857099574202105,1,425.7254404287401
1826,0.019714244188206914,1,433.57723009985006
1827,0.033344741754913594,1,424.40650309869454
1828,0.03917184382627271,1,409.3493562694222
1829,0.03945183553047922,1,422.31975383401345
1830,0.04996305974490562,1,409.4972458560199
1831,0.054637339710679224,1,416.7760753464236
1832,0.06706231454091108,1,410.85047542374423
1833,0.06080179504074367,1,413.2828122386236
1834,0.07916515028934079,1,403.99502629614295
1835,0.07453056242127995,1,419.2950573388724
1836,0.06280866615328083,1,415.8949349204985
1837,0.04233374826663574,1,430.51165930530107
1838,0.02673906904789018,1,431.31145349774613
1839,0.032150261840839994,1,433.5358469715653
1840,0.027625592239681227,1,431.92343829823614
1841,0.0310960098436347,1,428.72201458126506
1842,0.029164884435446656,1,435.2298252173926
1843,0.03129496431734082,1,433.94692459392434
1844,0.02790416172148267,1,436.7122083864102
1845,0.02894789410512751,1,435.95166315757047
1846,0.03203988174006288,1,433.597851097885
1847,0.028933446519035726,1,432.544851487903
1848,0.031214426950308186,1,433.7089196692341
1849,0.026085030424760517,1,435.5579935490498
1850,0.019492657802189516,1,434.96577853116855
1851,0.02356800111660731,1,431.4747106622597
1852,0.02392444272554115,1,436.15369264202855
1853,0.018673007210359638,1,436.8020683246496
1854,0.017196958413940828,1,436.4118015936277
1855,0.018488985546531934,1,436.169840484183
1856,0.02177398875232046,1,434.69163524596223
1857,0.02502759546842525,1,433.13840942728876
1858,0.024190145379307634,1,434.7811314002544
1859,0.02756487962355868,1,432.8135339127239
1860,0.03086766179773085,1,435.1959315800229
1861,0.02749193564000361,1,433.47107390733606
1862,0.03754870833753367,1,433.2557445890725
1863,0.03477501262252209,1,434.80869788334786
1864,0.043438498077812034,1,434.7926125355098
1865,0.038088158994748884,1,427.1212156727804
1866,0.03383664245755194,1,427.81435185318185
1867,0.03129606901201518,1,429.9552463410282
1868,0.030720048772833162,1,427.47865835000584
1869,0.028613506080022773,1,427.6175696222161
1870,0.025602060527568908,1,431.12043417158145
1871,0.02255917134437015,1,437.52260840757845
1872,0.023462031930472773,1,437.083559816566
1873,0.018446357214598846,1,435.44401275936025
1874,0.01252852390275727,1,437.2473001501393
1875,0.010541113729307893,1,436.813390853976
1876,0.02127194355027893,1,436.91036867476447
1877,0.02579813748284699,1,435.78769564618557
1878,0.03696646094839936,1,432.674100449402
1879,0.021038158751335308,1,437.29038176483726
1880,0.019822924483604728,1,437.6256821986975
1881,0.01663590976430481,1,437.62587387157515
1882,0.01245636234636382,1,437.5765022542834
1883,0.03676423218430237,1,431.8887100716332
1884,0.03609927948402525,1,435.0786567098035
1885,0.041050268715011225,1,429.0824209375607
1886,0.03488596297521096,1,432.3091405566767
1887,0.028277075058982363,1,424.6493279468921
1888,0.04490401218398069,1,413.03921737857934
1889,0.04494917608351012,1,409.0156288374577
1890,0.062082543185062185,1,419.37109140902965
1891,0.05274584097949976,1,424.0431088224017
1892,0.04466008773174731,1,425.8288603899052
1893,0.024847904120661773,1,421.45089554464397
1894,0.034225562128595524,1,433.63096742273154
1895,0.03055943387217361,1,421.0902138345327
1896,0.03430974543688102,1,427.59431353864557
1897,0.016642607792925635,1,437.34010114721883
1898,0.015438828356402076,1,437.348526152908
1899,0.018676481988485556,1,436.6481775641167
1900,0.04139778377053739,1,418.31433321512606
1901,0.07974682973334739,1,350.1607845478821
1902,0.13928159854126088,1,241.77769313668392
1903,0.08314272852590418,1,314.69912089829785
1904,0.07279052918570779,1,392.45574562732435
1905,0.07180056927870003,1,397.53250553821294
1906,0.150973224467944,1,261.6147513053884
1907,0.09544437602516673,1,237.48834445513987
1908,0.10303182022458987,1,312.8269927578215
1909,0.11373181527569438,1,313.14382421561163
1910,0.09710484419157019,1,372.6998073819718
1911,0.13244729337481348,1,234.32525618039958
1912,0.15057909628984747,1,205.15813161017542
1913,0.10727832298759006,1,367.33832654574485
1914,0.163148820397469,1,300.54676926409843
1915,0.12280912906072809,1,375.3886172713735
1916,0.052254214823601944,1,417.4345424645485
1917,0.04875084662628095,1,379.2265204875536
1918,0.052759298277905965,1,416.5783175701911
1919,0.051497798766704815,1,419.4749951079824
1920,0.0592654633997798,1,422.80410523126557
1921,0.12905407412566408,1,343.51339191090256
1922,0.11554691843227763,1,363.7722995342057
1923,0.18406192250519643,1,276.29096607549775
1924,0.17355751175881018,1,273.7749239490389
1925,0.1367276789106471,1,342.8751657933238
1926,0.13304045183990154,1,345.1409593869401
1927,0.12735098123093685,1,378.8968299842867
1928,0.12022810558202958,1,393.38756044721225
1929,0.09896526142866105,1,394.1584621078725
1930,0.08679165585740137,1,405.80881372293214
1931,0.07755527327810405,1,347.87020679624743
1932,0.07608138022010195,1,372.7986731204387
1933,0.08742662876783544,1,389.74411603428666
1934,0.07704857348196804,1,372.2112556440178
1935,0.14339097743576698,1,232.95038066885732
1936,0.06327266516245157,1,403.92162155837514
1937,0.03755171164263794,1,424.4362085460259
1938,0.058161571269629266,1,403.07198629589465
1939,0.0624891468787513,1,411.6988862646685
1940,0.05721790278511617,1,425.63330266598894
1941,0.03822679122735889,1,435.5064443412527
1942,0.05940291869419928,1,406.12881088582526
1943,0.07714620771966725,1,335.8398783092567
1944,0.07590205234462966,1,334.99449848389844
1945,0.08003758092037004,1,169.03350120582763
1946,0.08002301414712013,1,154.38987083434694
1947,0.05193485741964986,1,281.9347964637029
1948,0.06144212354623278,1,223.38470485056874
1949,0.06106582320718984,1,308.22742549160034
1950,0.12534430204404873,1,206.24573975220798
1951,0.0960667365266277,1,334.82929113486375
1952,0.07283615238513115,1,388.8367644653006
1953,0.08376490001507679,1,351.81688267993263
1954,0.09570338002131935,1,241.61467952455897
1955,0.08187603103039708,1,327.2621185751785
1956,0.15434700423548997,1,55.81831776647067
1957,0.11215128751267586,1,244.30049764557268
1958,0.156684441673212,-1,-597.5811524721171
1959,0.11146687501268723,1,28.870606474443548
1960,0.17317388287020402,-1,-687.9223217335211
1961,0.13064664412218674,1,244.89370530314787
1962,0.10688899641969604,1,351.2552939354073
1963,0.13097142976228082,1,360.3357737193612
1964,0.1107180252326531,1,342.89719892366406
1965,0.08790183217794979,1,401.3694576616221
1966,0.14847763210529763,1,117.57237232710753
1967,0.11873300440868174,1,321.7915463080062
1968,0.07965555681604815,1,382.1835185845345
1969,0.07353221115527954,1,354.5252331352379
1970,0.0931004786572026,1,245.02737092541335
1971,0.12448678741985328,1,75.04992203956743
1972,0.12683757510211213,1,130.4882418142605
1973,0.17698598257591983,-1,-531.1292031563818
1974,0.08701980927103482,1,259.789957373937
1975,0.06209767909000007,1,362.9139176744924
1976,0.08126532367825023,1,358.81651902301104
1977,0.06545625111294846,1,404.0171701083442
1978,0.08149444311788516,1,357.78088276308046
1979,0.06925560089901327,1,397.2284951554544
1980,0.10667512101537605,1,342.75353905664736
1981,0.17210732554556812,1,159.5637097165603
1982,0.13171044840358273,1,154.6319551747756
1983,0.08494255598906877,1,292.36363246222174
1984,0.08199004656051931,1,346.34891235396856
1985,0.07782883784500243,1,395.2482438158064
1986,0.05939232588808465,1,414.29305564198773
1987,0.07495875626543468,1,419.1692580275423
1988,0.06677373616886875,1,399.8575660309199
1989,0.08023024909876199,1,401.3513453967935
1990,0.031716626222065024,1,434.41429642702997
1991,0.03200171181511209,1,432.3914737616056
1992,0.052401329779004135,1,402.7444080901271
1993,0.04498284862661938,1,427.4638994604544
1994,0.04872733950714995,1,419.69514310198207
1995,0.03788103000917379,1,431.90567512677416
1996,0.03278059874404562,1,429.75922146063175
1997,0.04905742906292205,1,422.81874957707913
1998,0.047746535811660586,1,418.25642585817076
1999,0.05480287314883776,1,385.4710634130893
2000,0.07955597285180953,1,252.98041800841145
2001,0.07893288062934685,1,346.60898830049666
2002,0.1166167034237107,1,326.13629985316004
2003,0.14189717773823146,1,359.91991455587623
2004,0.12035904215753641,1,265.45372502730515
2005,0.11031987520705791,1,309.5437604146865
2006,0.06287224230992813,1,419.97791225287364
2007,0.07417034890116872,1,412.87370141147244
2008,0.061980182809415106,1,418.4922098115925
2009,0.04979651771029745,1,421.563816007672
2010,0.033058371358193,1,436.00837175710876
2011,0.034447401109927174,1,435.3550881257554
2012,0.04281413713175513,1,418.60049679551054
2013,0.06901659329613193,1,389.4352468460173
2014,0.07365407105357456,1,398.3337320702023
2015,0.0642318385156119,1,411.25952759149436
2016,0.04726358516698796,1,424.12188137093517
2017,0.06723437125224525,1,430.8929573688912
2018,0.0590825143394085,1,431.2867676539191
2019,0.1007810503255466,1,348.2341488401694
2020,0.06230540548428827,1,431.7118615636341
2021,0.06540426528925954,1,427.2598714539928
2022,0.04240005001523734,1,434.1210318344098
2023,0.06468235615939731,1,424.45770451524487
2024,0.0640185415207414,1,426.22380188568934
2025,0.04629433825827944,1,431.23365746954937
2026,0.04649459176565106,1,433.2532226186527
2027,0.02380689567808475,1,437.3201328563482
2028,0.02758416109323903,1,436.3459714900199
2029,0.02437980709738911,1,434.784790668538
2030,0.027607579933302758,1,436.3650399178995
2031,0.02761963865022635,1,436.5632325057058
2032,0.02998577623115239,1,429.17668809171994
2033,0.025894886300891668,1,431.0775838740611
2034,0.06101720170644514,1,327.892800431149
2035,0.15741753982222217,-1,-2988.6135541458434
2036,0.10869706831863211,-1,-1667.6036002255235
2037,0.11984981215982218,-1,-1963.3369452111494
2038,0.1353354204241836,-1,-1130.6550800684702
2039,0.23920441562282274,-1,-2096.064355932126
2040,0.13573524908042703,1,85.95644970343369
2041,0.1489462948512206,-1,-573.5043076728412
2042,0.15097029882150892,-1,-336.9470700411241
2043,0.16934352361313296,-1,-543.9727938455568
2044,0.1542143513277998,1,133.32958943671832
2045,0.20985477726893936,-1,-92.35499251835313
2046,0.16341370028587107,-1,-143.70953573686074
2047,0.1617420903946365,-1,-555.5234705046024
2048,0.24356110466528613,-1,-585.5394164392656
2049,0.1271621460757799,1,169.04465123264538
2050,0.1007502954669588,1,389.00893252162786
2051,0.09867168001156866,1,370.25578959417066
2052,0.09759896799755527,1,380.57921168971114
2053,0.09709116604686849,1,358.7220311672843
2054,0.09955351970967088,1,302.7715065609509
2055,0.07282800047414274,1,401.8216677057275
2056,0.039087536894519444,1,429.0330327869996
2057,0.018017315026689705,1,437.4450766721138
2058,0.014571228540480345,1,438.1377187505606
2059,0.02076137987996023,1,436.0157045689468
2060,0.027936281003257173,1,435.31639670151
2061,0.0549647804861474,1,413.5368582943844
2062,0.05415979862819457,1,385.7977370447894
2063,0.07654655182234209,1,359.68393491895495
2064,0.09280361632593452,1,354.80791215130233
2065,0.09946077434757908,1,374.74014356177435
2066,0.08115243078952637,1,383.68216925629895
2067,0.09856726322657716,1,357.7159979955294
2068,0.11003816645849472,1,329.4992952583217
2069,0.09371474842844751,1,349.20829602479364
2070,0.08041848163662303,1,364.7948261208357
2071,0.05633697792527721,1,317.5196948444221
2072,0.09030833093944536,1,305.115141785293
2073,0.1009455937342396,1,389.3181030921322
2074,0.1250261639087711,1,347.0569077849799
2075,0.13116887520134785,1,328.87615121953877
2076,0.23752272566201138,-1,-54.60586137251914
2077,0.1334254073475861,1,292.3007531309405
2078,0.22815240488164973,1,84.98551488247051
2079,0.14283906171166258,1,103.66826292650859
2080,0.12410175669983069,1,219.9960316921678
2081,0.510978781531674,-1,-3988.534145693353
2082,0.1689493747342789,-1,-538.799285307977
2083,0.18042338567845692,-1,-836.4056503617405
2084,0.1627952391757906,-1,-713.1207117372428
2085,0.12946962080059624,-1,-258.8044555705052
2086,0.1279481117662788,-1,-305.1556893983577
2087,0.10830432115762843,-1,-120.36942014715544
2088,0.11971911379794295,1,144.7408756917552
2089,0.10352116783176923,1,224.9509612404903
2090,0.14486406402794522,1,245.69755569387107
2091,0.0999254894495724,1,126.89560406670324
2092,0.14164284264122748,1,210.025005074764
2093,0.11548276368649955,1,308.94208403503194
2094,0.1086032414889023,1,205.9398984278393
2095,0.13113549764481305,1,340.870132157643
2096,0.09499676989991179,1,375.64065906693986
2097,0.14791469061849546,1,355.7294125167765
2098,0.19595082233029876,1,247.496100834287
2099,0.16101554378787616,1,296.4480736687993
2100,0.14184422303523173,1,290.7519955484421
2101,0.16162575526941955,1,210.73455086976364
2102,0.15062163656309593,1,258.1017348591429
2103,0.15662600586027037,1,313.2202319516656
2104,0.22050485630058153,1,154.82692044464596
2105,0.1815853375173027,1,31.47891866985674
2106,0.11526080823616427,1,295.1283867476793
2107,0.052700436419682826,1,368.8179723726595
2108,0.0530184914344961,1,407.78913455787017
2109,0.07305619222258954,1,324.6175337171645
2110,0.10017340482173669,1,375.1804962469441
2111,0.11586822967391189,1,240.1389201689239
2112,0.0875910451545082,-1,-34.01821618567516
2113,0.08373213776320336,1,156.9635833724863
2114,0.0787389583299583,1,166.32965416227898
2115,0.09789840314325657,1,97.86370510646753
2116,0.15606000018473948,-1,-597.6996537322914
2117,0.13319359741297593,-1,-610.9593122207286
2118,0.12464954794724825,1,48.0829131578605
2119,0.14006926362464292,1,12.310452588813291
2120,0.11113473197033417,1,174.4859757774866
2121,0.13516367683149685,-1,-435.56230460257973
2122,0.11106330083952816,-1,-170.14228573447667
2123,0.10206615429101461,1,119.55754918368575
2124,0.10578820059648351,1,105.03531077217315
2125,0.08703779755814016,1,387.4900065744815
2126,0.09919218035405089,1,340.7434122641762
2127,0.11219550459605533,1,297.4800967884147
2128,0.09775075442154804,1,349.67617765224884
2129,0.07243513599586107,1,417.16096778134755
2130,0.07206418919035287,1,369.2578475625493
2131,0.06232391615580525,1,405.58422350359785
2132,0.06010221056898046,1,417.79720430189894
2133,0.08062201110809471,1,403.23814445093876
2134,0.08375943492537652,1,365.4906640607534
2135,0.08302486589688696,1,391.62580383805766
2136,0.05331865821330885,1,425.33798009931223
2137,0.07755617203397665,1,411.0716655538981
2138,0.08847651059664328,1,409.9510894986333
2139,0.10945618929293113,1,393.6740921398564
2140,0.08968235180837654,1,386.51465584736377
2141,0.1267618691367244,1,334.8894736848573
2142,0.13164264585491972,1,246.3503744907024
2143,0.14142822200821542,1,231.2304795870713
2144,0.09296598993901169,1,233.20047614010642
2145,0.10284361216077693,1,316.1060409553243
2146,0.22400710938310583,-1,-524.0367455005681
2147,0.32914546393203786,-1,-1031.854758346176
2148,0.1302440732673787,1,382.0120008239767
2149,0.15092710013686123,1,315.3139014416957
2150,0.13635488127025683,1,276.04530435463363
2151,0.1444554913960843,1,115.1521351802075
2152,0.11423055792810814,1,309.9561563604833
2153,0.1631890548354998,-1,-12.27173545927775
2154,0.3861110338795693,-1,-1694.5440898926734
2155,0.14565200741165923,1,265.02166518299975
2156,0.06890199747940863,1,353.13367111107164
2157,0.05518485232622023,1,422.9289993407372
2158,0.07339461806464764,1,381.9446634457149
2159,0.12053039161017011,1,261.9030233941494
2160,0.07400186464698269,1,390.4408179264126
2161,0.045073141266798886,1,400.75542217084467
2162,0.04826377974865464,1,425.59307453395814
2163,0.04151819199794914,1,391.84614054429335
2164,0.04264666087083962,1,424.2341120293035
2165,0.05454236247809203,1,420.5376059542238
2166,0.0680607622961917,1,397.60694818847765
2167,0.08950541593973028,1,338.4976437318709
2168,0.053355935316243816,1,420.6944217801043
2169,0.06678836885129778,1,423.5795830790906
2170,0.062466529674832454,1,429.31506211946015
2171,0.05543054648986279,1,422.24746867721706
2172,0.04158309238891178,1,426.2323265540009
2173,0.044443277219966604,1,409.77373304564554
2174,0.022824344952638465,1,437.5632868543651
2175,0.03622421826634986,1,431.8056356944406
2176,0.0343958715231175,1,429.55408980374364
2177,0.04809564078550626,1,431.5455593168832
2178,0.06343914188041698,1,404.319639940115
2179,0.07611780780111924,1,396.5811645604029
2180,0.1429677245036946,1,258.66722735804365
2181,0.15634921537406093,1,320.6696598053841
2182,0.057482137407911485,1,422.3082877483711
2183,0.04876772414846773,1,424.94791835418334
2184,0.04144233160473639,1,434.3008372932554
2185,0.0824205052298286,1,320.32816876460026
2186,0.0551646567693571,1,409.23787561899354
2187,0.0301309379756961,1,435.5874630281581
2188,0.03492715583350534,1,423.65758008414355
2189,0.025556893772587037,1,431.710456708357
2190,0.033170624134031414,1,436.7399195661185
2191,0.03819096684454095,1,434.2917797471488
2192,0.0311798776138163,1,433.32135323240567
2193,0.030777179170435338,1,429.54244774994237
2194,0.0530324293419723,1,382.4284611930575
2195,0.06235685107988802,1,402.67700613114357
2196,0.07283029626184523,1,392.32097679987146
2197,0.08409005507279173,1,332.7298883527979
2198,0.05631578765367661,1,397.157215775941
2199,0.0665689161434749,1,384.543006766629
2200,0.110607140678292,1,226.19816566562147
2201,0.08277294052176898,1,284.6776006947006
2202,0.07276388781088161,1,364.74789258299995
2203,0.05704617776934589,1,416.647996898015
2204,0.05606689681472253,1,419.4015657449665
2205,0.04991322674762226,1,423.3469429966465
2206,0.04163191327983789,1,425.62761648311346
2207,0.03980706413630236,1,415.9216520875847
2208,0.04052287392137695,1,419.8769569658806
2209,0.06323723185095183,1,378.7398176468753
2210,0.05576851019823973,1,426.0809623819443
2211,0.05435715106062402,1,422.8231989023052
2212,0.080142665495349,1,379.8053510118293
2213,0.06285129616652993,1,413.50548543501594
2214,0.08669323336664057,1,382.559687779656
2215,0.09563534992291937,1,376.4140840176654
2216,0.055394420296185555,1,429.43799724494085
2217,0.0603005729068553,1,406.1997954600813
2218,0.04921547041731393,1,395.8961209414355
2219,0.03783566769337431,1,435.06600246820244
2220,0.04539899992961468,1,414.4401757643111
2221,0.04346693726069612,1,412.13223327824835
2222,0.03782387814490206,1,388.44933713708883
2223,0.044699801007258795,1,305.27672673507334
2224,0.052938463881275155,1,310.7778002383002
2225,0.10061343983171293,1,235.7085393222904
2226,0.1166015514227452,1,134.69532814380221
2227,0.11350752891701195,1,224.86359538967218
2228,0.11638256949154506,1,221.38304720059486
2229,0.13385013323840952,1,236.20697388132982
2230,0.11820571862679508,1,177.6703774119432
2231,0.14171610332058893,1,200.3506985742452
2232,0.0800620111749374,1,421.06994694547996
2233,0.08085080873339466,1,417.9028233171112
2234,0.0683228794341343,1,413.52756713860686
2235,0.06584406670504679,1,404.55187467540577
2236,0.084239516500162,1,361.62856430587294
2237,0.1370146669438673,1,172.25151715152884
2238,0.17148121242691056,1,49.80702297068984
2239,0.18263546642525713,-1,-161.23678004391013
2240,0.17183891391250242,1,2.308683987528582
2241,0.17524765478550133,1,178.3284196278089
2242,0.15080924924414457,1,244.9777646429452
2243,0.15069236947909323,1,228.62831465573356
2244,0.14137357078798565,1,273.1408835385123
2245,0.09396371963780384,1,404.93518428625003
2246,0.06571754477068431,1,430.5609475630712
2247,0.06323566948590138,1,423.538366689696
2248,0.048846831802749416,1,424.97183596278956
2249,0.07802660332162718,1,419.83541117989387
2250,0.05214492729121138,1,420.00322128244915
2251,0.06081820386839323,1,418.1875382788171
2252,0.04985963753263474,1,416.22428947023343
2253,0.05332683104824932,1,405.3394501814739
2254,0.0610515962395627,1,410.02162890687674
2255,0.07415189091562716,1,376.8608903423209
2256,0.04864713474058204,1,425.7648106346133
2257,0.04210788963407854,1,425.1254539467559
2258,0.03440397557527254,1,428.9102192867637
2259,0.025317312894203293,1,429.950798495354
2260,0.045926705980785625,1,412.35210865479706
2261,0.10424749162076193,1,393.9809749128829
2262,0.1154137847058515,1,315.39455375276617
2263,0.11671430903066757,1,383.0625958858532
2264,0.12859507450210117,1,349.40330541952096
2265,0.12516549364926025,1,348.9675771151491
2266,0.15582345159189812,1,161.27308730677305
2267,0.18660864153036633,1,110.87894787699076
2268,0.1415714006085957,1,133.14960064213
2269,0.2306367619081504,-1,-326.83822359695637
2270,0.07880881131183488,1,371.7204116599481
2271,0.05704476983711126,1,400.0538854815131
2272,0.14610235901393712,-1,-3.5725182372648305
2273,0.12097046485169631,-1,-495.80765772729944
2274,0.08892636735435537,-1,-34.90834994028677
2275,0.056573804356066834,1,403.8513134674639
2276,0.12768698910669746,1,315.7202747621506
2277,0.1272953445462278,1,373.34260965127226
2278,0.1901327828331767,-1,-72.87085176016853
2279,0.32027063969271297,-1,-953.6647936409188
2280,0.6867033185484861,-1,-5741.490902666827
2281,0.18957407605566984,-1,-677.8990871470432
2282,0.38912153530365645,-1,-2948.176745826654
2283,0.37469999090753275,-1,-1362.9983812748176
2284,0.46002444516289465,-1,-16333.086422455477
2285,0.19993238007077505,-1,-914.8437184028146
2286,0.11713233705774687,-1,-287.3267484350714
2287,0.13825339714281742,-1,-916.402531814492
2288,0.117248743705105,-1,-554.5106437232417
2289,0.13612879788716487,1,110.63723550585468
2290,0.12949667587972155,1,374.237426736525
2291,0.15363989111886428,1,2.293708508542693
2292,0.12406616213118235,-1,-1198.163571782964
2293,0.09965203626380072,-1,-1124.4858222644405
2294,0.05452217604365798,1,414.4208669882501
2295,0.04407307946619463,1,434.99318492525634
2296,0.0439813329103554,1,427.6798840666125
2297,0.061345550245488226,1,428.11471975114637
2298,0.09942241704702504,1,351.1331321391358
2299,0.060403420065452275,1,404.51456800125175
2300,0.06518137896993854,1,388.4605844627788
2301,0.09944287036153589,1,345.8135599296034
2302,0.06997673342106056,1,380.37636793869166
2303,0.0595250344332745,1,407.7895540147974
2304,0.05515422845838581,1,420.84590618532957
2305,0.02854585820385219,1,433.0860829248809
2306,0.03923405682506882,1,430.70480088501023
2307,0.036411231873498415,1,433.91375215777873
2308,0.02615180588271872,1,433.53844745097115
2309,0.023895367990721218,1,437.25720933498917
2310,0.03824020311734049,1,427.2075325850095
2311,0.04303885376733589,1,433.28899360467165
2312,0.0575557172776376,1,426.36683185676475
2313,0.05472930389277354,1,412.52109160754884
2314,0.07103961039772545,1,415.3580739239421
2315,0.04454813903034386,1,434.11099403530585
2316,0.06906724990043321,1,429.07080103494235
2317,0.09102574990032367,1,380.51301013263685
2318,0.08458953091207726,1,374.45471682486186
2319,0.08717617689186219,1,410.50056615289265
2320,0.10939743449622663,1,399.76226796643533
2321,0.10791841431869909,1,400.0778264770656
2322,0.06731279395112508,1,422.05245586806876
2323,0.045376749798786066,1,424.1355324449314
2324,0.03850805530786196,1,433.35594264392535
2325,0.03398634238525642,1,429.6636889119376
2326,0.0383157029672494,1,429.16824133171895
2327,0.02887494612163272,1,436.129878011195
2328,0.02459172245815453,1,436.2209420933257
2329,0.028661935021913502,1,434.94978616505654
2330,0.03933226787639117,1,431.2777972626836
2331,0.03386308270365794,1,432.32387196453976
2332,0.03562949971547332,1,433.4193620542902
2333,0.02173168027380572,1,435.45321888633924
2334,0.027945255636936523,1,432.67901437857086
2335,0.030188794408369902,1,420.83174795749005
2336,0.03798757041043329,1,429.50606123787804
2337,0.04783722014129261,1,427.094422967621
2338,0.05111490618749387,1,418.95095815232725
2339,0.06087066197507993,1,350.192749650493
2340,0.04980520592574399,1,350.74951356670124
2341,0.05009689544007808,1,388.12461117885306
2342,0.04787601299287252,1,421.9744044118374
2343,0.056984149228631036,1,412.35534785842935
2344,0.05423857364601548,1,428.1593468388131
2345,0.041266505020592446,1,434.47701497446377
2346,0.0517725357283374,1,426.2336732424935
2347,0.054657226616491694,1,427.24505793814706
2348,0.06430926919907541,1,419.9372156445102
2349,0.043267259224205316,1,432.9140229955351
2350,0.03569531325434617,1,437.3162300344148
2351,0.03914061304465853,1,434.6111030166599
2352,0.04070922568686432,1,429.23182138912915
2353,0.05075775450301217,1,429.4642414275928
2354,0.0327929982228605,1,434.4136994981694
2355,0.026277190290308082,1,436.30072378234684
2356,0.02388272415492707,1,434.57735155488115
2357,0.01587314495564175,1,437.40970054344666
2358,0.031101727896694496,1,427.1727802684041
2359,0.04867224118365576,1,426.48211613960467
2360,0.05827740771137386,1,408.3857829882141
2361,0.04309198782812861,1,423.59851217477603
2362,0.06043043560322118,1,388.09254329827644
2363,0.08579873401488444,1,396.25935339549255
2364,0.0911524513319715,1,386.76812102201876
2365,0.15198114454765402,1,80.97503278587641
2366,0.15233624815582106,1,221.57013903746122
2367,0.11902331231692168,1,244.34770310215913
2368,0.1561524032954856,1,283.0390717002137
2369,0.16649961260765186,1,124.80100862797713
2370,0.154762937633095,1,188.3483902214297
2371,0.12132361111488398,1,315.37673343423296
2372,0.09515047584600701,1,398.620808143557
2373,0.09067879347654739,1,399.5758681156909
2374,0.06621659158261099,1,418.47337182774834
2375,0.05017615767928078,1,420.38419252050306
2376,0.06112300109362447,1,423.766474290626
2377,0.15471435588864615,-1,-204.84194201762148
2378,0.09138429278663958,1,263.19938697960487
2379,0.054909452841945934,1,404.90925501369856
2380,0.07258515124441647,1,408.7659127735001
2381,0.12270973266909797,1,293.56886313835264
2382,0.0602637615639149,1,414.69624314921924
2383,0.09997502533359293,1,366.6303751803689
2384,0.15101202820506418,1,209.60665300201399
2385,0.1030488060290774,1,363.68590420619773
2386,0.3237869273186801,-1,-1718.7813873395924
2387,0.15619552498503886,1,347.2911788390064
2388,0.14600949339081826,1,350.2606842021391
2389,0.2034831310632959,1,58.95805445256127
2390,0.14477269109726837,-1,-39.49662577114259
2391,0.1187188197840251,1,154.31157138878882
2392,0.1627233442084097,1,102.59137372011958
2393,0.16134163109294977,-1,-82.03958253516748
2394,0.09882940930348408,1,250.91985112678918
2395,0.09073871885931006,1,207.6707503929296
2396,0.09586618764993259,1,254.40165062700584
2397,0.09874992844861187,1,168.71149335290522
2398,0.1092543716069917,1,44.27895626969001
2399,0.057581003931010025,1,377.1004033313508
2400,0.07831261535591841,1,312.40571506271846
2401,0.019165715262299904,1,433.1204039488346
2402,0.043058233650981846,1,433.22094137821387
2403,0.06686598808553164,1,334.89963687446954
2404,0.044401230785702024,1,429.58281265695786
2405,0.05526018588609982,1,388.4958308928903
2406,0.07885797822077523,1,194.5028574402299
2407,0.06310774059339222,1,383.85482947717185
2408,0.06104695140182105,1,424.39711606357116
2409,0.04770928822748569,1,432.7346182336115
2410,0.05735463378987478,1,432.14215265896127
2411,0.04215783943808736,1,435.3174749963205
2412,0.04392650400024888,1,435.81849511381023
2413,0.044166939008745465,1,432.41416840503695
2414,0.0390300490464312,1,435.8391143481451
2415,0.03882568612126055,1,429.5108936336917
2416,0.07271437661195905,1,367.78282398829083
2417,0.10824903826797004,1,313.98093122982215
2418,0.14580692950897142,1,258.7697598264179
2419,0.11879553092690788,1,205.2581436493359
2420,0.1240967470283955,1,181.82112002625837
2421,0.14980359319824194,1,21.69465316028709
2422,0.1351394766972055,-1,-8.199305579115162
2423,0.11818120536017589,1,241.93836840495246
2424,0.06591289070636604,1,412.7031599701389
2425,0.026268398557116712,1,435.9948191171453
2426,0.025774500364136192,1,434.17670802527414
2427,0.015793346879347598,1,436.99681571694254
2428,0.012265796809249727,1,437.1836262860048
2429,0.02124561662186955,1,437.859148007189
2430,0.012022765801718892,1,437.5172038312597
2431,0.0157399259741774,1,437.52158811184404
2432,0.011226475784824578,1,437.78686101867413
2433,0.020429434588821575,1,436.72566570667937
2434,0.011070082948836492,1,437.52221405442333
2435,0.016299604092588117,1,437.7395893520126
2436,0.011748921702055512,1,437.7634618228302
2437,0.010637600020603358,1,437.4151238003903
2438,0.028599404260573235,1,435.523863472839
2439,0.025988237601518423,1,435.8927663847804
2440,0.03139219812352231,1,433.5480206233845
2441,0.021597375312578427,1,434.84520214206685
2442,0.031220103948887912,1,428.7503980968761
2443,0.04230857989346461,1,424.78025327751243
2444,0.04999704984422702,1,432.792247086023
2445,0.056779882624718336,1,402.30188999822474
2446,0.06422406662916963,1,403.35515725790214
2447,0.0595905654484097,1,426.18448222053536
2448,0.07107813137401532,1,414.42878837496056
2449,0.08072152933674862,1,363.13782310463716
2450,0.09380735838698016,1,356.034212438183
2451,0.08818956563862988,1,378.51166348455735
2452,0.06670808706263552,1,391.21592689737946
2453,0.07183733568252644,1,410.0701390636748
2454,0.0747477453188985,1,420.6847195788596
2455,0.06650457783417506,1,416.6235342037406
2456,0.053475477864008705,1,432.3214424954682
2457,0.040646925610100096,1,431.3956643186038
2458,0.03211801317973286,1,435.5881448641498
2459,0.04183622269543401,1,428.84308438586436
2460,0.04049034884304526,1,430.31388612926435
2461,0.04629537929938406,1,431.1847366438464
2462,0.046965089547298944,1,433.8118262304029
2463,0.04725038263403997,1,433.79894910756906
2464,0.09969395276944752,1,378.6382038352044
2465,0.133606195988567,1,273.6387572881656
2466,0.14934828970093306,1,225.256319215795
2467,0.15184014782588232,1,111.68741138485973
2468,0.1474129093566267,1,232.37987189008962
2469,0.1512876328751382,1,230.34903860758845
2470,0.13145406221393077,1,292.52385157522144
2471,0.17981260113646463,1,3.0049581672830072
2472,0.14021042044329424,1,316.79528853860717
2473,0.08902064426663073,1,370.0520126215328
2474,0.05843112233216653,1,410.94761571913534
2475,0.06238641414814276,1,386.15286245616414
2476,0.06989238382744255,1,412.5630288179194
2477,0.0753949482675541,1,410.63743802676714
2478,0.1142540704783356,1,354.35009621562375
2479,0.10761740418721528,1,333.3674827368255
2480,0.08553281304892879,1,377.61416377940634
2481,0.09999482310179676,1,198.2251753541605
2482,0.060005313448820534,1,318.7306865301477
2483,0.07082546726042524,1,373.48584452954367
2484,0.0831704451968476,1,344.54121736392847
2485,0.029742476534406242,1,434.9430621132141
2486,0.23401749380836678,-1,-9487.703062280592
2487,0.22384119360212704,-1,-1816.996642249134
2488,0.18464268420894686,-1,-2407.616738390725
2489,0.18380985987540924,-1,-2629.2641613757705
2490,0.14754007763940344,-1,-1457.5331119825516
2491,0.19275679284462863,-1,-4970.2620335172
2492,0.7166559639015689,-1,-9127.276938684883
2493,0.496612948305982,-1,-30386.997531480447
2494,0.4388141750171101,-1,-29132.278043534385
2495,0.16956684397326488,-1,-8325.42181849561
2496,0.24269655296604556,-1,-5387.709106053126
2497,0.20917737174438275,-1,-3836.119993848466
2498,0.18788064347090097,-1,-2841.347371911973
2499,0.1844101570700646,-1,-4961.6307434857545
2500,0.06690246454985874,1,409.847920894305
2501,0.06666836343958732,1,416.5798366565166
2502,0.04426178582674521,1,429.85773203021716
2503,0.0499876370982665,1,423.21421565197807
2504,0.06467901748130571,1,407.2273030553011
2505,0.03973151114332912,1,429.7288164793713
2506,0.04302776833789144,1,435.8195550493333
2507,0.03988570553888878,1,436.0472138127324
2508,0.03769343590852892,1,434.72310687254384
2509,0.04587800321175446,1,431.3620149738438
2510,0.0265245952350008,1,432.4208907830178
2511,0.045771794401417085,1,425.9915349584239
2512,0.042616323964168874,1,430.5277261965333
2513,0.035962639119650495,1,434.2003432238253
2514,0.03688465635212494,1,426.4395843950548
2515,0.04681791785253048,1,419.8821006044432
2516,0.05494264602422622,1,428.22124864878396
2517,0.02869170110039875,1,433.25023223218693
2518,0.0337876726950219,1,426.771021996491
2519,0.03262803350214503,1,426.0512046438767
2520,0.04007253231036332,1,428.00136806371006
2521,0.02362117093314352,1,433.7863689334366
2522,0.02931366057001559,1,436.242399533579
2523,0.03524193542164263,1,436.2346514953392
2524,0.03791416839558054,1,435.46472934971484
2525,0.030866014353195907,1,434.1999931815653
2526,0.03480742545396869,1,434.6661814449076
2527,0.040142461363064506,1,435.2361832549395
2528,0.060559848573163426,1,424.72392811420866
2529,0.04821621477355657,1,419.77908585032066
2530,0.08354198491124233,1,353.9997519364331
2531,0.09154777706921026,1,375.65796689561984
2532,0.12578866167185712,1,318.04246583274374
2533,0.12710400453823834,1,315.6493510854434
2534,0.08968864643220219,1,353.61041223930437
2535,0.07052386431204452,1,403.9704085391245
2536,0.06809790901934609,1,404.1504909898265
2537,0.060933249285624054,1,377.86908412221635
2538,0.05032789941187603,1,374.16336889135596
2539,0.07437992623892077,1,343.9599062183835
2540,0.09118044680703774,1,408.70621882738936
2541,0.10763190768086654,1,378.3631200633178
2542,0.06461335922863383,1,407.81709809999006
2543,0.04897491311662727,1,423.8689085863597
2544,0.05224079784460247,1,435.8911194999554
2545,0.05560705848559322,1,427.9382669011837
2546,0.04665582029803791,1,428.8449832955878
2547,0.07787611187795576,1,420.9413641796607
2548,0.04129737935852978,1,433.94703186773216
2549,0.046976799335990395,1,430.45322645483486
2550,0.04379231833160208,1,431.1076934741002
2551,0.03906849557242435,1,432.15624641423784
2552,0.03134245071487697,1,437.1021955857604
2553,0.025311446342527917,1,435.44391829779056
2554,0.018088801837005276,1,437.88813152645713
2555,0.031791861024463845,1,436.5478581128899
2556,0.05272963375811284,1,417.41579612017676
2557,0.03300600197335814,1,409.07075881190684
2558,0.031243704683770555,1,401.50446200906697
2559,0.04124510189541275,1,421.6431074309256
2560,0.0393886483973766,1,423.77655657029817
2561,0.04988364884603991,1,423.04790310467257
2562,0.050908658089127555,1,409.19841169609344
2563,0.037834897580509785,1,408.4109844383769
2564,0.054689849738633965,1,407.3334951847058
2565,0.045381015213827154,1,428.4104012180187
2566,0.03946074425737669,1,431.6648759200445
2567,0.039112562557437766,1,430.946582814302
2568,0.04171783797030532,1,399.40611626072894
2569,0.03403299885041065,1,428.34102897048405
2570,0.030184323976642835,1,431.5249074748414
2571,0.03264884002926026,1,432.73195703608735
2572,0.03816638053910782,1,433.7046406782144
2573,0.04646885808972218,1,430.86833227990655
2574,0.05228731821625069,1,424.3164534650294
2575,0.07670542918249072,1,416.8627033515295
2576,0.09099308863137597,1,340.46590780655475
2577,0.11415162554484408,1,314.3653746487296
2578,0.12179565877428875,1,336.54137844496387
2579,0.1097836319833613,1,389.17400440136345
2580,0.10878591921747306,1,235.46693076259433
2581,0.10740831561568111,1,361.7590225471425
2582,0.1366038038003317,1,253.84817425480466
2583,0.23448741816817778,-1,-25.142139742292613
2584,0.13205217636571953,1,311.56315085054433
2585,0.136924706048442,1,369.2764205798156
2586,0.08609992510594212,1,424.0945767371613
2587,0.09013251324673652,1,390.38234474083316
2588,0.02562458399733225,1,435.11180447427733
2589,0.02073838364633638,1,435.0239038906001
2590,0.044352267150581694,1,428.4485533077327
2591,0.047289567553790664,1,410.64350749610173
2592,0.04789554501580305,1,430.5742865008688
2593,0.04894733478429335,1,428.00493782208315
2594,0.05902347737482412,1,427.4421770235519
2595,0.07278880047935041,1,412.50593314672705
2596,0.04920585273338784,1,424.30456745429655
2597,0.038929806359515616,1,423.976201473892
2598,0.050308259295937394,1,425.5938775096773
2599,0.05980197715239786,1,416.5090280735138
2600,0.10677822341571344,1,200.46937165292695
2601,0.1107797887705855,1,245.3584261460648
2602,0.20955481023805242,-1,-1344.0717894142851
2603,0.19333571683579207,-1,-365.90924228169047
2604,0.11139461798028424,1,319.33754173421926
2605,0.09768601573847398,1,375.00394274043595
2606,0.12637484603713242,1,351.23093452063046
2607,0.13608063248829805,1,289.2747097340087
2608,0.15764201135469283,1,238.4477981377529
2609,0.1471363941021877,1,299.9902093654009
2610,0.05906964377234738,1,430.7890507115973
2611,0.0412424012019893,1,426.15341346067623
2612,0.041822951766390566,1,423.4211296196112
2613,0.044382995231705635,1,425.9062280501854
2614,0.051713718284837625,1,427.13262906981043
2615,0.047258185207734074,1,427.5214302059536
2616,0.05382878264477209,1,427.1320208100827
2617,0.03263143757274927,1,436.62277097087707
2618,0.023085411027303965,1,436.3007251959309
2619,0.025872001962586107,1,435.54624003029363
2620,0.022197134312938117,1,436.35482717107885
2621,0.030237980341495965,1,433.1703368360327
2622,0.03246951749787877,1,435.1111307581155
2623,0.031399068513782755,1,435.75867556915165
2624,0.020784199707375328,1,437.12490351177
2625,0.03476904317308999,1,438.01084955212565
2626,0.017800671396613718,1,437.6655494553875
2627,0.02542001574788441,1,437.9694562657024
2628,0.03891536691854188,1,426.7333565165119
2629,0.031689332862858265,1,430.05404884711567
2630,0.04221946819664844,1,435.3439295121831
2631,0.03194232456691835,1,438.23158401758934
2632,0.04770272239328616,1,430.3225694697092
2633,0.038786112233026804,1,425.88454471048294
2634,0.0569162374658863,1,422.6919308341903
2635,0.041389906988399616,1,420.2595676617783
2636,0.03356917324395212,1,432.27778325126394
2637,0.029870392442889106,1,436.61994931900193
2638,0.015254410226811661,1,438.22341464400296
2639,0.020091389592383983,1,437.63765533134296
2640,0.02023204686512216,1,437.37606108057554
2641,0.014623730757303105,1,437.72901032318896
2642,0.016714483648461925,1,436.15656165758065
2643,0.017805055703789922,1,437.60338314799793
2644,0.024652486749409785,1,435.2626279618852
2645,0.0197870041726663,1,437.2184244022125
2646,0.02123143370290617,1,435.7489096356758
2647,0.02079189817885607,1,436.108932551917
2648,0.024084049701054704,1,435.98110454293254
2649,0.024570495406350933,1,436.3093501769177
2650,0.03033496593232121,1,435.00229574102974
2651,0.034162537306329246,1,432.4492861516018
2652,0.04757984048063505,1,420.3835926468934
2653,0.03800511765079684,1,426.992406591347
2654,0.07195644860913053,1,397.00355981332683
2655,0.03722549416810378,1,427.9088066611454
2656,0.03155894942979649,1,431.28195758284954
2657,0.03413197129991224,1,433.63660012139223
2658,0.02738284678650956,1,432.51336353090244
2659,0.02520298888647929,1,438.20300285170816
2660,0.020431831787929046,1,437.8746401854509
2661,0.013678921293847155,1,437.72797848463426
2662,0.011888860826877592,1,437.7092834158752
2663,0.02150164775615437,1,437.80888949080423
2664,0.027367388431720232,1,436.63724356240783
2665,0.02366298005784782,1,436.801923455891
2666,0.023015826399867576,1,436.14400885718476
2667,0.032222298574785826,1,433.4992126787021
2668,0.02283987289997453,1,436.02722272843687
2669,0.040156617021107795,1,428.8198683060204
2670,0.03336272427354337,1,435.37936778044866
2671,0.0450898398160588,1,427.17695541074613
2672,0.049695621906948796,1,423.0902165664315
2673,0.04539675980507508,1,433.02987839913806
2674,0.02276063297440751,1,438.32350111884944
2675,0.021880318642921493,1,437.9043152990498
2676,0.020957353038598504,1,437.07451325580075
2677,0.02560902878731116,1,437.2836209733201
2678,0.0228368344623253,1,437.3804435184059
2679,0.02134187845701236,1,437.7036345513406
2680,0.01924848811003366,1,437.7935267108294
2681,0.022512653807444754,1,437.39617676418527
2682,0.01542985373294751,1,436.21105248063185
2683,0.02065280953813601,1,435.27769292184917
2684,0.035122542047796954,1,429.5266912350767
2685,0.03090392943237028,1,426.12355595974213
2686,0.024679791645973916,1,432.0224135532516
2687,0.027654401596693415,1,432.9356295810284
2688,0.04054426133558876,1,428.759764798329
2689,0.04822247799245949,1,430.202983396459
2690,0.042817865950315344,1,428.93435396850236
2691,0.03695747187446374,1,427.9081268440035
2692,0.03644370487488974,1,431.1045567771832
2693,0.03620068959586163,1,432.74390327984014
2694,0.04035250615505204,1,428.05021431639665
2695,0.03542454844545428,1,434.0392332388766
2696,0.04185718954567393,1,434.62991327547365
2697,0.04231505766411498,1,434.5577710752193
2698,0.03552328983503471,1,434.3813876162849
2699,0.03124749091790582,1,435.62023179611975
2700,0.05587385001569668,1,430.8385891438939
2701,0.07587695236753801,1,405.1569790215343
2702,0.061518413998124584,1,427.4027902095754
2703,0.06023487800992299,1,427.32219255052445
2704,0.046878482336507266,1,433.08624459644193
2705,0.057595100479959714,1,424.59868572319795
2706,0.06458044461772029,1,427.33046106469845
2707,0.07910120717758737,1,422.58029144563625
2708,0.05321557073457174,1,429.830748895244
2709,0.04322706998190274,1,432.0328382091296
2710,0.03274545648688376,1,423.94293179351524
2711,0.030310888337297788,1,426.6279496098216
2712,0.02745055516830084,1,429.22489638396877
2713,0.028287448292741785,1,418.56377147590246
2714,0.01991608870940682,1,437.0997925544124
2715,0.02085807567793458,1,434.56748207942087
2716,0.017013584612963536,1,434.70292257980594
2717,0.018986207665063596,1,434.7504254215901
2718,0.022265765590493623,1,438.03342272715406
2719,0.02600958457934624,1,437.0324753260217
2720,0.034478165317477695,1,435.84192221194394
2721,0.03375836510743714,1,434.3829574398488
2722,0.05853910852756744,1,418.43207109920996
2723,0.04313149196892306,1,433.1369780985454
2724,0.07133058404106475,1,408.73494824981447
2725,0.04676904299258977,1,423.7307659535464
2726,0.044535390547633134,1,431.24302834471257
2727,0.03608518523427506,1,432.0045676707336
2728,0.0351823438004967,1,413.75568046860633
2729,0.04607042018898914,1,420.03644072264444
2730,0.04981551304021933,1,424.91609870000076
2731,0.04126842299092281,1,433.89990274135914
2732,0.036897176527527734,1,432.38773757729217
2733,0.03160778007420966,1,435.20967549065097
2734,0.033978369297011236,1,425.38026394825846
2735,0.035240390821870825,1,432.96337852863405
2736,0.04889937508761163,1,435.4597194349501
2737,0.04816776823225829,1,434.04599943066614
2738,0.03931418576801208,1,435.71282701981664
2739,0.026597003267923414,1,434.46611179823947
2740,0.03490668364609166,1,435.99880826200615
2741,0.024309863511892606,1,437.76588340827027
2742,0.034862246419889116,1,435.7813198810966
2743,0.07441903879103381,1,412.834364266521
2744,0.06623047204790657,1,420.0527613700081
2745,0.10149147975487136,1,303.43553776478785
2746,0.12011290748404092,-1,-45.651869372954536
2747,0.11444069051043539,1,169.36346156255888
2748,0.06900365026646839,1,381.6727067025269
2749,0.09918697496290395,1,89.22183639572256
2750,0.059305731954221806,1,383.7390660479154
2751,0.05656734043528736,1,392.25802240226693
2752,0.08165195077137564,1,347.81892460831625
2753,0.03554639356160658,1,436.16046053776785
2754,0.03996854130483273,1,432.3635471185561
2755,0.026207274049409722,1,434.83718529228577
2756,0.021809603672880786,1,436.4609525258129
2757,0.024244325234418645,1,435.7803585073766
2758,0.02863605681135633,1,433.2246424480699
2759,0.03131060951192883,1,432.37130609342415
2760,0.04034351156046249,1,425.0808796772026
2761,0.03591544598534496,1,430.3078295475764
2762,0.08327583029609345,1,390.36224981546735
2763,0.06760519300519291,1,351.73051124009754
2764,0.06482518276346319,1,418.3005817556342
2765,0.10597849646096734,1,379.46738999230934
2766,0.15659031696926212,1,223.04613458238126
2767,0.1436174124288196,1,234.14444564776204
2768,0.14198743796170338,1,302.4052538467421
2769,0.1586325173952289,1,311.86537610482753
2770,0.17446940112464432,1,114.20455159533878
2771,0.17704485537769024,-1,-152.1247352680124
2772,0.1638921179141706,-1,-52.08923459219608
2773,0.17583985088362716,-1,-133.7252871810291
2774,0.191110188150315,1,32.41228714867481
2775,0.15195485917894974,1,173.02218373299485
2776,0.1518693500177676,1,88.4422518288024
2777,0.12394582959399246,1,25.965337068967187
2778,0.11598984906509423,1,235.98929432270452
2779,0.09988896914139977,1,393.74183351127544
2780,0.09615815954554455,1,189.62513640358964
2781,0.08685503677716629,1,211.170081356624
2782,0.07951454569978098,1,300.40897398394634
2783,0.040966830122838215,1,414.96301230936484
2784,0.037337328113633154,1,420.34648268192547
2785,0.021616175514759774,1,432.38135411320224
2786,0.020564498220026296,1,434.54813761568874
2787,0.01671362522462501,1,437.1116768457042
2788,0.018292330115289013,1,436.0489036287473
2789,0.025180971146375426,1,437.45988627021256
2790,0.0319670791248828,1,436.6024561964788
2791,0.04188439642561772,1,431.2109676218837
2792,0.03992046647972106,1,427.79256120399356
2793,0.036919906694774,1,424.8641909600584
2794,0.030260722196853683,1,427.11506036958036
2795,0.02027107041537724,1,437.7301677559289
2796,0.02326091773280028,1,438.17335908777613
2797,0.019490783373742666,1,436.581947404086
2798,0.02786012555589602,1,436.2629106608835
2799,0.02556828410176549,1,426.38455307931395
2800,0.03361094638496273,1,425.41744159293853
2801,0.01946796616017252,1,436.8465887527633
2802,0.021368336420747886,1,435.51547728412356
2803,0.03337900841904988,1,435.97599779178967
2804,0.05728269052746209,1,424.9384661105814
2805,0.04751642876524538,1,434.1068129810374
2806,0.04284519951877019,1,419.124389705079
2807,0.03775225673409223,1,423.92315361618284
2808,0.028412455270279937,1,435.132583227359
2809,0.04202111889978345,1,429.75917522270197
2810,0.04465594880940121,1,418.6847777465266
2811,0.053456776348782695,1,417.5923302590385
2812,0.05310920234137338,1,403.639971215812
2813,0.059892056485299425,1,415.19139532156174
2814,0.0575821229865562,1,425.5692351299059
2815,0.07358477633656998,1,417.7880422247183
2816,0.07167136734448232,1,421.35669427130756
2817,0.03273539662298171,1,434.80849509698953
2818,0.031459929693447,1,437.484526681797
2819,0.030278356418108162,1,432.7056008828775
2820,0.02496712835989717,1,434.42334002573784
2821,0.026547816618582434,1,437.5911740696392
2822,0.07486181724087927,1,367.88300131471277
2823,0.06478679693291697,1,382.33637937856776
2824,0.05410754547779773,1,381.33545793401765
2825,0.047424048069870266,1,401.9796684957164
2826,0.054308380911562475,1,399.0107969973951
2827,0.10380725479583584,1,380.4054577285825
2828,0.08099352398328677,1,402.3276815364012
2829,0.070700124446434,1,396.2336685659312
2830,0.050119611688872905,1,400.6750501534719
2831,0.04831474474611312,1,426.7821940408225
2832,0.056754782807033756,1,421.73384519852385
2833,0.04198338819820967,1,427.8709147298878
2834,0.05520300327848486,1,393.55513266398697
2835,0.11475755651097144,1,270.1028604716534
2836,0.050557513851056265,1,415.64625649933964
2837,0.07640325788028461,1,374.58401388642955
2838,0.11601180137689927,1,385.0711707037152
2839,0.059895175144619305,1,423.81684454271743
2840,0.05762132091931065,1,417.7833555898514
2841,0.04903068538061361,1,428.8566521186484
2842,0.0668314426865324,1,428.65553219797766
2843,0.05647530584920389,1,433.8050653176184
2844,0.04337810049939934,1,432.2254201113791
2845,0.01852060104782623,1,436.61269488257176
2846,0.030840419107783144,1,436.03017026909384
2847,0.02701272766478716,1,423.4287907517817
2848,0.02581001875986579,1,434.01469440535527
2849,0.022343997500985875,1,436.8184977746334
2850,0.06533956245414742,1,402.7878353942019
2851,0.06039092363296712,1,387.84960652593855
2852,0.060045853041060894,1,361.86828523567357
2853,0.07984093794799725,1,375.23607531356635
2854,0.08981272863409973,1,368.66637674716236
2855,0.11443421509411596,1,304.2693320501039
2856,0.044762298238817104,1,430.2697416019001
2857,0.053955616611412245,1,421.95412257985834
2858,0.060391686790155864,1,431.05741298225325
2859,0.03842582212215636,1,428.6375481931346
2860,0.06196180386074669,1,420.5368693031613
2861,0.07942820213736737,1,409.5936692055402
2862,0.10869701904040825,1,168.3585927617288
2863,0.2668705362799887,-1,-1230.1488744261267
2864,0.10719680372923111,1,355.6671540281344
2865,0.11765013520612967,1,201.5809943275762
2866,0.11139600999650212,1,346.18944439063256
2867,0.08071358642077442,1,374.8065523097591
2868,0.12237048944972383,1,159.68312491503076
2869,0.07933040016460431,1,389.18016416089483
2870,0.0588186977728293,1,428.7353318480345
2871,0.06777600610439584,1,412.9311754064197
2872,0.043460029059843044,1,433.6799132024901
2873,0.023563475074813746,1,436.4971589715803
2874,0.011675321747470309,1,436.0082586491116
2875,0.01585249411052566,1,436.9639594740086
2876,0.014706321728342627,1,437.63362491011213
2877,0.016994537946609427,1,437.7845503845256
2878,0.015144806942090512,1,436.2535848103391
2879,0.00928316554907865,1,437.06219643355087
2880,0.0179418907796032,1,438.0478333197294
2881,0.034991388516681717,1,430.6654103375923
2882,0.024677475029619655,1,435.8049282264109
2883,0.03378021153475462,1,432.8104392928349
2884,0.03827500279275646,1,431.54718727968407
2885,0.04155150540234192,1,429.7332531938605
2886,0.0463085302305905,1,423.5384643324211
2887,0.043663260015237064,1,431.52332710938254
2888,0.043038873298117473,1,427.4624988855458
2889,0.06725520923973231,1,418.6061908936612
2890,0.038834893354181006,1,436.3588380475929
2891,0.08521234756852203,1,385.39180049354087
2892,0.0630619922539438,1,367.395322208283
2893,0.09250480074722442,1,317.26562494796474
2894,0.09060995987870846,1,251.87218286232456
2895,0.10469559238070081,1,212.39435560746082
2896,0.08334405762534033,1,353.0412396742454
2897,0.08576865935364789,1,295.186316572932
2898,0.10584523497628218,1,332.8940707255486
2899,0.12272226791382286,1,284.324447769765
2900,0.08963387017091791,1,383.8427264771807
2901,0.08860378787503387,1,384.18250575623773
2902,0.1040952680965371,1,337.38382754057693
2903,0.09270713599244576,1,352.44623576911334
2904,0.0883212703428551,1,385.5455226937704
2905,0.08509948311573036,1,393.8706262367498
2906,0.05419741246493019,1,413.4767619903805
2907,0.07680527682825199,1,376.36856089458945
2908,0.06424912212285741,1,368.91467377091067
2909,0.108366952078111,1,278.1552190727697
2910,0.08835402481188238,1,322.76875898183175
2911,0.09346068348684891,1,364.3499603328801
2912,0.09759375770097665,1,301.44483947512015
2913,0.10057662566434586,1,368.9325363229197
2914,0.10369673524669717,1,400.26605811192326
2915,0.12282289644533316,1,307.8717013944102
2916,0.09011554533839523,1,382.1687951924324
2917,0.09386190435857956,1,405.55195084313704
2918,0.05490314713159446,1,425.43948223712954
2919,0.03051624743145074,1,436.38141238877506
2920,0.02377268677900209,1,438.1226770148678
2921,0.02157876264103124,1,438.1741187627207
2922,0.02853771404761235,1,430.6432237769447
2923,0.02197604467648821,1,434.7566097967066
2924,0.02417768823338685,1,432.8320133198955
2925,0.020522797041229605,1,429.76780411649406
2926,0.023936387255046293,1,429.3859116117135
2927,0.023997639665605724,1,432.2064220543127
2928,0.0342100184811396,1,433.88414100801225
2929,0.023539612477722436,1,432.33074318598017
2930,0.035206750413720816,1,416.2300534278946
2931,0.02217389715730055,1,437.4388073247151
2932,0.022808521043743302,1,437.77397912734807
2933,0.027538173582415282,1,431.0050482729628
2934,0.018113564886236725,1,437.06154434969545
2935,0.01769596838671798,1,437.2413149445457
2936,0.015123500641573414,1,438.0340110763975
2937,0.014439226190244582,1,437.9865124637169
2938,0.015370470999053755,1,437.7977785056159
2939,0.01440825885242379,1,437.98040408101366
2940,0.029838733818164855,1,435.93986071559783
2941,0.028001172220277808,1,436.12433032091093
2942,0.023175883874469432,1,436.77822710869924
2943,0.012539558849594498,1,437.99167188673033
2944,0.0170920132852895,1,437.87038370199036
2945,0.017261916583620918,1,437.3566596887883
2946,0.015304233497127543,1,437.000554599
2947,0.021799542176580543,1,437.9337588021494
2948,0.01601738053066532,1,436.87167667536664
2949,0.014512596757468948,1,437.6307233727803
2950,0.014496690242722394,1,437.56625721173737
2951,0.015626038284933204,1,435.7709987419558
2952,0.0149305786596693,1,436.97836903806825
2953,0.014473324441777818,1,437.38093397177295
2954,0.02225158371121333,1,437.68047180506545
2955,0.025399584857375593,1,437.9994421017373
2956,0.020018876060170793,1,437.2985817047931
2957,0.019855390643610932,1,437.99263110147405
2958,0.014800303460736219,1,436.8267368435864
2959,0.018952297508156638,1,436.9159667791037
2960,0.02622693550204274,1,435.3651472176424
2961,0.03853730776766332,1,435.7290173429584
2962,0.02897101837065789,1,434.57157852561784
2963,0.027212628772777366,1,437.31830002538766
2964,0.026532459078568188,1,436.2377421657273
2965,0.024451941775201855,1,435.47159684670106
2966,0.015864284175789705,1,437.0530993980753
2967,0.011258512894660485,1,437.64132394299156
2968,0.012072410637976174,1,437.1927674712527
2969,0.013166991410223457,1,436.12603557024573
2970,0.011997223898707615,1,437.39727822371873
2971,0.011869338854074181,1,436.6386020080319
2972,0.01155860765490213,1,437.0082955267056
2973,0.015389327875820324,1,436.5018156377936
2974,0.02272116588913132,1,436.06539450811164
2975,0.036105104517117625,1,435.8171086899515
2976,0.03681077106658755,1,432.7355266425507
2977,0.04230645468261019,1,431.6591871254428
2978,0.034178132197467063,1,434.068794446364
2979,0.05026933879600287,1,430.9024629076273
2980,0.06706617183410862,1,426.2916384326729
2981,0.05151237603440528,1,431.6691163045945
2982,0.05219515480604546,1,433.5069918934666
2983,0.045810915646340856,1,433.81845746071514
2984,0.03778417821151907,1,432.95889039327784
2985,0.041145010021902906,1,424.97367023608183
2986,0.03896271369717246,1,404.9438386373504
2987,0.041588659851976365,1,429.09880743051383
2988,0.03884055617169706,1,416.2812339167883
2989,0.018355055937845453,1,434.0350533583436
2990,0.031034488163426882,1,433.5410149119621
2991,0.034343939794465386,1,431.02488707272124
2992,0.043644604624589745,1,430.1585284671706
2993,0.03332656084664677,1,434.32764870479764
2994,0.03156453541134762,1,433.9717561402213
2995,0.011264362092103561,1,437.7179800449617
2996,0.015040832228762301,1,437.1096604077715
2997,0.0164872308549923,1,438.2174208707093
2998,0.015424712538747064,1,437.22907158944093
2999,0.015610652836227897,1,437.67483297230837
3000,0.02283799184470183,1,437.7809234120626
3001,0.01946049943138716,1,437.6934065968166
3002,0.021283351553498257,1,437.7185183076789
3003,0.02430027035291441,1,438.24231045476995
3004,0.03297649658229789,1,436.5033575386931
3005,0.02767974133945247,1,438.5304119161492
3006,0.031175945770183948,1,435.51402985752765
3007,0.023311082709527173,1,437.06616766478913
3008,0.02339497184813389,1,436.35630570689165
3009,0.02302998093484563,1,436.6594749260653
3010,0.02452344865759115,1,436.03179129162766
3011,0.014590706003137582,1,437.79822714001955
3012,0.020816208098006505,1,437.1300126972411
3013,0.01785961126255287,1,437.5453053007199
3014,0.02238926456758721,1,437.2869685012111
3015,0.012620211728506438,1,437.58416186573714
3016,0.0213364072805157,1,436.2693529675388
3017,0.020806218406889992,1,436.29513438055324
3018,0.02789774087336638,1,433.62816933710616
3019,0.02287224869595263,1,436.4595593640407
3020,0.016974557642059473,1,437.1040326870017
3021,0.014125943115583264,1,436.75425447114907
3022,0.014170217195440125,1,435.93917543426693
3023,0.015793355696916502,1,436.9376149118423
3024,0.02124314737158145,1,436.90786894883826
3025,0.019691923909092017,1,437.8354385859998
3026,0.019038995577607236,1,436.9105990990501
3027,0.020158172174883603,1,436.9175288994957
3028,0.026411958670611444,1,436.9013113510176
3029,0.03841854332531801,1,436.6455443549714
3030,0.038353293795262776,1,432.8040775242021
3031,0.02932386391617018,1,438.3557851016541
3032,0.030386918295847137,1,436.7941281075491
3033,0.03588835637929609,1,434.4790448726293
3034,0.03317658504961082,1,436.18129037119905
3035,0.027578309183862924,1,436.021523765933
3036,0.040866652688678416,1,432.5114238634042
3037,0.03878401409672582,1,421.50086870615996
3038,0.02893545884747889,1,418.1369904160885
3039,0.022350779694538185,1,434.3255579170352
3040,0.01943977645593002,1,434.09346411885537
3041,0.026470179450512964,1,434.68021429639487
3042,0.016282942250260852,1,437.1982094099276
3043,0.021772074352779672,1,436.0175848308938
3044,0.044129918454547785,1,428.7153617255956
3045,0.05027897456259528,1,425.8089475899215
3046,0.03480914341464179,1,429.28852850329645
3047,0.02642438622741727,1,433.8299496950255
3048,0.04803002020154575,1,421.01826992726393
3049,0.08624597044544988,1,372.79238001250025
3050,0.11938664355419623,1,342.4057027910916
3051,0.11879306555853951,1,341.0180846850907
3052,0.0898773808716365,1,396.6740953624592
3053,0.05866287611009264,1,425.5503630261963
3054,0.07322148026718771,1,320.0584934673257
3055,0.0450070029361307,1,425.4226947353191
3056,0.029142576495997545,1,437.4730278379514
3057,0.03506622003948019,1,436.2287872338896
3058,0.012406512761556411,1,437.7016596860899
3059,0.0323498416414317,1,433.5460648283526
3060,0.04325659412588543,1,424.5793411132021
3061,0.047026124424969104,1,425.40740823888035
3062,0.02778160225354497,1,435.9897329589679
3063,0.06188686857748952,1,416.7373552996195
3064,0.03615986629715955,1,434.40007383843323
3065,0.028801416740331365,1,436.55464002152416
3066,0.013927942836821194,1,437.0957876541403
3067,0.021747922106421607,1,436.3031882514062
3068,0.03389578391568736,1,430.8699217715558
3069,0.023064977345081505,1,432.19037887230076
3070,0.022932689626153545,1,434.31810694908023
3071,0.029765442044356567,1,431.19893895044737
3072,0.02487930318025512,1,433.81171581546135
3073,0.04387372329619658,1,420.7869776441207
3074,0.04509776820367673,1,425.87382488554124
3075,0.04637493318136878,1,427.22447924392486
3076,0.04406264138151953,1,423.7320458947092
3077,0.05464615041674474,1,423.34345790312983
3078,0.05053910662312233,1,426.16820464489007
3079,0.05056695471406739,1,427.8970075405102
3080,0.04730390193364482,1,424.50492144627015
3081,0.05034162968533342,1,419.7103532996147
3082,0.05546950226470453,1,406.88470820132187
3083,0.04992573695876099,1,429.3801755788157
3084,0.03297000578790345,1,431.0650658676956
3085,0.024579691945464912,1,438.0790845412078
3086,0.036447461912789185,1,434.6904221015445
3087,0.035637678632931255,1,435.4978548908909
3088,0.014273713821231057,1,437.542499824792
3089,0.016354919510926054,1,437.23117550717274
3090,0.010221537921298984,1,437.1235873468245
3091,0.012063493789128977,1,437.2735476834205
3092,0.010540563928744714,1,437.51298054395403
3093,0.00988223541620708,1,437.47195399527993
3094,0.008904448757688166,1,437.4801623595984
3095,0.012015296888376546,1,437.67687969354176
3096,0.01253131948225745,1,437.78588159956
3097,0.015192498956616255,1,437.3007782672861
3098,0.02190645460625406,1,431.48332251452473
3099,0.04312598376936676,1,418.3774597501096
3100,0.04818650644225641,1,427.96508783046346
3101,0.04714083817862175,1,422.14072709232516
3102,0.0362728566609967,1,422.96402551641614
3103,0.040544715251526954,1,416.1161611127891
3104,0.038060931890732584,1,422.35286936823167
3105,0.039689582708134795,1,401.0649492719352
3106,0.027712338393341092,1,428.95281196522933
3107,0.0306150419941482,1,406.0489758594093
3108,0.016296219696666173,1,435.24275698100905
3109,0.020076756554107133,1,433.8416856043962
3110,0.022420973150717387,1,435.92501871562837
3111,0.029277699280852023,1,435.96501187159004
3112,0.04178210427575226,1,427.06503617386574
3113,0.03603580689677021,1,432.64207793732584
3114,0.042270029077757024,1,430.68119898131073
3115,0.0229291383533218,1,438.1805204618131
3116,0.016157183954822102,1,437.5771299500244
3117,0.014796159891254648,1,437.5243109552751
3118,0.008374344499307946,1,437.49981294438186
3119,0.009518492178189049,1,437.11606835332236
3120,0.015469479204438192,1,437.9350314044641
3121,0.04596635581346271,1,422.39343017543774
3122,0.03648809239241513,1,413.3944390239439
3123,0.04567336777891929,1,420.18765310649576
3124,0.03635601192675793,1,437.33985020700396
3125,0.02900736438830302,1,438.0183959215833
3126,0.08937240286197463,1,358.5337771393319
3127,0.08940466218368416,1,353.3919754132245
3128,0.10459137137665399,1,225.56202654305574
3129,0.09752020927072998,1,352.41990884927895
3130,0.10161310833342566,1,395.5520036225743
3131,0.10429111067429297,1,365.2716329046381
3132,0.12546816907283506,1,379.9763567225783
3133,0.15131697432318905,1,285.003988755103
3134,0.13897560713642745,1,364.1468800746891
3135,0.11051890651680761,1,364.37786548354
3136,0.10360135073154815,1,352.6294086492198
3137,0.16002327179759787,1,316.32849038315567
3138,0.13788769915885832,1,307.4918242727201
3139,0.12661953702597412,1,381.2667187699925
3140,0.21055160935464706,1,26.241288909304842
3141,0.1015800673530659,1,358.1434402638352
3142,0.08208913515872629,1,409.2781014543438
3143,0.07690966815514509,1,400.5766650272471
3144,0.05945099705477743,1,434.8114017015949
3145,0.07800420394193948,1,399.0470327803267
3146,0.0899248652665453,1,386.6866378494902
3147,0.053278080012217455,1,429.05717317483305
3148,0.11563338165358066,1,403.7357569741461
3149,0.01506428627140111,1,436.967260860163
3150,0.0247280732523325,1,436.1195839622167
3151,0.03418013705472807,1,434.2450541291269
3152,0.04262914337933665,1,421.3382274666991
3153,0.02937809108524453,1,435.23140422872166
3154,0.031778335341530815,1,432.1914240219536
3155,0.03187524417887521,1,436.1722796968643
3156,0.03568279955186679,1,435.5579561186657
3157,0.03350348580065599,1,436.9190409840828
3158,0.026469385224991992,1,435.3333528426387
3159,0.024310946164915376,1,435.8318062473054
3160,0.023545175039181472,1,433.6502321840553
3161,0.023496772514114677,1,436.2056093900599
3162,0.03618016057336997,1,434.2257424513573
3163,0.03408595053451488,1,432.751468555894
3164,0.05249571325682996,1,413.7496120443577
3165,0.05218007894424582,1,417.18329548135586
3166,0.05145229808157864,1,427.2147344981205
3167,0.05848238550269506,1,420.0408832956598
3168,0.05509915332087786,1,417.7731090272991
3169,0.07626580292005283,1,400.5290284323439
3170,0.05937893745320703,1,356.76302343394013
3171,0.08421321907257939,1,384.9424611809038
3172,0.06178620027022532,1,412.0917662527146
3173,0.05970801616940114,1,406.8624953095643
3174,0.056451455689208764,1,412.556208090552
3175,0.046246487373991514,1,427.42795470217266
3176,0.051655982308478066,1,423.1503834967641
3177,0.06247133042361066,1,412.52480243337726
3178,0.03557887195265449,1,415.46440264120963
3179,0.0420624995544075,1,414.01018765541613
3180,0.04877951311836707,1,414.08032944410303
3181,0.0732342201089593,1,368.6148324693096
3182,0.05228694046985929,1,414.0595094893526
3183,0.04812275110565534,1,428.95761793127144
3184,0.05195414169221302,1,428.5148831262315
3185,0.051000965696168965,1,427.4693087152065
3186,0.06756291006075056,1,389.71433687132185
3187,0.04722791524579948,1,431.5068146994411
3188,0.05780056963390228,1,425.71521011744267
3189,0.05024190283114632,1,414.03076560397994
3190,0.05251441292912411,1,417.1812718891467
3191,0.044735570302192496,1,426.89013466602245
3192,0.031692272426313145,1,435.7478448264086
3193,0.022714244969206782,1,433.47004767196677
3194,0.022489935609485503,1,431.5833019077329
3195,0.025856029947297375,1,426.8036236945825
3196,0.02314674512467752,1,436.0674231394375
3197,0.02790796428462234,1,429.51236448255776
3198,0.04271470082218709,1,423.0658498624008
3199,0.08624730016242221,1,183.8124420378113
3200,0.06514827030807986,1,373.3207473261243
3201,0.08248335194860548,1,343.3704712244948
3202,0.08680936697474602,1,322.18213125933
3203,0.09082846138946113,1,353.7288867191281
3204,0.08420766583138407,1,381.08098738815187
3205,0.07023131479609798,1,376.44336289206774
3206,0.061094128952971685,1,406.8056802443217
3207,0.05138434148822614,1,421.4981406320255
3208,0.06644216411832081,1,431.66998465712226
3209,0.03502695573252378,1,433.7831874241976
3210,0.027057396707878323,1,437.86421363765464
3211,0.02386967882656218,1,437.76076692995156
3212,0.04047181647730931,1,429.5151535175855
3213,0.03927086232637362,1,436.12952320630006
3214,0.044482273589287406,1,434.0043477344026
3215,0.05672773350845877,1,428.8780865593823
3216,0.038415876083721885,1,431.99539725921227
3217,0.04316432273884075,1,428.64125982085784
3218,0.0308143232517327,1,431.5681828730778
3219,0.060908194609778026,1,421.0754546918042
3220,0.04169726608424223,1,428.119865851394
3221,0.027459286034418818,1,433.02800486019385
3222,0.02600389002340595,1,431.1795485075036
3223,0.0255785297946014,1,430.7714589652133
3224,0.02329221434686279,1,434.3901670663173
3225,0.020845944054454217,1,432.6363527003927
3226,0.026627356521303356,1,433.8513305655975
3227,0.025927118211432187,1,427.39505316866314
3228,0.025620876716642437,1,436.51842446913577
3229,0.029468820182057872,1,433.8459355053346
3230,0.025530879909390458,1,434.5040147122578
3231,0.01987093085469291,1,436.7614059942837
3232,0.026891357221008685,1,434.24993748443785
3233,0.024774659018176402,1,435.49065320009015
3234,0.030700482916715545,1,436.5730961436709
3235,0.050224317326432774,1,416.3670885424372
3236,0.07442954360953116,1,149.0824031409673
3237,0.0618388104422926,1,383.38464850010985
3238,0.03320499511290654,1,429.56970834008996
3239,0.03365583164447036,1,424.0673752960823
3240,0.11418901780160799,1,277.31431135955177
3241,0.1077006293272293,1,371.3934702523841
3242,0.10931576407415329,1,354.5434745215132
3243,0.11182577462272428,1,198.7761432312376
3244,0.09368143941372979,1,262.5469895344188
3245,0.0834807680733776,1,370.53790095399745
3246,0.08285974472839257,1,336.24159768446805
3247,0.11497641262969013,1,318.89932785211914
3248,0.14453372879439433,1,296.60385194801165
3249,0.09455187404119011,1,357.39723249182794
3250,0.11036510238290731,1,304.77111997964715
3251,0.06373000369424224,1,376.87724136837494
3252,0.08388997583932083,1,327.45303681006885
3253,0.15012719628741353,1,301.60475962966274
3254,0.11882083425593216,1,302.12952764751515
3255,0.09398110504573362,1,354.1274979930282
3256,0.07740213413138085,1,398.50495156744586
3257,0.08225063736593112,1,322.96630346918636
3258,0.06878100148471991,1,398.4112250450489
3259,0.06665157524208556,1,410.57239960119784
3260,0.06753913279503605,1,394.2739203033349
3261,0.058397134663802405,1,412.97381623292
3262,0.050506463992599004,1,425.91635520806125
3263,0.03770617924084347,1,430.3878659037795
3264,0.10055284891164987,1,320.9345304014929
3265,0.08320539315037964,1,340.82132036909303
3266,0.09170804975895185,1,346.800830489257
3267,0.07560806743578129,1,363.68846931266665
3268,0.08132663360630339,1,359.1284633912242
3269,0.09231363020787045,1,388.5876154392776
3270,0.18380777939560877,1,152.80764404420648
3271,0.23617712732099058,-1,-671.0510961043819
3272,0.22410070501140414,-1,-404.62562817908474
3273,0.24864126871350806,-1,-1235.9439705707555
3274,0.33396541940717633,-1,-1984.1472444209746
3275,0.3155311539422723,-1,-1326.127923215539
3276,0.16566479063769785,1,307.8007645640788
3277,0.16737708063164508,1,164.29270644013445
3278,0.10936548273270885,1,295.48999164938937
3279,0.13298976166535656,1,64.27129577468031
3280,0.15338370457846123,-1,-169.15873313182567
3281,0.16609848813225966,-1,-374.61311728862074
3282,0.11450836582268696,1,85.08467339887386
3283,0.11514247294584425,1,387.5033348290543
3284,0.06677949519359792,1,388.83726792292805
3285,0.07479589723172979,1,371.90846693734943
3286,0.06286010092872388,1,413.2073037625338
3287,0.0529054300927144,1,423.5836136012461
3288,0.04959067376964677,1,424.22770244619426
3289,0.04588896380276177,1,428.43459722427286
3290,0.06599957794523727,1,411.6622756846611
3291,0.06503429215858615,1,410.8107304695952
3292,0.041292973120097554,1,432.58490722806494
3293,0.04632654185302776,1,432.44979262757124
3294,0.043368860847991124,1,429.1188799982308
3295,0.0478621285867694,1,434.3516407863047
3296,0.06437194893848516,1,423.7066418494314
3297,0.030460765996420114,1,436.11327492813746
3298,0.02715429023319873,1,436.621845357
3299,0.02648423405055621,1,437.2975477529421
3300,0.025514036744081366,1,437.667695977676
3301,0.030072474851193583,1,437.1408634660758
3302,0.01752564997186264,1,437.4952787087717
3303,0.023225279447580818,1,437.22559998223534
3304,0.042480858512101205,1,430.8411115183905
3305,0.03390734282163877,1,433.7828370217073
3306,0.03285296560302748,1,435.2592814325265
3307,0.024610298502833687,1,435.3830347042331
3308,0.03576738560608685,1,430.1803125998875
3309,0.04457166401891849,1,431.2125784077157
3310,0.04569979817614191,1,432.95819445281273
3311,0.030494743393504248,1,433.7303061122528
3312,0.03269329125519496,1,431.53335110285497
3313,0.0398810758333232,1,432.4270967116322
3314,0.05401331189618682,1,430.5981539014466
3315,0.09588920426643684,1,372.49950498735086
3316,0.13367181786112856,1,332.74798588620587
3317,0.10468735488311175,1,399.41398326871683
3318,0.08964593623439965,1,398.56560770502745
3319,0.3540942190625265,-1,-1773.469511259662
3320,0.24177105306793636,-1,-47.69087619597167
3321,0.42149584906577797,-1,-4992.845402667615
3322,0.34237072082044095,-1,-527.5199016747576
3323,0.5186342008643381,-1,-3514.2713395562614
3324,1.3967483741174929,-1,-61631.41045559873
3325,1.4952154689540331,-1,-27559.96217071526
3326,3.0123484466405315,-1,-401865.9462978245
3327,0.21787105413973581,-1,-350.8492574754006
3328,0.6827545785565319,-1,-4536.344215296736
3329,0.06415547917870416,1,353.5822954698718
3330,0.09532980389609806,1,293.73790214982944
3331,0.10383942351353927,1,279.93150443186187
3332,0.15137465024255184,1,211.58463715669615
3333,0.1342255577950151,1,247.61267947239824
3334,0.07725486324544194,1,396.7301779402698
3335,0.0740975394123489,1,403.515795182034
3336,0.10104761232868699,1,385.7370201098759
3337,0.09801259049970339,1,388.61517737397435
3338,0.10341097980144928,1,397.6104008347424
3339,0.07262937855888489,1,386.028540808213
3340,0.0856468817414793,1,362.73689471884546
3341,0.06605872232326014,1,364.0226666479363
3342,0.06628925895902187,1,421.2290819971325
3343,0.06392797929394824,1,390.2404418620921
3344,0.06151050984171502,1,385.44629983731215
3345,0.02501375815979711,1,435.7173479819713
3346,0.03260917678137619,1,436.8342269161044
3347,0.018376765363376207,1,437.65364476658516
3348,0.020465090175837145,1,437.16056968281754
3349,0.015791275978907747,1,435.73136776710845
3350,0.015149673415171386,1,436.93444516116506
3351,0.01361279074676267,1,436.5422205382005
3352,0.020191994057353776,1,436.7905904051985
3353,0.013239737302564671,1,437.4430705000388
3354,0.01917986203970676,1,436.2883056783068
3355,0.017994739063874502,1,437.5863168895684
3356,0.02172759775069013,1,437.617228871998
3357,0.025247220029145236,1,436.45751673808377
3358,0.019384216501417632,1,437.158490887058
3359,0.01378080785220706,1,435.84504016955896
3360,0.013668573441531943,1,435.9573444483482
3361,0.017512758812889506,1,436.0410888708795
3362,0.03275931918161296,1,432.32974537558084
3363,0.03401969289778552,1,433.23327766674157
3364,0.040404355269721574,1,426.10873408740395
3365,0.032578219257639214,1,434.3253370566818
3366,0.02754647668933403,1,436.3670323719487
3367,0.018053698004075087,1,437.8819193271998
3368,0.023461286835905842,1,437.5549034999097
3369,0.019820014471998566,1,437.79439910224676
3370,0.019413701410485033,1,432.863263331016
3371,0.020004453662877623,1,433.2873006893408
3372,0.02427887314925576,1,436.00478590362695
3373,0.02270805112988512,1,434.73486527525245
3374,0.019833360560177597,1,436.0973002864824
3375,0.01812178935049841,1,436.19024401388543
3376,0.022000133598956396,1,436.272128848092
3377,0.02473092637944776,1,436.44154774358367
3378,0.03636896061599023,1,436.267855808856
3379,0.023464916121423877,1,436.4868023244477
3380,0.023875527833772153,1,436.0584206844738
3381,0.031007710142078208,1,429.550370753553
3382,0.030243367480524034,1,433.203280203485
3383,0.040497033682840924,1,434.58217880532544
3384,0.10053614318585506,1,344.7023829649405
3385,0.08085686789516307,1,395.14257942008015
3386,0.05767777553777941,1,403.8704559663117
3387,0.06296092348410594,1,408.08782801994585
3388,0.05272914742617415,1,419.98838330470807
3389,0.05047646886892023,1,420.02150202721276
3390,0.056687898459314955,1,419.9215707285943
3391,0.03689527244276463,1,434.4292433654056
3392,0.05578314517665388,1,419.2023619034074
3393,0.05104654688754449,1,423.1245136351275
3394,0.05613087547228851,1,430.4010664223031
3395,0.05705924572017385,1,425.27086340238156
3396,0.054418172261817284,1,425.6937515827128
3397,0.06562244197211538,1,402.25720373945677
3398,0.050773510564195164,1,418.5813242075367
3399,0.05055891699633059,1,430.82152854017056
3400,0.03924690534073451,1,434.25662984610994
3401,0.0497430910387092,1,424.03289427223126
3402,0.030069347401443406,1,433.7120294324794
3403,0.023639345809671756,1,432.7697493646872
3404,0.20726481438389757,-1,-1443.405029609332
3405,1.125528242175663,-1,-157863.50548660883
3406,0.9814091607144265,-1,-126230.33945747538
3407,0.2689769504500041,-1,-3356.3327000664003
3408,0.32417147329703905,-1,-10792.45082799318
3409,0.5758012295323806,-1,-20610.061729525496
3410,1.9437501825599401,-1,-180817.0838319205
3411,0.44771107080191613,-1,-21493.719579516397
3412,0.5624728466148801,-1,-61232.089839458626
3413,1.8810234105580572,-1,-187974.19110727723
3414,0.17053179380978836,1,318.0638003824091
3415,0.1373867289186911,1,296.37972497164634
3416,0.13462328586347222,1,373.21042481711726
3417,0.11125485343943994,1,322.57438442653256
3418,0.11949488323496582,1,399.62514146537
3419,0.08969146324183509,1,414.84190338099955
3420,0.05529139280495093,1,430.33831537904047
3421,0.0744113970439261,1,410.33632657760785
3422,0.06716946240620872,1,423.24810259729844
3423,0.046779640327065344,1,427.2756600826548
3424,0.042138697153552285,1,424.1687155406433
3425,0.02363112490771428,1,430.47435965530383
3426,0.02422722134627736,1,435.3251967848164
3427,0.01464071428834548,1,437.5806592244239
3428,0.02308271194723496,1,437.6944335933503
3429,0.024248448070048143,1,434.0195593711362
3430,0.04088293516015796,1,430.73604776302744
3431,0.06850948515200321,1,420.7110610330391
3432,0.08491570362838541,1,408.3769674003371
3433,0.1254861956419742,1,250.2191129943781
3434,0.0831912411678029,1,393.55298674020935
3435,0.0790120870184692,1,423.33500199551213
3436,0.10682459584820427,1,385.111445603235
3437,0.13702923343717494,1,247.90216213726558
3438,0.11714770013862384,1,358.61141272808453
3439,0.08274335583000118,1,400.7000278987938
3440,0.06493127141489306,1,398.522514906664
3441,0.09727333899660491,1,230.30007146946764
3442,0.0931308593324206,1,172.98531872786094
3443,0.1439769404468196,-1,-66.59916075463508
3444,0.12165388814873938,1,100.9016811966282
3445,0.11028186735197294,1,370.9544769946924
3446,0.24824740257511949,-1,-487.2393004422687
3447,0.153170550934622,-1,-354.73838801247086
3448,0.17086781442459117,-1,-1281.8359791742873
3449,0.19889939541906793,-1,-1866.5001141353143
3450,0.18070235012036834,-1,-2966.3540623300496
3451,0.1616506000755303,-1,-1788.9240228995025
3452,0.18741126355379684,-1,-1164.7240011397578
3453,0.1361214555026828,-1,-812.8543678202234
3454,0.24549391587310446,-1,-1987.6467459091834
3455,0.11445983696122652,1,213.48081587338962
3456,0.2084608901250786,-1,-18.148166136816428
3457,0.1079451209294278,1,340.53447056070615
3458,0.09053685920439214,1,292.2503317814177
3459,0.10137952743185731,1,227.87646739319985
3460,0.11840361997031602,1,123.85337358726025
3461,0.10991111456877857,1,178.09446127156787
3462,0.052921413400164985,1,420.5375303747363
3463,0.0752712391705135,1,354.5317312617693
3464,0.04732864758084548,1,429.99455787825474
3465,0.04527339193187706,1,403.6521267316634
3466,0.03548906341537577,1,404.24305488268135
3467,0.05688180761505552,1,410.58540914488026
3468,0.0694836301469993,1,254.10226688882454
3469,0.05686218560033045,1,395.5357890742549
3470,0.06608722583241562,1,332.53928689465664
3471,0.09478432420842056,1,344.97805365782585
3472,0.10842970324057291,1,272.06260892660725
3473,0.09204152601208522,1,260.0554803836476
3474,0.0884874571133482,1,318.0794409170002
3475,0.08231445805391287,1,309.86715069335423
3476,0.07659538443034226,1,282.779177668624
3477,0.05295493762524682,1,396.38788886360595
3478,0.0685839612838171,1,345.0883230518332
3479,0.07783307998815917,1,285.8072469752567
3480,0.10377357931554934,1,279.62972882281895
3481,0.13609269227973542,1,339.6511255446342
3482,0.11549218712796072,1,329.1634612655798
3483,0.09225684627470847,1,385.23171954338187
3484,0.09265825862322845,1,385.83749541417404
3485,0.06547882455919105,1,421.2768401289884
3486,0.059921903351125495,1,401.50585261055556
3487,0.06572550830675188,1,403.68146893027495
3488,0.05865208159682135,1,427.9241471991285
3489,0.08320866992752551,1,419.67146506442447
3490,0.08584271264228617,1,371.24588276117856
3491,0.06229668333653787,1,405.26264941875405
3492,0.10080278508127836,1,338.4588317629653
3493,0.09125832009045105,1,350.4275425174523
3494,0.11815906385371264,-1,-87.3618003070452
3495,0.15407807163880377,1,87.42488504218471
3496,0.15591076845266874,1,155.16957358910753
3497,0.1283821222877079,-1,-10.589482049386106
3498,0.14301484141983387,-1,-160.46939455997676
3499,0.16870157403305625,-1,-78.07454873379459
3500,0.17631761518938993,-1,-197.43866633914422
3501,0.13717845454002342,1,99.93910414222682
3502,0.15496195439695107,1,88.9151182201764
3503,0.2372947382887281,-1,-688.2063722099501
3504,0.17115982410769165,-1,-136.46034860990812
3505,0.1986816536358495,-1,-75.67446129221571
3506,0.24005147021819145,-1,-15.620217566240854
3507,0.15682384836540658,1,274.1051755404873
3508,0.22962272668334888,1,87.58687652158159
3509,0.19575733657406028,1,200.39263390089005
3510,0.10550870726779925,1,388.78464622282877
3511,0.1526466350738703,1,256.20417043206515
3512,0.13754547759910724,1,152.5127136891054
3513,0.09959775399340531,1,269.89435205593935
3514,0.14908116819482084,1,45.43479260701798
3515,0.14829748515640606,1,125.385047106966
3516,0.10885546887175394,1,325.6928850215214
3517,0.13849066825477965,1,317.5217301503859
3518,0.16986505454204756,-1,-804.2756423582944
3519,0.14158661997712593,1,279.0329399030235
3520,0.20845632508229478,-1,-434.973628749378
3521,0.16132812557117487,-1,-169.17825144635708
3522,0.2669957845358243,-1,-1364.8618086817614
3523,0.3321442093637185,-1,-4143.091541308397
3524,0.21218227407536103,-1,-162.29239392512352
3525,0.26592381650126373,-1,-1575.029319514832
3526,0.15454506569610024,1,300.7025571998174
3527,0.14136725614715084,1,353.2400694628926
3528,0.14743644244742032,1,334.838520085847
3529,0.13836692902756817,1,318.6779383518619
3530,0.15624294759274543,1,121.86549675123763
3531,0.1544581067114415,-1,-92.1859201068487
3532,0.17271914119438514,-1,-88.25608898683038
3533,0.1742370035689837,-1,-340.41641137884005
3534,0.1205667931124627,1,61.397562748752705
3535,0.12746842796549412,1,221.7883698167513
3536,0.1385867297382671,1,172.22245285685472
3537,0.1625822922414517,1,54.08193570642135
3538,0.09900403396595639,1,410.1494537899503
3539,0.10950660516372446,1,400.9506123437648
3540,0.1712234676620034,1,224.6353965835006
3541,0.1653396435427049,1,314.7209955123768
3542,0.110056864887819,1,377.20276124573695
3543,0.1324468390623888,1,279.904326951456
3544,0.19382767593937042,1,189.54787919165716
3545,0.17591131751730985,1,208.79232464657494
3546,0.14583425788278165,1,100.71443222402849
3547,0.12504299507328515,1,282.6004952137992
3548,0.14233720454385995,1,289.2477802080528
3549,0.11827315090906731,1,279.0870764310172
3550,0.18314589953620258,1,157.05621327010164
3551,0.27289873428362377,-1,-280.94317856579005
3552,0.561670240903472,-1,-4051.187017338165
3553,0.30700184840619593,-1,-907.9006438380227
3554,0.19563242868784317,-1,-152.84055356677754
3555,0.2501858782309387,-1,-304.58196143468876
3556,0.1764738674261633,1,204.2371076418139
3557,0.1296249995104561,1,281.90681941285186
3558,0.21077216656517847,1,170.5042409309538
3559,0.19227554174830316,-1,-140.6926604835669
3560,0.14014640724382807,1,293.65824948833955
3561,0.12406480683690309,-1,-65.07817135106683
3562,0.13363359250753765,1,59.69534370495472
3563,0.1846810617785337,-1,-735.0933372764889
3564,0.0593177757210837,1,359.3116968314388
3565,0.06776380558618753,1,404.3274769689373
3566,0.06956221843390485,1,407.9920732216275
3567,0.0678434066670957,1,395.74686212737464
3568,0.06749672753450123,1,412.2563312585242
3569,0.06224038543519849,1,408.4263605350434
3570,0.06608170938183192,1,427.40873153714114
3571,0.08265286407293804,1,417.8490932749054
3572,0.0776093911736312,1,366.9875093931448
3573,0.07041897646885309,1,419.68027492929514
3574,0.07449534848802601,1,397.6531536125476
3575,0.08091382633755143,1,333.74201729048576
3576,0.05909596457646991,1,384.40484838216236
3577,0.09310303851601065,1,348.0828387984178
3578,0.14477627103448842,-1,-40.62780612984852
3579,0.09291519686404733,1,328.8750809029417
3580,0.1337426169452762,1,299.15292950237415
3581,0.12056631995308827,1,324.208442455732
3582,0.15606315174062427,-1,-330.7015434836916
3583,0.07064566126588251,1,328.7538145907468
3584,0.1043298223390773,1,205.40530360533666
3585,0.07802386069898401,1,304.8389090077654
3586,0.11538704742401618,1,340.41202414035706
3587,0.06971668559792232,1,418.19650791965506
3588,0.096114566367084,1,391.57059747714004
3589,0.12111358833093475,1,336.0756479254214
3590,0.14911333354523695,1,337.34540964339186
3591,0.13385420231003428,1,338.7413477377141
3592,0.11882180915259566,1,320.80311528831396
3593,0.09665723865611063,1,376.9998502034548
3594,0.11541507181404805,1,345.82327986866073
3595,0.11802390389100616,1,391.05314049279605
3596,0.1381712239500416,1,296.256706060648
3597,0.07722243809626493,1,400.1851208901804
3598,0.04930413110664771,1,427.000615605387
3599,0.04447180942213123,1,426.2310030273889
3600,0.02756368518750651,1,430.65733796263396
3601,0.054514689597084935,1,427.6216416463487
3602,0.047264558754649785,1,414.24550119514925
3603,0.03033279539238286,1,434.11153322073216
3604,0.015201141473131102,1,437.59804391615364
3605,0.05658551757989585,1,413.9779625092942
3606,0.04294402594620227,1,429.66631670779304
3607,0.034890615558482926,1,432.22386082987924
3608,0.02699568097664121,1,434.2016289639016
3609,0.04079541231001483,1,432.26295076811067
3610,0.02999437718283379,1,435.8738432367471
3611,0.05733883669900151,1,428.16316749585604
3612,0.03650494321512442,1,436.2400913142683
3613,0.04056060850027773,1,429.5335503806587
3614,0.046865582712757814,1,435.6591617928329
3615,0.04080039389334484,1,431.4147804037732
3616,0.041545914533817944,1,433.5971677778726
3617,0.09134467387339155,1,290.15639702251855
3618,0.16030329791695935,-1,-478.8022387745672
3619,0.0928613155750193,1,254.15599372169476
3620,0.09466424861885323,1,298.9979302775572
3621,0.11521714909739081,1,359.0564252204033
3622,0.10075029870366518,1,381.15983352832166
3623,0.0888280134575415,1,261.8284551596263
3624,0.10492524518631442,1,291.6832447730227
3625,0.08125994380997255,1,302.84338489086747
3626,0.1208339876086486,1,16.809476027612675
3627,0.08211184882227152,1,334.9872967971114
3628,0.08919060442839487,1,107.94406468547459
3629,0.07203447092878598,1,211.66683810075924
3630,0.05956695575107503,1,290.9833911858707
3631,0.11576629112891881,1,112.53953282173529
3632,0.10292935874085263,-1,-24.521716151187604
3633,0.10431649750173828,1,115.59231831605598
3634,0.1294785715744507,1,130.58947515196786
3635,0.10902373400976235,1,307.1647159868189
3636,0.17317390378635997,1,322.773151269402
3637,0.20247496928798728,-1,-291.8793005169308
3638,0.2402977628426803,-1,-365.6318494034448
3639,0.1255196914108441,1,271.53390819909237
3640,0.10046495203909889,1,382.55764774009236
3641,0.2841981969027273,-1,-1011.1948648136508
3642,0.21237719556857076,-1,-101.79740225444812
3643,0.1905340650188549,1,86.5773304235421
3644,0.26310084603378187,1,19.90564422828396
3645,0.16987330678020837,1,320.6764836723414
3646,0.19368359075472882,-1,-75.2260517608338
3647,0.10131669060726559,1,400.0398321116826
3648,0.10963109070720312,1,383.86086773441286
3649,0.16745742030255867,1,298.3442636192553
3650,0.2564433383194881,-1,-129.79910240116055
3651,0.17851076910925956,-1,-0.7734348924178676
3652,0.21685193159968827,1,64.61262591532079
3653,0.139708579265951,1,103.13876860544468
3654,0.14099472698367715,1,286.8958244904452
3655,0.2355728047267088,-1,-2172.0613009699327
3656,0.08815232106049857,1,334.44305503039396
3657,0.10356989399538362,1,227.99592532643567
3658,0.039178486751440464,1,411.85502922564575
3659,0.05609160986686841,1,419.4453281240567
3660,0.0367116639552026,1,423.0867991261113
3661,0.03813374099288368,1,434.7886854196146
3662,0.04444100052130085,1,422.88237761959306
3663,0.06098637092704728,1,372.13440838354103
3664,0.05959168690307134,1,365.35924223046453
3665,0.07550427602471303,1,405.6865577107278
3666,0.08530078098280404,1,394.71978941804906
3667,0.06678920876494236,1,400.97289739643014
3668,0.06313186786050956,1,388.15240271038465
3669,0.08667559978013377,1,395.8784566981837
3670,0.14849111702472137,1,370.5664929014192
3671,0.11195745118042802,1,324.40106847759984
3672,0.11350145917844488,1,298.7773876520043
3673,0.11558834291682092,1,118.06917712014416
3674,0.10064095196399934,-1,-8.57242677039909
3675,0.10263307313683567,-1,-66.7820289181958
3676,0.104937032924176,1,147.55317913825382
3677,0.14950289181244328,-1,-74.81298093901353
3678,0.0905198994081435,1,232.03488576868995
3679,0.04646946160380835,1,421.80216481284265
3680,0.04868350282876725,1,408.1200758116989
3681,0.047982484911192204,1,411.6469602791251
3682,0.03939523510666872,1,418.8497008970739
3683,0.04237804854740467,1,419.1183311998166
3684,0.03776779131433699,1,424.14273052102624
3685,0.04464979777766419,1,421.9609252746186
3686,0.04193587638892029,1,423.43044475472993
3687,0.040299642680459366,1,418.35628666532887
3688,0.026625346807233375,1,435.06208594688314
3689,0.015602229077758423,1,436.7301636386391
3690,0.012932123086706349,1,436.0557961589796
3691,0.020181224091650466,1,437.9921251077229
3692,0.020640687558477862,1,437.9967469102752
3693,0.019093768586711257,1,437.74085479048796
3694,0.019075374914906584,1,434.7525829599148
3695,0.03412395992615475,1,432.0279073890873
3696,0.0513859868665125,1,370.22703358717985
3697,0.09411723562962769,1,306.0172581849629
3698,0.06316468043000277,1,374.98103967691173
3699,0.10357962581199022,1,285.93899431057196
3700,0.06415967234597451,1,397.60241988825567
3701,0.04284653235123922,1,429.070086038705
3702,0.10825868159347143,1,71.68685532303067
3703,0.16217034270058361,-1,-173.2806543276913
3704,0.1688826869668698,1,274.6981778705781
3705,0.27374511221452025,-1,-798.0527895493192
3706,0.19446668511420093,-1,-391.4382268416774
3707,0.13181233960864608,1,291.01143550754045
3708,0.23848162545232723,-1,-1383.0102822482427
3709,0.3278201049476798,-1,-2743.849953096723
3710,0.1825081501572608,-1,-137.85267995392587
3711,0.20695204547339177,-1,-122.24984728467439
3712,0.1514173250999235,-1,-273.24763220708326
3713,0.15657328796160966,1,116.58780867128132
3714,0.13854581117788875,1,316.1071923337476
3715,0.17438918401862077,1,204.73239284449468
3716,0.14676555300386646,1,295.5873986604578
3717,0.25535408620582195,-1,-111.40336586578269
3718,0.06399075698869014,1,351.95648743483844
3719,0.058072055034323534,1,407.12723091652833
3720,0.024158648307347052,1,436.52584272158475
3721,0.038062852247825636,1,428.16337671773294
3722,0.053979010004784514,1,412.0375908339948
3723,0.03979794013858825,1,428.3606884100124
3724,0.04364783205438605,1,428.0360984009254
3725,0.044284978329475186,1,415.06283229564997
3726,0.043174097804079624,1,427.0878294104692
3727,0.01592251122707722,1,436.79909665316853
3728,0.018200346101280362,1,437.09725728477036
3729,0.017591148410363976,1,437.4880003766916
3730,0.014040874850067527,1,438.069840698977
3731,0.01790648093877455,1,437.4614595801561
3732,0.010350202009274145,1,436.50743608599333
3733,0.015398728708130483,1,437.5537422917586
3734,0.01835847785661093,1,437.63657497402
3735,0.021234489980997456,1,434.82393624414965
3736,0.028833193107621363,1,433.42535222960805
3737,0.031514331823896145,1,431.8445592444539
3738,0.03985946371910224,1,426.76810218083
3739,0.0894594771949139,1,405.28354501563194
3740,0.09686645249548906,1,412.3942958129044
3741,0.06687192919981044,1,410.1631509084106
3742,0.07092206641536705,1,413.99202836834775
3743,0.1702960830079749,1,257.06725498449856
3744,0.1340855749731202,1,280.3642038079033
3745,0.10592908368196498,1,350.39886609631304
3746,0.10222451111660014,1,305.635018104919
3747,0.12036097057146587,1,99.88663424380042
3748,0.08213058830415698,1,373.3598987246123
3749,0.0798596708585727,1,400.68810421090546
3750,0.09282046752840702,1,378.38813492533467
3751,0.06937400545457474,1,426.38524028309024
3752,0.048092958344703014,1,408.7495554481988
3753,0.033628625625411225,1,431.89402598369674
3754,0.027339393169292205,1,426.9142298211256
3755,0.019538125797388065,1,436.46559783152577
3756,0.03492459664503484,1,433.36702078473746
3757,0.023812179865212637,1,436.5244764549428
3758,0.020685888019587127,1,434.2598824498457
3759,0.02095926048457618,1,435.08711456384185
3760,0.03623508111604885,1,435.1655559781874
3761,0.035115324570670375,1,434.8683351982419
3762,0.023079154909867505,1,437.70780462072065
3763,0.052122522416149605,1,431.51351094504264
3764,0.08507501758415818,1,390.0394715320925
3765,0.07752357346921467,1,365.1514486474889
3766,0.03665887567096677,1,433.69314565413254
3767,0.05673539841482617,1,415.52977410627096
3768,0.06034674334030992,1,427.26416437619025
3769,0.06388730505888766,1,420.2714034964333
3770,0.06866828894360091,1,406.2050173736635
3771,0.04151871765207065,1,431.87515619318555
3772,0.10389338840035515,1,316.945310588614
3773,0.06444975913065001,1,380.70592471862795
3774,0.08886089769863559,1,383.8866653419692
3775,0.08881003937820806,1,391.9941586209181
3776,0.14911869698001062,1,75.46708273798532
3777,0.11860418715776579,1,279.30098078626963
3778,0.18887431230326682,-1,-43.37648127638903
3779,0.17300968074670373,-1,-388.6461478161626
3780,0.1586680624863191,-1,-237.18752957206198
3781,0.08013568495115211,1,394.6580789098157
3782,0.07423783576987146,1,415.6220732765073
3783,0.08088267128091856,1,404.0567590901799
3784,0.07693618440082219,1,385.2646365378298
3785,0.05736020990807468,1,426.00687347892585
3786,0.05574415843986879,1,431.74152824244635
3787,0.06636869305091166,1,422.9807482232977
3788,0.07546840614717576,1,397.3949849973402
3789,0.0794414236067699,1,196.11846202052536
3790,0.1449717689563781,1,303.68830081694114
3791,0.10031845188520465,1,358.9121724303381
3792,0.08442337231886797,1,393.6529902252291
3793,0.0774127697813198,1,413.88939677302574
3794,0.13643878456849098,1,248.60121244025575
3795,0.09978274601451761,1,376.86089094312575
3796,0.07762944113214357,1,398.5553722675135
3797,0.05793120740385182,1,396.67286512248165
3798,0.05556552647538631,1,422.5436620725784
3799,0.0685661933602558,1,410.61619840571694
3800,0.08302036919000143,1,404.71862950148557
3801,0.09773831997863706,1,332.0226395875041
3802,0.10424385329629793,1,201.69913078139035
3803,0.10208256507642958,1,336.73360958087744
3804,0.12635716682958292,1,229.37705981777896
3805,0.16946972798053953,1,258.2746424581696
3806,0.25497667138017377,1,183.5929258686149
3807,0.29556027316654093,-1,-491.58611247826127
3808,0.15214747433399328,1,279.0706836904111
3809,0.09098931256615636,1,334.3015355106303
3810,0.07819686273133454,1,377.5688863521129
3811,0.05465305469888421,1,382.5889653242659
3812,0.06118179983743188,1,373.6579554516687
3813,0.05263033612285006,1,409.3069739312792
3814,0.04407234305345363,1,405.4774888570104
3815,0.044578897149447065,1,373.2752767007978
3816,0.04913725909944496,1,395.3683559990499
3817,0.060136871428319146,1,393.838033564038
3818,0.04662354314166267,1,417.8087514962466
3819,0.061125463419921706,1,409.07098329008625
3820,0.16053259210610513,-1,-133.2966669418505
3821,0.26076058547915554,-1,-2096.6162763314533
3822,0.15826345869220568,-1,-31.22602100336485
3823,0.08919103184303893,1,363.5844092272222
3824,0.15174108139177186,-1,-201.1113819545143
3825,0.14207650257815901,-1,-192.6633724704791
3826,0.3197489831089335,-1,-474.8098968979589
3827,0.19337571065404938,-1,-71.2924778011348
3828,0.19235698289228415,1,80.26792856287909
3829,0.14649640860177846,1,244.88634121491347
3830,0.1572343454556256,1,349.24153362813
3831,0.14862745807710853,1,295.5484003475205
3832,0.14276211002247774,1,303.61586263769226
3833,0.17399890077190247,1,265.445401827283
3834,0.22278023124521892,-1,-117.40512476096467
3835,0.29527967268973904,-1,-0.07129131975949576
3836,0.12271068468267123,1,364.87885129237395
3837,0.11370716005411394,1,378.66922851220755
3838,0.08282262843413597,1,396.5455109310429
3839,0.1093516156498353,1,362.9384315647554
3840,0.08210388976051321,1,382.84855787541414
3841,0.09782351026293663,1,277.68154695946714
3842,0.05961871339808751,1,385.0516220015579
3843,0.03625452742558142,1,376.9576932380009
3844,0.055325048153617336,1,397.9210358802026
3845,0.07924230980383913,1,321.1953664700888
3846,0.13678092306231623,-1,-92.64608577885247
3847,0.07012061991632278,1,358.6385840969194
3848,0.08663827264403443,1,360.4742779419092
3849,0.1277598027449066,1,326.1891910851023
3850,0.11619781816684879,1,368.37776316990505
3851,0.10011265986769564,1,363.5546995377383
3852,0.10630287224803903,1,334.2052927954399
3853,0.07052349339216583,1,387.72010623642694
3854,0.06930388466142431,1,407.9146419944528
3855,0.061066585333618285,1,417.0099043187914
3856,0.03420998761148918,1,432.6591201860703
3857,0.03625749152636793,1,435.2266851162865
3858,0.04832822529809221,1,430.2421021035434
3859,0.04992336296871226,1,429.7726430027688
3860,0.0536935996590975,1,429.3258722430934
3861,0.05318713617142589,1,428.92538752465697
3862,0.04389350833516626,1,425.238059390952
3863,0.03897555356066324,1,429.85558782199917
3864,0.0416494670809562,1,433.32456556499307
3865,0.03191101541707828,1,432.9815050537972
3866,0.028336578244211905,1,435.49684319114516
3867,0.045509242662461,1,429.7920862875513
3868,0.03706258904393873,1,433.93513293873076
3869,0.03522695785171818,1,435.66053615374847
3870,0.03745490212279927,1,435.52469388699194
3871,0.08112861733548431,1,399.00261379385495
3872,0.035020989995343824,1,434.61911357250364
3873,0.06284304755014215,1,387.11027148745325
3874,0.07813937995055853,1,337.75229930312446
3875,0.07826205357708706,1,396.49539729176183
3876,0.07906653771546228,1,339.2387787536154
3877,0.09213645939194474,1,328.29633772090335
3878,0.11405396977313195,1,207.13139793308406
3879,0.1976777804221662,-1,-446.45230532132894
3880,0.08810404913762857,1,390.89953279819326
3881,0.06570063057923571,1,288.61003574651875
3882,0.04538026779495962,1,430.4100279788601
3883,0.02563692183225368,1,429.91183720140236
3884,0.029346198540776598,1,434.4940668388295
3885,0.036729293461682064,1,431.2493354103209
3886,0.03787268456052376,1,431.6531766928504
3887,0.03569471574193785,1,433.2516906740006
3888,0.045395112412452525,1,427.3002663559557
3889,0.017696210292523034,1,437.8427757100187
3890,0.024459516660812943,1,437.492541193355
3891,0.033880777520845076,1,421.6057185574831
3892,0.04209823682134935,1,424.371233514352
3893,0.053248798157775105,1,422.27089868449934
3894,0.04206029131882366,1,418.3621444746728
3895,0.0419079338720247,1,429.7231559885013
3896,0.03785538272338196,1,430.36877529851176
3897,0.03957315738381939,1,435.699196318093
3898,0.03858682795345475,1,426.92772263563444
3899,0.06289411155436843,1,411.8234090955821
3900,0.07230442211889876,1,361.09991306400843
3901,0.061916026300249165,1,395.54884893090514
3902,0.054022707127364455,1,384.3553842580551
3903,0.06785366563783514,1,277.4724669349341
3904,0.05764630494091257,1,349.6833288858922
3905,0.06710352635117289,1,256.0828395606461
3906,0.07272542493860634,1,257.72424955910276
3907,0.07554094145177069,1,262.8881895008778
3908,0.0500114093731931,1,397.35823229808125
3909,0.03496102899372462,1,418.70992016112547
3910,0.03810205114346684,1,418.0755651286527
3911,0.02944848411452104,1,432.4634878225243
3912,0.028285060208323425,1,422.28707161032145
3913,0.02894165042103144,1,432.7743015680154
3914,0.029948165865611494,1,432.00788552440827
3915,0.04605123413766969,1,430.91578275471915
3916,0.0545553182367813,1,414.4578885516018
3917,0.04385757958790269,1,430.501876889026
3918,0.040055332743737786,1,431.71503858958687
3919,0.03905500573963117,1,434.53363973691506
3920,0.03923875488949424,1,433.9374694051271
3921,0.07097878100781099,1,409.58988659922335
3922,0.06641092147217319,1,411.90001763384186
3923,0.08156832030510859,1,393.3536187689991
3924,0.055802341588231365,1,400.472589551085
3925,0.061966054285702434,1,412.4126455151133
3926,0.1106713645440938,1,388.3314125371579
3927,0.1925686859736996,1,222.49883150608883
3928,0.259129999895409,-1,-1256.8302336503273
3929,0.2530165945813297,-1,-1714.956653145676
3930,0.22101478105467126,-1,-1316.6119840932683
3931,0.17285246487198283,-1,-270.54930597806504
3932,0.17265945263152407,-1,-571.7385447748123
3933,0.16202458796729452,1,66.21909264330662
3934,0.20962776008278736,-1,-57.56055394829366
3935,0.18177420163020624,1,70.97908731908188
3936,0.15393661835951283,1,275.49229270774134
3937,0.2357214328589361,-1,-1027.4569718340435
3938,0.20803832838014813,-1,-805.4260790198773
3939,0.1794973415495881,-1,-120.79778546295881
3940,0.14411732029836347,1,323.5599847475991
3941,0.13796415266364306,1,327.00853841770606
3942,0.16059674944163915,1,170.85300556155357
3943,0.10119352054108952,1,234.41068635948415
3944,0.09746319468834032,1,350.1492898103639
3945,0.0958761141483621,1,277.08882194373575
3946,0.12425219070381925,1,39.41312423890787
3947,0.09891822200577102,1,185.15042297916537
3948,0.09514233431837618,1,149.17822148057616
3949,0.11530757786241189,-1,-174.31580019308842
3950,0.08940677182481535,1,302.8001408489397
3951,0.09095615125173594,1,169.19520149470998
3952,0.1504412159427679,-1,-201.3986594118602
3953,0.1793233034487754,-1,-979.5931163033138
3954,0.09249471331299056,1,354.28720892790295
3955,0.08474298531366821,1,364.53685687538507
3956,0.07251020668133594,1,404.54477822765267
3957,0.08273106158619557,1,414.41059124842457
3958,0.173211978189836,-1,-361.15064843337666
3959,0.08990024459471692,1,244.27767138548936
3960,0.10307387336418823,1,238.68015759820494
3961,0.1321219663629459,-1,-498.3833710969716
3962,0.07901845061285222,-1,-653.4257863510052
3963,0.11139713522322167,-1,-864.4906983011565
3964,0.10986826366750657,-1,-649.0278804167815
3965,0.09918214741378796,-1,-46.92381610270252
3966,0.10294714900476372,1,68.0012825943162
3967,0.10372149890663467,1,42.491938580010924
3968,0.1652411606294454,1,144.56382370530264
3969,0.11837282497248289,1,280.13241824780664
3970,0.1287761739278618,1,266.9622257654762
3971,0.13771962713761884,1,3.523985676232485
3972,0.1765498485378802,-1,-58.959422641194806
3973,0.156230177776356,1,125.15190985889086
3974,0.17979684969326218,1,146.3597680243617
3975,0.16745613374554907,-1,-32.61409072824523
3976,0.1310586829561606,1,268.9454733999949
3977,0.14435028547557152,1,215.5973804790479
3978,0.16416843337437076,1,68.24778075281603
3979,0.14056070601054174,1,179.99254175218044
3980,0.1753471915923316,1,135.25378226759318
3981,0.14365168754755278,1,54.62070902416502
3982,0.11502891347518608,1,148.937314197111
3983,0.10956873691726503,1,143.53165767011978
3984,0.09213189630215937,1,309.6646624586039
3985,0.1059754514850368,1,311.6027431178787
3986,0.09831499296657568,1,282.0553483416655
3987,0.0945029931984308,1,312.7201483914038
3988,0.07333805382390805,1,376.3480777469246
3989,0.06215550859833852,1,371.60425891380044
3990,0.06625650443421231,1,387.20081493546263
3991,0.061929732779331344,1,384.37006145968263
3992,0.08092369494666758,1,409.4975173142301
3993,0.08600222016273758,1,405.06116912019286
3994,0.12297613647502574,1,205.42536823532075
3995,0.09456956965227845,1,219.77478858618915
3996,0.06313048095202765,1,320.7557686315534
3997,0.06434739843626609,1,343.8545022036601
3998,0.09034664680920038,1,281.34009972075876
3999,0.048327714411865605,1,358.74803733289247
4000,0.032553554011965545,1,432.0638138365773
4001,0.023523572579246466,1,437.57742919264575
4002,0.022633001362973935,1,434.5350584276173
4003,0.031065758635700123,1,436.35299732542575
4004,0.05014563585321746,1,403.54249836210204
4005,0.0672556818909472,1,398.566726670813
4006,0.055238257417954253,1,414.7643037502866
4007,0.06559064730687982,1,389.06280628795463
4008,0.05363061535976922,1,386.6487923669205
4009,0.03586371452667657,1,420.64511073647736
4010,0.05523225495710471,1,394.8354043709485
4011,0.02974331256530798,1,422.2008713599991
4012,0.029787441063928777,1,399.27790627674
4013,0.03751521019721938,1,407.5319790476617
4014,0.03074281672764525,1,410.82718729584803
4015,0.031273820957447414,1,433.23767682195694
4016,0.021647793866760186,1,430.342686618453
4017,0.03485850594309968,1,408.37566819551876
4018,0.051118189095011694,1,402.49062185186597
4019,0.13709884246853013,1,212.27576258718207
4020,0.08239526973543795,1,319.5767101740695
4021,0.1250833359419328,1,256.895970934682
4022,0.0906603817446164,1,320.0110558406305
4023,0.11554903511952519,1,291.6451058095167
4024,0.1352538099952742,1,210.21543798248317
4025,0.10174236487414286,1,277.42011257344967
4026,0.11177257501095464,1,176.66415387174482
4027,0.10175117655025122,1,260.92989702447585
4028,0.09227807643357898,1,228.59712009079973
4029,0.08945229788750707,1,227.76252807274838
4030,0.08161906918642683,1,372.36247920809666
4031,0.07490795420554815,1,300.65771253125735
4032,0.09391703634571656,1,168.65001445497535
4033,0.018772478887390132,1,430.5651402328252
4034,0.017912619341971324,1,435.0396247821382
4035,0.015209068029620802,1,437.52109708893175
4036,0.014069451923723914,1,437.7392450675903
4037,0.012976822435956607,1,438.03418563297066
4038,0.014283636494605496,1,437.743113445179
4039,0.021928033068056563,1,437.2127075608744
4040,0.023182087047208227,1,437.48755132345815
4041,0.03885250386703793,1,412.53086076878674
4042,0.042374472024656835,1,417.77271057914595
4043,0.04178587971580438,1,426.55895119242876
4044,0.042055917542089816,1,414.3563219665675
4045,0.05402130774276386,1,409.4464734895763
4046,0.02799686238307988,1,434.785821155109
4047,0.03830842551651377,1,431.9260850559169
4048,0.046940018642846436,1,399.3470733890235
4049,0.031821700787975526,1,434.0805456128449
4050,0.014767385294536986,1,437.7848718465999
4051,0.011865029814847241,1,437.2053229954704
4052,0.00989149853787061,1,437.4239081359252
4053,0.014128988780638368,1,437.05152059223036
4054,0.006609448515718171,1,437.2061791423105
4055,0.005233831724064641,1,437.0698622236406
4056,0.005001484533669194,1,437.0015531008878
4057,0.014876384589905195,1,436.5711721340126
4058,0.013096596389863975,1,437.30188143417035
4059,0.005996703536453722,1,437.2375858228029
4060,0.008740019013426022,1,437.5220675067248
4061,0.013165345063943035,1,437.93820907655873
4062,0.014457831866050748,1,437.57262877070593
4063,0.014989050544883104,1,437.3567836327002
4064,0.024937351921062466,1,435.5603573112796
4065,0.01775405549020088,1,436.84930409301825
4066,0.022152628635073782,1,434.8256374283604
4067,0.015345157617292134,1,437.28527789827024
4068,0.021451828685409687,1,435.6709939279413
4069,0.013117618695889411,1,436.9472432328715
4070,0.016446801942816693,1,436.9682438882881
4071,0.02029972189636031,1,430.1233921237473
4072,0.01831441179941503,1,432.5895183431549
4073,0.020846369570663707,1,434.10385631013855
4074,0.03048460478527663,1,425.0778225412562
4075,0.0285905342050293,1,414.33669557274226
4076,0.03366247284067894,1,418.740569962369
4077,0.036323716886791965,1,423.2637269956716
4078,0.04463471940478007,1,404.19589249497153
4079,0.02980489084300836,1,434.501349450902
4080,0.026575929351463978,1,436.2258865289071
4081,0.022134248036401488,1,433.8367520908073
4082,0.022960786905244706,1,436.5514917018489
4083,0.022232392154482226,1,435.6780542060109
4084,0.03158597868056061,1,431.11750995031736
4085,0.010974186062420442,1,437.07880237400303
4086,0.011559559136396932,1,437.5241842510682
4087,0.007158114806851012,1,437.24300650212933
4088,0.008251692041561351,1,437.52095200405705
4089,0.008284123331560544,1,437.41838452369376
4090,0.009628336491923165,1,437.497205486399
4091,0.005408505872890885,1,437.08724748413823
4092,0.01822031699064251,1,434.796566017165
4093,0.027543390099163297,1,411.26129842167904
4094,0.03144581300844263,1,418.0779910446559
4095,0.048006804468747555,1,300.4421634828023
4096,0.052501049318085226,1,365.86790445405643
4097,0.08715014674262338,1,203.57015978791222
4098,0.08990138300923889,1,295.5721219173913
4099,0.08795321400079978,1,296.3627623319859
4100,0.08622493617538872,1,283.3324315657332
4101,0.06734594943912232,1,348.0174859102555
4102,0.06893424384376956,1,356.5667500464612
4103,0.06060026629227067,1,417.6663929062863
4104,0.03440840974652309,1,432.6071882592152
4105,0.036552037302234004,1,425.6976768873416
4106,0.011423367766990381,1,437.679892981458
4107,0.010071221414838082,1,437.4171749619661
4108,0.032453568214336335,1,432.1288714943334
4109,0.03982447360816539,1,427.22980945211845
4110,0.043765161541006244,1,425.7564587316915
4111,0.039612892056000444,1,413.1520970084726
4112,0.05130175440558616,1,398.65616139437714
4113,0.07581278372210197,1,345.53667209480426
4114,0.07858982284036582,1,273.764708340933
4115,0.07064762641487639,1,351.86813066224113
4116,0.09109002832233125,1,162.56781305470224
4117,0.0700110706425053,1,379.53040427093794
4118,0.10502047097720488,1,379.83988099942866
4119,0.22113268807833544,-1,-220.22216236968723
4120,0.2542147387859782,-1,-763.0293149765898
4121,0.18636841489785758,1,12.36685102996006
4122,0.20106776949377053,-1,-236.00042982966727
4123,0.15453221224899977,1,153.5661439231592
4124,0.15018594230561866,1,239.50331639918713
4125,0.1561645395644216,1,215.23680458055028
4126,0.09842773056734032,1,315.0879341234533
4127,0.12723657500890523,1,288.2566791446599
4128,0.17889783162774645,1,238.49083761484488
4129,0.1975275095238482,1,1.5894829381183513
4130,0.2388923283731887,-1,-317.23548898955937
4131,0.22566987813054593,-1,-55.450611321741405
4132,0.2550136170961845,-1,-443.5380374625772
4133,0.09540546429391306,1,238.42076876140356
4134,0.11357774306229097,1,22.340318319551955
4135,0.09862262173288497,1,120.59041019707718
4136,0.11947275477383515,-1,-10.18750678084325
4137,0.07237967641821848,1,283.6004859824675
4138,0.06931838584822693,1,349.16402468121237
4139,0.13137488393501126,-1,-490.51181257778865
4140,0.1513059734874552,-1,-777.3503520466236
4141,0.17353274884306227,-1,-2113.747992639698
4142,0.10147452840400195,-1,-28.202638431495814
4143,0.11952539018324307,-1,-110.64489269014757
4144,0.1432890101801933,-1,-736.1217546480398
4145,0.16958644031406836,-1,-878.953990360651
4146,0.12650763936228235,-1,-626.0719970164253
4147,0.14267855807699217,-1,-867.0524889205049
4148,0.15107900811588015,1,112.50022239224211
4149,0.09643549355113314,1,337.1418785104794
4150,0.15310041663402593,1,230.29834002981124
4151,0.16639217943209667,1,1.3545350754289416
4152,0.144832141029741,1,17.69228176287902
4153,0.1252825853271923,1,134.4042567541057
4154,0.14936515067330886,1,308.18734981251964
4155,0.15325902991698173,1,265.74487886795544
4156,0.24772365585790884,-1,-258.67355831280315
4157,0.2653802662477379,-1,-5362.1649863914345
4158,0.2322336358049162,-1,-1245.8378141308424
4159,0.1743771559331956,-1,-472.47367858294945
4160,0.2559252264760977,-1,-1445.4957358285196
4161,0.2142440956502155,-1,-616.5483892218147
4162,0.17587734325243007,1,155.19572589239942
4163,0.16731827849927777,1,102.15213561616787
4164,0.22399338360145798,-1,-330.7361355860078
4165,0.23152312538109338,-1,-580.9435328923563
4166,0.28664570330342815,-1,-2675.937166121599
4167,0.21282787741661952,1,2.2923825807841354
4168,0.19128698176145556,1,125.66450794362248
4169,0.27048746281791247,-1,-3199.6469379420305
4170,0.17125938608665223,1,6.626262939436231
4171,0.10132454347586033,1,339.3995481957751
4172,0.07241460342243136,1,384.77852252713035
4173,0.0590538630260446,1,417.26352264000377
4174,0.08542521145323399,1,302.36145626326334
4175,0.06078846973686824,1,381.0429626927813
4176,0.11666912525663861,1,77.22570500854403
4177,0.15556834569932437,1,33.93755238380231
4178,0.19309561521464916,-1,-60.14062269284295
4179,0.12533045464661755,1,32.57817157620394
4180,0.1295155293477981,-1,-103.16855841705296
4181,0.1345454258957147,1,192.15290300901418
4182,0.11584250160773654,1,348.93422050787643
4183,0.14331333084127157,-1,-54.188353275982706
4184,0.15561298255307188,1,187.0796673061907
4185,0.1357163431956838,1,230.9946988049222
4186,0.07382019211881889,1,361.7863296645695
4187,0.0790711552197475,1,322.0237302937684
4188,0.14021721608967488,1,159.0941643069391
4189,0.10356069048632728,1,365.12710216064283
4190,0.06249310374831862,1,375.4956554553944
4191,0.03952841985303219,1,383.75751466478175
4192,0.0374246177997356,1,384.06502638542
4193,0.04798125663187592,1,408.87372444351985
4194,0.04143354260541402,1,408.32991067999234
4195,0.04278227652873505,1,418.5561272625595
4196,0.020639100230693853,1,437.5223130308235
4197,0.05238239698228886,1,399.33858805657997
4198,0.04283822125938204,1,425.96965790528304
4199,0.04186340247199196,1,421.03464312879873
4200,0.08163877296677498,1,384.59076008983413
4201,0.08857817653480736,1,397.31110726200455
4202,0.11752284487239785,1,385.50497117053436
4203,0.06605344626631003,1,397.60697638623105
4204,0.07220004187527077,1,397.7645621269856
4205,0.08977549362777255,1,303.28189849850946
4206,0.07636076079137295,1,398.1378742928668
4207,0.07784341598008926,1,351.2442471781251
4208,0.09174518075084166,1,227.07838943679985
4209,0.0899620130050998,1,300.3163815865961
4210,0.0764165365639383,1,218.08545892402825
4211,0.0760339362475422,1,269.6290333854595
4212,0.08117272576421286,1,337.1497567659004
4213,0.03500663756045809,1,428.4906902768993
4214,0.053527493540159295,1,370.9506322160232
4215,0.08340518139760165,1,287.10206141509866
4216,0.062185781246035854,1,381.2689675799748
4217,0.05565432869573904,1,403.5401205939494
4218,0.07366491230051855,1,417.96091306458857
4219,0.08801568422919302,1,341.0351033341799
4220,0.04401679389861816,1,412.445913740656
4221,0.05395878347600119,1,419.54516456864013
4222,0.07575547038892141,1,342.02583687079454
4223,0.04544310474090818,1,428.7632052893933
4224,0.07691575697632932,1,342.80141381223984
4225,0.08347927230539522,1,110.3342767525562
4226,0.07499316950186778,1,84.94151560576393
4227,0.17389967316610377,-1,-1465.7055719994605
4228,0.09524152616216668,1,95.55348684922637
4229,0.2247846490843399,-1,-1147.7704561425617
4230,0.1816642115218161,-1,-264.763167970901
4231,0.1948717847462595,-1,-181.53035357890303
4232,0.1200815100971884,1,261.6818790145319
4233,0.11131961502586808,1,300.00243895720786
4234,0.10306397020704296,1,385.8771799984815
4235,0.07644379605627838,1,413.6767388756905
4236,0.07629387882989225,1,417.76196762067906
4237,0.07489411302258295,1,423.7226805996871
4238,0.09716187741658436,1,394.6440178360844
4239,0.0789005604193219,1,408.57089034921654
4240,0.06267437051216103,1,430.00238311296107
4241,0.08772074437144275,1,407.04272132101653
4242,0.060398352888345865,1,424.2196822381862
4243,0.07689062635299503,1,421.3671534305403
4244,0.0767861929292245,1,428.1271023912827
4245,0.06964485050582087,1,413.74815293262606
4246,0.04569413672613065,1,426.822404045257
4247,0.04868579666025531,1,408.46205156071795
4248,0.05815009538730266,1,425.0481880377324
4249,0.04657332567482426,1,415.7916618178333
4250,0.049976329361588835,1,428.84501451802277
4251,0.07645617574836759,1,363.00485138496344
4252,0.11691005463579072,1,219.01265877695283
4253,0.07049500405372537,1,410.852891841408
4254,0.08953019611256544,1,340.01761878531437
4255,0.11889823670074241,1,51.650556133776206
4256,0.1113340567754868,1,54.89884807271079
4257,0.09876711952579702,1,311.30662158658487
4258,0.07601270405242237,1,355.9943238285002
4259,0.11346584665215993,1,121.66332590785919
4260,0.08858398132249354,1,293.09276929674036
4261,0.06293812535526637,1,373.56353486505503
4262,0.11108408786309003,1,277.7068156600187
4263,0.17070819988263214,1,244.260648223447
4264,0.15689387116500558,-1,-129.81456162048744
4265,0.18950798151895082,-1,-589.5939579729368
4266,0.30667453523418164,-1,-3689.348460966541
4267,0.24966775536497907,-1,-1873.4965614699042
4268,0.16010106092326004,-1,-527.1994628019054
4269,0.2165758887516866,-1,-1368.455764603164
4270,0.18334031140900137,-1,-388.30499316523185
4271,0.1938456782196418,1,30.05767171752757
4272,0.1195215304845245,1,209.43203342591102
4273,0.14052255642577735,1,128.61844198689437
4274,0.14034684951927545,1,31.092780790283655
4275,0.1573840108347919,-1,-189.6380006427279
4276,0.09251869773636408,1,332.8186523151727
4277,0.09780286239448513,1,347.04038970488386
4278,0.09810152933719327,1,331.878089060309
4279,0.09619322006746771,1,292.1702843594363
4280,0.10467825988419621,1,375.0616877116421
4281,0.1382465843220974,1,362.8482733449096
4282,0.1394724879151844,1,328.6877488581481
4283,0.10799046143698122,1,279.72050689916676
4284,0.09745189102306254,1,253.56898305055438
4285,0.0795161566365664,1,370.59962488631743
4286,0.0866140562880304,1,305.27737793923404
4287,0.07172462369092687,1,412.9273183167176
4288,0.07389400122796852,1,405.31098848098173
4289,0.05454042387839963,1,421.82233254077664
4290,0.051873906181733986,1,422.6286270496823
4291,0.04932640017922544,1,417.5388943983857
4292,0.034505126330526215,1,434.72515188588164
4293,0.04306367164263024,1,430.8823008754177
4294,0.03749898273461512,1,434.28654700286666
4295,0.045672040297888586,1,414.2372772669559
4296,0.04147337216449504,1,431.7393472224197
4297,0.052422664549498725,1,403.8470532776287
4298,0.09948843263003788,1,336.3944032758003
4299,0.10468293520651913,1,61.22493118653716
4300,0.10397039273934057,-1,-112.43242060893544
4301,0.19563993320018117,-1,-2117.6423584528593
4302,0.1381968879367369,-1,-748.4607585728731
4303,0.25398333810738355,-1,-3911.0901973367854
4304,0.34086985784877005,-1,-7227.764346689772
4305,0.13988026948004825,-1,-565.5737087010018
4306,0.11977145194206128,1,27.370548246730948
4307,0.12934633216734395,-1,-91.46865833889149
4308,0.170760851707143,-1,-598.3197861524216
4309,0.19631287345347276,-1,-852.0588892582882
4310,0.11087047541460159,1,285.33140774735114
4311,0.12593672964504643,1,366.6884467151207
4312,0.074823162258137,1,346.1797378645584
4313,0.05943072915154422,1,377.5445710863059
4314,0.08213236132522607,1,107.06289254338907
4315,0.08149190107138679,-1,-219.45576797608214
4316,0.11341148824676887,-1,-143.68570350186985
4317,0.08163917139566283,-1,-0.5030015328807735
4318,0.0617344046724367,1,261.487919832227
4319,0.06230303676705866,1,358.02059907682366
4320,0.09603062994505425,1,232.76274467051746
4321,0.07036224624161079,1,417.34530481393824
4322,0.08523745308327423,1,368.28021781812845
4323,0.0632065115518381,1,335.27796021411586
4324,0.08439199617237163,1,284.1073517852659
4325,0.10017913569813323,1,193.5706017211066
4326,0.08743210892849639,1,350.2874870868558
4327,0.09003055718461782,1,305.89751527123553
4328,0.09711128694246433,1,338.692370001158
4329,0.10468373426133001,1,131.78696345913409
4330,0.13979156319173217,-1,-39.553364609423795
4331,0.13172336583507785,1,240.30779111053835
4332,0.17130826518599435,1,22.236287295302077
4333,0.12751818498715672,-1,-266.4318950349201
4334,0.15870298833617527,-1,-628.505977248622
4335,0.2309429840308705,-1,-511.7431823899452
4336,0.16455324234800048,-1,-464.76086805401155
4337,0.12942048248463062,-1,-0.35761097132706254
4338,0.11955870204019647,1,110.69058716072016
4339,0.13709534303987567,-1,-92.03931633991908
4340,0.09941575967867963,1,195.5976217114511
4341,0.08045661658034098,1,236.9004839365714
4342,0.09137584929958817,1,237.2571679602997
4343,0.09119607178282692,1,252.3238972104007
4344,0.09443527316068322,1,267.30819310946987
4345,0.07053066828822742,1,346.8238520132022
4346,0.09256901287546426,1,290.7794172497653
4347,0.06001240436600199,1,359.7975239973456
4348,0.0704077351398704,1,286.2552280576392
4349,0.06827615247072892,1,300.8690888598917
4350,0.09920882786386367,1,118.97196701614774
4351,0.10295367663024046,1,121.79060315339115
4352,0.06266533386845245,1,339.300687551941
4353,0.0779602235518678,1,345.4883920528054
4354,0.07593188874726753,1,282.39985100108356
4355,0.055198927273152655,1,384.97535705851755
4356,0.08099573683621838,1,259.15395622399126
4357,0.16466520036941681,1,217.71529543264535
4358,0.17995660086051582,-1,-650.761896391846
4359,0.21896748423190757,-1,-227.87891204502432
4360,0.22129606220510903,-1,-846.3371919159958
4361,0.23849923025949946,-1,-171.1123506436627
4362,0.1939584589199766,1,105.9603036536019
4363,0.22836129332817112,-1,-299.8762872548368
4364,0.1602152264756096,-1,-812.9796986387664
4365,0.12769183294346362,-1,-510.72103651101395
4366,0.0815207858489956,1,211.08242110919429
4367,0.08660779338443116,1,287.4773546661165
4368,0.06128794644036547,1,420.08060955325647
4369,0.07557312864036565,1,414.9437864324714
4370,0.09835330145264824,1,343.2362396409136
4371,0.08463846485705417,1,359.600763972334
4372,0.08093552554694187,1,362.2518995427285
4373,0.0870390153714699,1,368.0998191736897
4374,0.13364879450833891,1,362.14263837930685
4375,0.17019570704221862,1,279.49647227872174
4376,0.11358809944909486,1,364.1011005724736
4377,0.12275919537695772,1,332.6136930482802
4378,0.08110032472549476,1,391.2958503225361
4379,0.07699995049420416,1,370.103546284354
4380,0.10169226246196121,1,376.0134640020521
4381,0.07540416718750663,1,377.6593276019101
4382,0.16253029409185196,1,79.12996573497117
4383,0.14163819056996987,1,147.29358333961585
4384,0.2157211500797255,-1,-558.9200685242224
4385,0.15671938789526796,1,118.8198403882297
4386,0.1711278607671962,-1,-348.69360766838804
4387,0.1499035680347963,-1,-30.320487908510188
4388,0.1436080826899952,-1,-194.16810670809753
4389,0.09176170092682136,1,189.36868991627895
4390,0.08330866077091684,1,329.2389635647296
4391,0.07787019582983909,1,312.0620272767368
4392,0.04281250096165549,1,426.60155066064715
4393,0.17223674837425465,-1,-262.16855694885317
4394,0.35870841934158404,-1,-5689.418818562779
4395,0.29660319241184335,-1,-3134.410693000177
4396,0.13217744615008978,1,7.32140753568757
4397,0.18177264749522445,-1,-1111.8832974664224
4398,0.12233864198496207,1,296.75549637750714
4399,0.17319343534305823,-1,-48.04493766608255
4400,0.14435673229737453,1,108.1697198361876
4401,0.15379545713480658,1,213.92248281969844
4402,0.15523784624187664,1,202.2238416350473
4403,0.13167618008567666,1,141.11529954181572
4404,0.13590206516684533,1,240.57739247198037
4405,0.11602252699924819,1,304.06537479384264
4406,0.156401288737051,1,273.59586359179275
4407,0.25231464454706004,-1,-111.88421498650882
4408,0.24485928955801597,-1,-295.53687635637493
4409,0.1853398119799047,1,146.06689974050295
4410,0.3312118925976266,-1,-809.2515096556431
4411,0.19233341083584923,-1,-242.82385444420675
4412,0.27488896479387004,-1,-247.51257383619418
4413,0.29624235993973125,-1,-321.2067470797166
4414,0.14164266781108353,1,224.96393317198502
4415,0.22111359908137507,-1,-474.6288107118056
4416,0.19937621882816994,-1,-410.1719485120052
4417,0.20667182920158764,-1,-46.22621296335643
4418,0.17341480392800548,1,263.60580763750534
4419,0.18229193038630173,-1,-207.858540402411
4420,0.16053221803318532,1,40.733047404152046
4421,0.1336350389800656,1,311.51297953292016
4422,0.20652644531144557,1,31.617729159731823
4423,0.17999981495856665,1,189.2306617234483
4424,0.2782133521682503,-1,-284.5487796395263
4425,0.1342873497508487,1,336.25055075383193
4426,0.09995947642374181,1,168.18987991642888
4427,0.10180233571928707,1,227.6938068104283
4428,0.05555327703389447,1,409.4194351335506
4429,0.07908440896814306,1,187.75331816775793
4430,0.03855987544231964,1,418.53649228729046
4431,0.0400813090169252,1,419.6513255382552
4432,0.042993441962357916,1,427.4222149816787
4433,0.03312211374066798,1,431.93697765780865
4434,0.04591686070094141,1,423.74964076576094
4435,0.07655838744255618,1,283.680150709006
4436,0.10260459926036189,1,342.05921703068395
4437,0.13882981138739822,1,190.12530176460024
4438,0.12144617700169927,1,124.3287837684934
4439,0.09945214297302464,1,143.81858963008546
4440,0.08493759871472228,1,388.783777421849
4441,0.10107734485106246,1,343.6939467422207
4442,0.1380268420457578,-1,-102.9103034898286
4443,0.105068579309142,1,175.29663470709932
4444,0.08580158874402734,1,342.5755583385476
4445,0.10957634072651694,1,106.60267852568631
4446,0.10893598739873422,-1,-59.83097984125783
4447,0.13232439223980672,-1,-706.0164515560405
4448,0.14583424183973756,-1,-601.4266266613436
4449,0.06634400424956233,1,380.87616492509716
4450,0.09297244797163917,1,108.16026048904689
4451,0.14082915355706302,-1,-282.80627978135556
4452,0.09150036614721967,1,290.6238934804593
4453,0.07531891283665104,1,358.1277945859142
4454,0.06486603686354872,1,366.2067306903357
4455,0.09397986290991188,1,316.1870469941941
4456,0.17004873246225521,1,237.642804816443
4457,0.16468491204019536,1,303.8137323897823
4458,0.1747520333782624,1,336.80249469311195
4459,0.17777609150439774,1,291.2256277004483
4460,0.17063399285220843,1,322.43762987020784
4461,0.16954292772811672,1,303.7899209524286
4462,0.16161209902660323,1,319.5710186832789
4463,0.21281450990652,-1,-84.21727063782271
4464,0.21640255912938924,-1,-178.59480290937108
4465,0.07752785239778735,1,406.4044142116733
4466,0.0967384683483579,1,365.92078160613244
4467,0.11225178431192243,1,268.88695787161214
4468,0.09863728410525434,1,373.40405292113303
4469,0.0944026701612769,1,355.98037228450175
4470,0.05211357500688302,1,422.94267549220183
4471,0.04302398400380283,1,405.5439987044757
4472,0.07031983755289015,1,316.25903923245437
4473,0.07417265968117928,1,352.91898130821255
4474,0.10265561216896098,1,184.0459567225835
4475,0.10783269233630798,-1,-67.80895535787118
4476,0.09452950927848851,1,146.66573906130031
4477,0.09211536263471966,1,229.55878406489833
4478,0.06640950629989252,1,414.74362461751554
4479,0.10494587083498755,1,279.09412167617404
4480,0.05112526558577774,1,419.1813160267125
4481,0.07105472866944101,1,322.412139403751
4482,0.13987488780973423,1,112.24080938587838
4483,0.07296547686800414,1,321.52950085307657
4484,0.21303845705302682,-1,-591.8334805671525
4485,0.15851547554221815,1,253.70677646454075
4486,0.345914790037766,-1,-1176.9723213283132
4487,0.43017294751926105,-1,-3430.4840388049206
4488,0.34147040876708445,-1,-2535.31765571067
4489,0.4743765877031882,-1,-3448.5882447494187
4490,0.2275051356388123,-1,-595.6671869008453
4491,0.13035121752448708,1,247.35662430805678
4492,0.17288592355028046,1,15.6250369239404
4493,0.9629086515940042,-1,-34172.49264808394
4494,0.20452881046231844,-1,-957.0993102797779
4495,0.44700582746521117,-1,-1767.997674828786
4496,0.12832154233777454,1,129.21960722233888
4497,0.10782720327576324,1,88.8698786813348
4498,0.182853548166732,-1,-41.46986934708616
4499,0.11190518352184652,1,317.69453615287165
4500,0.07594242622382595,1,398.7072803096396
4501,0.09283040238439645,1,135.06540170970806
4502,0.08483693751132684,1,356.07260964502535
4503,0.1070719919494515,1,387.7958368429374
4504,0.13567649127398387,1,364.0931618940287
4505,0.1877190549877771,1,328.94078799579694
4506,0.15386069698476176,1,310.6580645636328
4507,0.1387680806652106,1,321.8329807871877
4508,0.12938899682354993,1,94.75606467914741
4509,0.14451841151361197,1,20.284345882457842
4510,0.16324787964308465,1,26.56708993467595
4511,0.13990021833450644,-1,-37.96532123271669
4512,0.2114040398589468,-1,-164.72406052501628
4513,0.11120720463403626,1,263.79841989029114
4514,0.11994881658863006,1,12.254169982340386
4515,0.11915870679298621,1,333.21952851419866
4516,0.12500483277579255,1,350.6964709729781
4517,0.13128696219282135,1,249.3473169514487
4518,0.13694488385847178,1,198.0764371292555
4519,0.12811389733954145,1,251.3208446792753
4520,0.15180330739151157,1,276.78252578728495
4521,0.21146018232943872,-1,-22.245680360293363
4522,0.2050328704605566,-1,-195.18325689422795
4523,0.4145421176176073,-1,-1085.3806726594935
4524,0.22570242817846828,-1,-358.6337534842811
4525,0.13845092857371885,1,140.9760342310853
4526,0.07224773267999081,1,393.8119790329805
4527,0.2450845667634328,-1,-1918.299121530563
4528,0.13085700366081512,1,169.51495242443923
4529,0.16714293984481457,1,29.021312563766628
4530,0.13052182424335348,1,323.15730943577375
4531,0.09527077049966615,1,378.6515495670443
4532,0.11990839531103951,1,231.78918982331834
4533,0.09895916249887612,1,382.28437997866985
4534,0.07881042157848968,1,409.2733523792319
4535,0.08813406504435307,1,379.50086354465014
4536,0.1519017677181204,1,40.859907957466305
4537,0.1202160315529616,1,271.4112283659531
4538,0.10145490572351411,1,186.70707897133292
4539,0.07054630610403188,1,311.19869093265777
4540,0.08418928843945168,1,223.97180708149568
4541,0.3719612444780643,-1,-2741.538945679552
4542,0.29397789539998376,-1,-578.0259825738483
4543,0.24911012668589352,-1,-39.646088716838335
4544,0.1425179394481041,1,241.54526402835316
4545,0.15972026124246935,1,98.55843517390525
4546,0.15591380378603903,1,179.18137659099767
4547,0.1786768652851405,-1,-504.3767297945243
4548,0.19980695132734003,-1,-767.5349252165695
4549,0.1765880411431722,-1,-1311.2919782279316
4550,0.35414361857250737,-1,-1284.7946545856692
4551,0.15644409090460057,1,88.89196959199887
4552,0.16997339616107213,1,261.6762221841408
4553,0.1677931668112658,1,105.8683659647968
4554,0.17216467866625454,1,57.19489005865455
4555,0.14559976179948061,1,195.90901296629104
4556,0.15337020026368223,1,246.13296413338395
4557,0.13873742108521694,1,22.187482197122165
4558,0.1173974630566119,1,233.9043502357024
4559,0.1472914184266591,1,233.7296561622615
4560,0.09944052435556314,1,332.78114809280385
4561,0.11114215496530049,1,365.52631570464644
4562,0.17622902427906678,-1,-222.9171197796893
4563,0.15519794408503124,1,23.08553902344022
4564,0.15201252634082713,-1,-380.546966213499
4565,0.1145810599797009,1,234.23168175466662
4566,0.2452430857947311,-1,-382.6963057353714
4567,0.2640651742996144,-1,-553.2382544009516
4568,0.26859048799027957,-1,-172.57938586232603
4569,0.16597363053690276,-1,-1168.9845607777486
4570,0.12418254562982446,1,242.1655657631297
4571,0.13574626524904015,1,60.9614561735184
4572,0.19415309355166646,-1,-196.6884380981885
4573,0.07086356232368421,1,414.1643837257749
4574,0.056596731924250264,1,427.6088080995157
4575,0.09510204547066495,1,346.4233985339666
4576,0.15636621213151866,1,34.19469772881121
4577,0.2235974128729497,-1,-545.4053315624981
4578,0.14256613149672714,-1,-304.94090724483874
4579,0.11784278005916202,-1,-5.095072420473571
4580,0.16980869493097986,-1,-331.3747662348562
4581,0.1354902316998576,-1,-487.66339290785845
4582,0.18042699039792068,-1,-356.1114822811529
4583,0.22994392523514592,-1,-717.2491921226215
4584,0.15550240864202408,-1,-243.55878928292816
4585,0.09881607841520594,1,337.2517757600176
4586,0.0841748634527235,1,351.6437801662797
4587,0.04983053800458287,1,426.86415405788597
4588,0.04517423363152938,1,425.0995814406004
4589,0.04765819991138353,1,420.2706188405347
4590,0.0344036109082683,1,426.07725892970655
4591,0.03873354592259781,1,428.8952437046243
4592,0.042660901401339886,1,429.7183165611811
4593,0.0458436731335059,1,432.3772450304165
4594,0.0467975514177182,1,423.7761146394407
4595,0.04081456136129417,1,429.47013521131896
4596,0.049609996098069695,1,337.54445629333793
4597,0.049187455109491886,1,373.4102873235549
4598,0.044057802136290104,1,404.23179050323
4599,0.06919071073569501,1,380.0854219791439
4600,0.08720777038956892,1,337.6751586221369
4601,0.08676095344437354,1,353.2896023631768
4602,0.07880152612391299,1,347.8124763180182
4603,0.1395625778642088,1,350.36031895497183
4604,0.10076374604167286,1,393.3853704159106
4605,0.20682044480199163,1,207.81377050243984
4606,0.1182312674902655,1,320.3899661548454
4607,0.11594135498989881,1,333.5304424009184
4608,0.1773672629223297,1,33.74497994992845
4609,0.10155747824076801,1,344.5912571492435
4610,0.10317063445553597,1,316.5374953434526
4611,0.1014369791165461,1,281.8350520202033
4612,0.12284631745720329,1,274.0859634813428
4613,0.12797936973298135,1,215.50959336297166
4614,0.08952347306941388,1,187.91176125821994
4615,0.15613203072109472,-1,-489.0204581786403
4616,0.08569598029292765,1,3.2672228200692643
4617,0.1778215716307277,-1,-293.09371227343706
4618,0.2168167440949397,-1,-581.616537986979
4619,0.12083272315113494,1,230.45931402773405
4620,0.12021519160959801,1,352.6226893725025
4621,0.1080615679226374,1,292.89665545419064
4622,0.0972356952587106,1,69.89439339555042
4623,0.08604298396879541,1,218.61818814580351
4624,0.09125219355784106,1,340.4689004361461
4625,0.06953388283112893,1,401.97338759718446
4626,0.050589376628957725,1,426.6428740330677
4627,0.04899611256015041,1,413.9665398466953
4628,0.046501272389681526,1,427.5185877857159
4629,0.04832945348630735,1,424.41929553334444
4630,0.057990899265836574,1,424.1884999023735
4631,0.07639346109865823,1,422.6676322718481
4632,0.04749771697484214,1,424.18123203713174
4633,0.06983912411171342,1,422.0147589727632
4634,0.03986481132880942,1,431.6576042746088
4635,0.04773943914392782,1,428.518363899789
4636,0.04771644694428635,1,376.81450042233496
4637,0.09559393273459402,1,145.31724030445992
4638,0.05953626245472704,1,266.1602577603586
4639,0.05760371695590331,1,305.79409532491877
4640,0.05410577507586537,1,289.6057257490054
4641,0.13107605090460714,1,116.62016332802472
4642,0.10765408161662109,1,197.06717332372523
4643,0.0813326811118741,1,353.6409078445339
4644,0.05835724538275452,1,368.36185416802726
4645,0.08033009279168761,1,391.23057761399355
4646,0.07753456519528998,1,343.6407512037481
4647,0.08261131705817426,1,351.4566062533146
4648,0.11043630800609505,1,289.90838154928576
4649,0.046542592278715884,1,375.96474167708146
4650,0.05490540594070402,1,421.7252123066776
4651,0.048273479669623864,1,433.7945048824761
4652,0.04171984425619309,1,434.7049035363873
4653,0.050858519727793094,1,420.45455620915976
4654,0.048492895201407614,1,411.0845379771879
4655,0.04478229263347623,1,413.41630643571636
4656,0.03459070317094352,1,424.8983347823314
4657,0.04090306090988077,1,424.1111762515655
4658,0.032876425541943914,1,419.14077883072116
4659,0.031523626965201015,1,416.8756028038582
4660,0.027140850943420065,1,429.6113368810328
4661,0.03017606845147294,1,416.6303053874719
4662,0.020057656539200552,1,428.59084783380524
4663,0.03600512451721951,1,418.18914605138167
4664,0.13977019875778288,1,331.92921293767756
4665,0.14626388479296562,1,300.7515341586137
4666,0.08599508488913034,1,367.86035528388015
4667,0.05362063611292086,1,418.4751973643281
4668,0.10820814286888433,1,385.32878889297
4669,0.07253229568176969,1,409.1484764015511
4670,0.08553631512715312,1,399.81802008453894
4671,0.08442458072086943,1,391.60162849864895
4672,0.04704060656161002,1,422.9574245438207
4673,0.07949508461454925,1,390.20838712469606
4674,0.0685915218180445,1,430.39087365182195
4675,0.05015098875051401,1,424.83014338441586
4676,0.06342308301142038,1,417.49570358840634
4677,0.04716634012932869,1,424.13475883087074
4678,0.0544826106912591,1,418.4118093927197
4679,0.05845050516662513,1,411.49593086714117
4680,0.09794501131963106,1,357.391022869583
4681,0.0658876675132577,1,409.85513735646913
4682,0.06620818017456914,1,412.55822579086436
4683,0.04605567021183434,1,426.9872106753072
4684,0.05017032366261359,1,428.9408238056572
4685,0.07567859363380518,1,406.3371826488266
4686,0.07035691265812662,1,424.74593986767735
4687,0.053461902116445005,1,428.5992953546187
4688,0.06113184837320002,1,419.580824618454
4689,0.05326649778882308,1,424.7424965818228
4690,0.06408416625320199,1,431.9677188691277
4691,0.06126023690357946,1,420.91815344050804
4692,0.05344645835037859,1,419.83311413371973
4693,0.03585551985553538,1,428.66503103125336
4694,0.023887395713985328,1,431.5747585344442
4695,0.02807642021980285,1,435.5013004133448
4696,0.01705505504072322,1,437.03427850390403
4697,0.024091336448391037,1,437.49067334085197
4698,0.02094454787791234,1,438.179675607902
4699,0.021072662157164433,1,437.68154168495414
4700,0.02934669969139118,1,434.2722411578728
4701,0.03761459568159148,1,433.5609840898286
4702,0.0489727495847823,1,416.05780489853834
4703,0.05758907495244227,1,407.7062192372891
4704,0.04548126234583689,1,396.2719571124161
4705,0.053182703965320564,1,417.16717786236325
4706,0.05802414252516029,1,420.3713234257781
4707,0.05176295485699127,1,412.23870622925665
4708,0.04554245255190293,1,416.7655292922585
4709,0.03893661488868801,1,423.9465350552693
4710,0.04904120907749816,1,417.240884430771
4711,0.04183604436373357,1,419.21885380289365
4712,0.051823562353870756,1,407.3617297038744
4713,0.05364524807047773,1,400.5207802242784
4714,0.05512477947201456,1,376.14712559732027
4715,0.05432952246226586,1,357.3347748258757
4716,0.05666502123977494,1,354.26825903651087
4717,0.07017622580352692,1,375.3733021020174
4718,0.07250458924366736,1,369.5740171767361
4719,0.06400464562446388,1,422.6106740782132
4720,0.04929622493853035,1,421.68537128747766
4721,0.05865126853380993,1,416.0419956521938
4722,0.06374357710915032,1,400.34379311933344
4723,0.07603963167791526,1,383.8526360639121
4724,0.07557799841375377,1,346.86574652047796
4725,0.06774287336268767,1,398.70031762995706
4726,0.05074353429645984,1,413.8920485586382
4727,0.07442685048959172,1,392.54273752975587
4728,0.0636866220787721,1,408.87559571977016
4729,0.05264515114816926,1,408.8976874161506
4730,0.05247985863391214,1,404.1508734885618
4731,0.05293983079803383,1,414.23535515775677
4732,0.08545484321165461,1,394.2075719046799
4733,0.0540281077916331,1,421.00201820477605
4734,0.06487424743043076,1,402.20095519492133
4735,0.1293578615234489,1,263.29915973382623
4736,0.13167275328130304,1,348.5382469887708
4737,0.1564490530869727,1,280.2119617498224
4738,0.16885829869238972,1,196.25497750010865
4739,0.1675477119152154,1,109.3433938137307
4740,0.1334131862018903,1,256.0194370559042
4741,0.11644635969194708,1,389.15973506578496
4742,0.07211911837976112,1,387.85107485794055
4743,0.12745919029732036,-1,-75.03131641461175
4744,0.08816267219978348,1,364.7095360852071
4745,0.04097957794764083,1,431.5212789013655
4746,0.03510133428774918,1,424.1548246098381
4747,0.033855120425133986,1,436.3962457493205
4748,0.023184799738950414,1,436.7286903701489
4749,0.026853800763042446,1,433.40815065237103
4750,0.025202606281804752,1,436.18535451748824
4751,0.03155822342822614,1,435.8504012676643
4752,0.0205861144505752,1,431.8381637217673
4753,0.03186635690006708,1,427.9744801365857
4754,0.035374603858314056,1,423.50395602608734
4755,0.031344381874755814,1,425.243518641493
4756,0.028652544800042666,1,429.69313585019654
4757,0.032634207156464395,1,432.4974027072035
4758,0.02958532198507944,1,429.49445779984063
4759,0.03522611846904195,1,430.2054299091839
4760,0.028048825184274744,1,429.0313600909783
4761,0.02872691646923633,1,429.5567040202772
4762,0.02892655509051525,1,430.8150318034223
4763,0.019708109920418358,1,435.59046404612735
4764,0.01883044725774265,1,434.0135698037012
4765,0.015729077401738064,1,437.5027870337231
4766,0.01563566709824219,1,437.1248281916013
4767,0.02306644605499984,1,436.11035893468465
4768,0.017426038298992592,1,437.0179086787311
4769,0.025919953460646083,1,436.1661784191361
4770,0.03354612901485907,1,427.3176255959389
4771,0.040866440248921845,1,421.9147510833277
4772,0.03618442886629459,1,428.4470347892084
4773,0.0446363156746485,1,429.75245896686636
4774,0.05154447382890465,1,424.867434977476
4775,0.06622007231954175,1,402.5089460041882
4776,0.060332205216977526,1,418.358618379028
4777,0.049161785806414934,1,428.86655195179736
4778,0.03241061431042061,1,434.3713488917809
4779,0.029808652608198257,1,432.78664449753325
4780,0.024171215560430864,1,436.0293899922952
4781,0.03285696042012661,1,435.25009203104446
4782,0.05573038448947488,1,428.9199882124308
4783,0.06684903293856632,1,384.84829207854546
4784,0.049010180471995186,1,418.9332716817485
4785,0.0433429991744476,1,431.4105573654953
4786,0.07103742245148388,1,407.19362622904936
4787,0.08757966547747376,1,363.0258079922602
4788,0.07234786251054022,1,407.64017913614515
4789,0.11108281759326462,1,182.7701740995559
4790,0.07312148636962375,1,275.89539918762364
4791,0.08625738273498862,1,268.9620142280062
4792,0.09461562656181603,1,354.82513273242347
4793,0.11568383749533459,1,197.84127360822902
4794,0.1139272448429984,1,195.29108724702698
4795,0.1707535540833151,1,39.08295064744101
4796,0.12545901220844688,1,288.74275243435625
4797,0.12730788960758077,1,303.7082121647903
4798,0.14774957480124518,-1,-32.61606788043554
4799,0.1136851585533299,1,331.4364175981854
4800,0.3686841822961564,-1,-201.42707294941908
4801,0.16474334888124348,1,96.07388330893008
4802,0.18478198457058506,1,144.9701900959028
4803,0.16379381847018942,1,264.25817834479597
4804,0.09339116988337312,1,392.99409565913584
4805,0.06003107402987483,1,408.345457797202
4806,0.06699336141149914,1,425.45822566748876
4807,0.05459039723905928,1,418.64256279208456
4808,0.06469878886241036,1,418.2182885309615
4809,0.0733885067182789,1,423.88343334771054
4810,0.033899435179900794,1,432.40974802720496
4811,0.03719082714524468,1,429.31206370099494
4812,0.03505485791020847,1,430.245440370892
4813,0.039429774107625666,1,429.0440832793121
4814,0.028725358564761234,1,434.9450080667777
4815,0.041786036102956135,1,427.06144948706856
4816,0.027307932357642364,1,436.15906438300914
4817,0.04377362734420309,1,429.4933606665131
4818,0.02057278864002318,1,433.2538583979566
4819,0.02507525797682657,1,434.33681410910793
4820,0.02117150530324513,1,435.046951858107
4821,0.02721374690477209,1,432.06324196972224
4822,0.043329207510397934,1,427.6370874250682
4823,0.03143973752214867,1,432.37868719555314
4824,0.04780215431530248,1,422.54909814877624
4825,0.016734120733368763,1,436.95370144075724
4826,0.026561403868654774,1,435.8971633557987
4827,0.01457431411426148,1,436.9839254973107
4828,0.014213151308341434,1,436.5322578327667
4829,0.03071881611649336,1,434.3739318620205
4830,0.037278136776435045,1,428.3304407945589
4831,0.033046301821920185,1,434.43747422124386
4832,0.028686613500966015,1,437.411430718581
4833,0.05420315256478829,1,426.78337234119573
4834,0.04492101445104,1,434.38217285332706
4835,0.031270125206244066,1,433.63331021838275
4836,0.026224349628902993,1,434.7751841842255
4837,0.017602305733845403,1,432.17496635664406
4838,0.01791903983809682,1,436.4914395896965
4839,0.01638443549863575,1,436.23489663272215
4840,0.024189672678036823,1,435.67460638249145
4841,0.029141075535382928,1,433.5985515062309
4842,0.028461559181267658,1,423.6432057220523
4843,0.015328204215425694,1,433.61167220464
4844,0.014939229011507089,1,435.705973848951
4845,0.012319616017583902,1,436.679573507918
4846,0.014134617744465216,1,436.1264959633613
4847,0.014096837207201496,1,435.7832583587992
4848,0.02562593704970099,1,434.4951660891902
4849,0.02111579883172684,1,435.9848428879016
4850,0.020271825808391052,1,436.26171786480876
4851,0.012017600855788188,1,437.4539991216866
4852,0.02108108479488453,1,436.4009622405147
4853,0.01175719802564082,1,437.2032981189417
4854,0.01653841998697058,1,436.5029302144881
4855,0.016706663321119624,1,433.5783599784632
4856,0.020559775036816188,1,433.66558948000454
4857,0.02327135560408092,1,437.6387120819719
4858,0.020047148994458103,1,437.3689121256449
4859,0.023769759013355516,1,436.84755492806954
4860,0.03698002728437042,1,435.04086561162444
4861,0.07949529902741392,1,397.9020920462307
4862,0.06377198458667675,1,416.9204315605101
4863,0.0628428000867203,1,392.6659996622976
4864,0.07766836552623897,1,353.36033196690016
4865,0.07472902803747465,1,366.7777342677617
4866,0.10842879202589177,1,326.57326180378567
4867,0.12393361705312703,1,311.3807942121538
4868,0.10639986484927234,1,335.77354573586365
4869,0.06695199037822694,1,395.29393069904927
4870,0.06169085650835942,1,409.05468241673304
4871,0.10287644890892046,1,338.93542967408615
4872,0.13898039963519038,1,250.34142912835696
4873,0.10230967734041638,1,381.18564076475803
4874,0.1012503712989231,1,394.1118889348253
4875,0.055246886039903374,1,425.4396143123671
4876,0.17907292304433647,1,62.82756644273758
4877,0.10179710112384803,1,392.63037918832464
4878,0.14859693421056278,-1,-111.91317032093377
4879,0.18790392935939043,1,152.7523977190117
4880,0.12383527456574318,1,322.7497664191535
4881,0.12076233712026163,1,252.29183515430543
4882,0.09163370434319304,1,280.6075406656897
4883,0.11368290316772857,1,308.6125539884285
4884,0.12982902413072456,1,240.757646262449
4885,0.1584566503826017,1,149.9130564634923
4886,0.15824253440695893,1,125.59122801730882
4887,0.1236891379840122,1,281.8363017607
4888,0.07681177491672678,1,392.34083195089795
4889,0.09887269838115835,1,354.2775714561312
4890,0.061906042719713374,1,418.3667275279845
4891,0.0729308256527208,1,420.6557675717531
4892,0.05086778475566049,1,403.6971057553767
4893,0.03054541683439946,1,434.8966746372038
4894,0.03621826487043187,1,435.4986934058058
4895,0.03415008160588686,1,436.3353448541218
4896,0.027793829940987853,1,435.17197154584693
4897,0.05139492500638743,1,428.98109475007834
4898,0.06429689994328544,1,419.48470087693636
4899,0.03429708412316196,1,435.9319428795226
4900,0.03420899541084298,1,432.14215990797067
4901,0.03799614376588806,1,431.7230964112921
4902,0.018700727974104808,1,437.5985719905781
4903,0.017014803656777662,1,437.8208663250803
4904,0.0262313821603744,1,437.25005576779336
4905,0.03173563538806364,1,434.7851917850723
4906,0.011986136499802198,1,437.41178546105806
4907,0.04047382478598787,1,430.6945688151055
4908,0.06518408377183699,1,420.52808630400585
4909,0.050399405781739834,1,434.4871928476482
4910,0.030793915416889604,1,423.54686496971766
4911,0.046349744208590546,1,418.02241665398583
4912,0.06080574532670493,1,376.43687911585073
4913,0.06280726485587142,1,423.07830735378997
4914,0.08512924033218136,1,394.0149397858598
4915,0.08773919811066534,1,330.6682157171188
4916,0.07837914554980095,1,376.4512057932795
4917,0.07804831752416039,1,319.43534531744046
4918,0.0562663684118397,1,372.4765010882787
4919,0.06360137182568082,1,373.86013977805254
4920,0.07700808814445896,1,335.5464512402623
4921,0.04923346801072016,1,398.81782599175443
4922,0.031564144600780726,1,421.66051761759513
4923,0.04447004073140794,1,409.41813812876154
4924,0.05205185450027196,1,412.1405251467123
4925,0.06079337878084211,1,380.7961159289857
4926,0.01273112679169339,1,437.00962864613484
4927,0.03014151700653298,1,430.96319373143217
4928,0.02119494682893661,1,431.7834573752114
4929,0.026527526688113527,1,429.8238799169694
4930,0.0276172092521236,1,429.13397929100626
4931,0.07651118908826259,1,388.0666941320072
4932,0.15830696567003094,1,141.47065246271677
4933,0.11143408345377455,1,309.1568227346372
4934,0.05626132217366059,1,422.5864445850581
4935,0.07186075206105447,1,410.0390295879155
4936,0.03849857859182339,1,436.99773925185093
4937,0.04137282246391168,1,431.9211035851113
4938,0.0284739267540863,1,437.90844703658814
4939,0.03946125472850647,1,435.8859240549566
4940,0.05088601970149111,1,431.84107579391735
4941,0.030695509209234674,1,437.22516089358226
4942,0.04370261776262117,1,432.67417390685466
4943,0.05056025894302476,1,430.80134329685245
4944,0.036398755569601,1,434.60759535738595
4945,0.032079110980024736,1,436.69319681694225
4946,0.04709404305475599,1,424.7095537111385
4947,0.02942839963074462,1,437.76733424243224
4948,0.023677784187370012,1,436.9198503743254
4949,0.03251006647883514,1,435.4413246760582
4950,0.029648252536722135,1,437.79088392386416
4951,0.02944336306941675,1,435.99012251193477
4952,0.036240088522046375,1,436.3834123522999
4953,0.056378529962566634,1,422.4698280222131
4954,0.03241194171566659,1,431.8128304080935
4955,0.014590950030033231,1,434.36811380288907
4956,0.032486320092011294,1,435.0836469016237
4957,0.04869736950183331,1,424.9759171920762
4958,0.036969682646745994,1,432.5276739143913
4959,0.04330120434756812,1,432.76162367391055
4960,0.06066793358764545,1,382.7703019330189
4961,0.08166786720942062,1,414.19557861457633
4962,0.0595445496568161,1,420.44862228478627
4963,0.06139115306848557,1,418.50808960270234
4964,0.06503599443386124,1,423.45688119507076
4965,0.056106675671027444,1,433.093281482966
4966,0.05627088437750131,1,417.7231604195888
4967,0.06121749794455465,1,399.09895079443237
4968,0.0675510764819464,1,426.85807876351663
4969,0.056440195784112954,1,424.2150281863708
4970,0.050785101405056134,1,426.7499543420862
4971,0.03693849323194342,1,424.92150127982796
4972,0.03370537055329808,1,431.7513216510923
4973,0.03816917445963835,1,422.7413161231981
4974,0.05561340898464039,1,404.89860552221774
4975,0.06874078618199997,1,382.39307353026186
4976,0.04327076191352428,1,412.1251741153636
4977,0.04039567343970764,1,423.4744226607725
4978,0.03176721233266307,1,432.45576435861994
4979,0.043653069220460736,1,431.2168526978982
4980,0.05211122349910645,1,428.9211276275622
4981,0.051253294673494945,1,427.69761495882574
4982,0.05472050765589976,1,424.29087324838764
4983,0.05486337494775284,1,427.6618207563057
4984,0.09044417734800883,1,375.4755904901113
4985,0.07579719363064936,1,386.4635630540362
4986,0.08076674230513123,1,331.85058045171417
4987,0.07460821913504988,1,406.6123662987623
4988,0.08003511445853828,1,400.35415458428895
4989,0.08918628352175302,1,367.8997905242519
4990,0.09809563112956443,1,361.73845546666894
4991,0.1176837779332481,1,311.4013544005521
4992,0.06994912173108354,1,404.0442839410139
4993,0.07684157269227686,1,388.1847287578856
4994,0.08075269832341395,1,396.1507825911486
4995,0.08885420622505721,1,300.3400228638073
4996,0.07430860625257621,1,362.94952847686164
4997,0.08264870123002331,1,349.1716353931529
4998,0.09806431555851945,1,321.78764327263116
4999,0.10375812597782387,1,282.0988153009814
5000,0.07773989341994482,1,309.92394269019155
5001,0.06596479198505775,1,348.5035722672487
5002,0.04944797314387241,1,379.7499454628612
5003,0.04629427010943148,1,415.30219820211545
5004,0.07447066628388084,1,298.70353739856404
5005,0.06835726820550246,1,245.77294540880942
5006,0.0794255876985097,1,272.3602926531661
5007,0.08630189541941669,1,250.32825386502927
5008,0.09560342852777656,1,227.1913441316049
5009,0.07568025231723964,1,329.2014351810571
5010,0.08740691038323098,1,264.76026463687316
5011,0.08472870640469866,1,272.7915577239663
5012,0.07619446632854654,1,301.8441621506498
5013,0.030907938531519963,1,433.67399491246755
5014,0.04060557605022387,1,416.684784890633
5015,0.03936321935980589,1,423.5279022764529
5016,0.04078140605357814,1,431.18671704801847
5017,0.03828481619512648,1,432.6072416876618
5018,0.03554321540001941,1,428.10525155726174
5019,0.02816766400565205,1,436.5653144396172
5020,0.03935380650844256,1,423.9998072956508
5021,0.04534063508020901,1,408.8509737152303
5022,0.04511909060595964,1,422.4941087035296
5023,0.04489466680437397,1,353.9386434839947
5024,0.05404506120873749,1,327.21749585721864
5025,0.0780920197698004,1,293.49760006585905
5026,0.04801606782998145,1,321.3835784731016
5027,0.047123298031092505,1,315.2798112230844
5028,0.046021688120927995,1,387.1012877670392
5029,0.03151155708866023,1,409.72199153732066
5030,0.04404794435489667,1,415.73323128753896
5031,0.04243848271139924,1,417.34102747281923
5032,0.049181944896496056,1,421.2232067200224
5033,0.04734159353831835,1,423.75940306888805
5034,0.03722641666124983,1,434.3042820301967
5035,0.044685714889981014,1,429.3784407037176
5036,0.042410242554436754,1,425.26085045494693
5037,0.04643076710382079,1,425.0823555905713
5038,0.04379880050342261,1,432.1670318161545
5039,0.049373672207987766,1,429.59666594460424
5040,0.022772346133708023,1,435.81130371620554
5041,0.030982485085428033,1,431.34132913218673
5042,0.035362602179210424,1,433.3905131457965
5043,0.030604920874174095,1,433.90401015645153
5044,0.012154394436351945,1,437.89493164671575
5045,0.010731915390876482,1,437.51598135901503
5046,0.01731699809563114,1,436.70688734778156
5047,0.015434524440590546,1,436.22305835258203
5048,0.03656585809790425,1,430.3614868904599
5049,0.045715023428381026,1,424.8406131293651
5050,0.05179640817041526,1,419.75153142650646
5051,0.05090163023342701,1,425.3133476299252
5052,0.03838549680440571,1,430.42193247799526
5053,0.07162989039697192,1,409.1529579555492
5054,0.0482066464700792,1,428.20033062354594
5055,0.05351851528990609,1,431.8078007913826
5056,0.05390884696220779,1,432.7954093644862
5057,0.05971169388636681,1,428.493248543622
5058,0.02248931931042148,1,437.7628347056237
5059,0.04485551208915051,1,430.7806524599648
5060,0.03652696621580844,1,432.18103990023843
5061,0.025322786693179222,1,436.2580959148219
5062,0.017640053809372894,1,437.15786852679463
5063,0.019625326545556324,1,437.54163569945456
5064,0.017172143072975675,1,437.3479465720574
5065,0.011299964176074926,1,437.786378650974
5066,0.011964202531208366,1,437.9443708868936
5067,0.01334340921764858,1,437.93594925858383
5068,0.012951714442295733,1,437.8614383702351
5069,0.02475500154669833,1,433.58791304111674
5070,0.017529710169055877,1,435.79572146441694
5071,0.029296162847335345,1,431.85273337452844
5072,0.018683169852471402,1,434.044220893
5073,0.02752092846204298,1,434.765166885309
5074,0.028078887377273563,1,437.17469549436044
5075,0.022082871085877958,1,437.26690562664385
5076,0.0212512547981584,1,437.08677301351315
5077,0.017018064416799577,1,437.139129593332
5078,0.026137250785883383,1,436.7277434268713
5079,0.015517217946708616,1,437.7507139402715
5080,0.014106510992837332,1,437.33213065268626
5081,0.010937108390629236,1,437.254434794966
5082,0.00848492439938635,1,436.8442703124123
5083,0.010649468332156475,1,436.9745719644151
5084,0.008223931200299956,1,437.2285358126261
5085,0.00529435869866952,1,437.0683877707934
5086,0.005710261888147968,1,437.04243434319363
5087,0.00645940292674879,1,437.08103552577944
5088,0.005664230562109504,1,436.7507791066763
5089,0.006213294495474144,1,436.69634471108327
5090,0.009423719161023695,1,437.4167083318181
5091,0.011857086945296766,1,437.41777156646634
5092,0.015611213667376883,1,434.93632915067633
5093,0.0288964240839661,1,433.5896542436958
5094,0.03318695776966991,1,424.3441470159229
5095,0.028703610169249376,1,425.2076500121836
5096,0.024893007802024865,1,425.6129097160309
5097,0.024170983644100745,1,434.89685524533934
5098,0.03947225606850802,1,424.22717525709487
5099,0.024921269608882638,1,437.63647374212223
5100,0.02167606123092417,1,437.6145131552199
5101,0.019239275224031193,1,437.63893026826736
5102,0.02778337655286039,1,435.5226991832407
5103,0.021746684821979095,1,437.9667571937574
5104,0.021716388478556413,1,436.4033106386076
5105,0.018488027024680744,1,434.0881224607298
5106,0.037306815515379024,1,430.80774030558337
5107,0.03540953133225271,1,428.67593125380415
5108,0.020163506695081608,1,437.31575648249736
5109,0.016036263455258513,1,437.8642756528311
5110,0.03375413010865517,1,434.20871587307806
5111,0.0237291656357326,1,429.57519340909096
5112,0.013932437742785889,1,437.2958590070416
5113,0.01815026168818152,1,437.7285894875984
5114,0.01336889751291342,1,437.55866575148315
5115,0.030767929764457906,1,435.3520339508954
5116,0.02081957913916155,1,437.1310259297174
5117,0.02195991184926979,1,435.56642503490104
5118,0.02232498030917596,1,435.49057850173944
5119,0.02449367634671256,1,432.3104594097167
5120,0.01861245769473564,1,433.2648929179619
5121,0.027246337683309384,1,432.51220281800596
5122,0.023956739945150612,1,434.21635218127864
5123,0.032224115788360264,1,432.82844170594416
5124,0.023888247980786866,1,434.8351347983556
5125,0.026023837934978988,1,434.2912954786295
5126,0.02730232990431068,1,431.6754718800579
5127,0.03181364143233232,1,432.37303590431605
5128,0.03015412099260342,1,430.7109476528597
5129,0.027314412228799757,1,432.9332556986764
5130,0.018877909196264347,1,436.4886683598814
5131,0.022699763278652148,1,435.3617093347847
5132,0.01594716310546871,1,436.47831785272547
5133,0.015135531544702678,1,437.12276709560814
5134,0.014096828224286382,1,437.2202822684351
5135,0.024443117128044773,1,435.8919289083516
5136,0.02207304288041556,1,436.31924005086574
5137,0.020323947792630755,1,436.71323864680835
5138,0.012669144701743953,1,437.67929384291705
5139,0.011725939630924113,1,437.19025876928765
5140,0.010071432006953096,1,437.5308624680189
5141,0.03282259551648139,1,426.04583318275303
5142,0.035612082632903816,1,408.4188470539658
5143,0.07373529765457575,1,377.3721933062105
5144,0.07493703188175145,1,334.26932648425384
5145,0.07640253951119812,1,333.23873568119603
5146,0.08088825719292465,1,379.4168131201593
5147,0.12716618586256712,1,360.7828490065744
5148,0.10263108315555367,1,401.34368303411384
5149,0.10120114531176273,1,395.39346192427774
5150,0.08913367701458098,1,380.8526366326369
5151,0.07879141474618015,1,407.1104215478981
5152,0.09475781474001353,1,406.34637780245185
5153,0.09343535980917587,1,413.4321876437184
5154,0.10722085259776018,1,325.17301686527287
5155,0.08343532963513002,1,393.87317431936464
5156,0.05856605439171809,1,423.74164934827064
5157,0.04649798669811194,1,427.92178610905063
5158,0.05840857385355984,1,397.45942567685955
5159,0.051082000701451157,1,434.74792864204375
5160,0.07695243677744043,1,389.70391041315884
5161,0.06686992687555211,1,390.15443702643904
5162,0.07518309333303204,1,361.1747083239334
5163,0.07835887778008328,1,412.22476924511705
5164,0.0712069756899247,1,400.37419931858295
5165,0.11382363618029445,1,345.8869776223164
5166,0.12987903967126266,1,256.3969754004147
5167,0.12717154646039927,1,213.6644866406894
5168,0.13185701160972993,1,233.64518404780605
5169,0.08193448218329145,1,375.07970784629265
5170,0.11303400313206499,1,316.74485820865885
5171,0.09652981406146412,1,379.9618470322405
5172,0.06900158281901052,1,394.66755799940483
5173,0.0426690186388029,1,431.80594016861494
5174,0.0235928462508009,1,432.459147818395
5175,0.027088647642283237,1,423.38216611415874
5176,0.05174142933558431,1,389.7231549720858
5177,0.034513250471060124,1,428.11937898285663
5178,0.04983543412479606,1,411.1324538105463
5179,0.0389345507373993,1,425.32497917795024
5180,0.04092537778295886,1,423.5172560387101
5181,0.04142352341205154,1,426.7865872752159
5182,0.04942431658670927,1,413.58747425679616
5183,0.04497691045409843,1,423.39383744897515
5184,0.02818900720929326,1,435.3788686162931
5185,0.02270922882452747,1,436.9788729138037
5186,0.021674552200725276,1,436.19696968463717
5187,0.04606833062210371,1,415.49991821162223
5188,0.04628381178888102,1,428.27905286488243
5189,0.08906327007890295,1,406.951892625951
5190,0.09569050099161713,1,377.5252243432756
5191,0.11122803289011782,1,303.77580189717685
5192,0.11241579753215357,1,208.76099137330152
5193,0.11659112270454235,1,248.15148336373366
5194,0.11268967790309407,1,280.6833768253239
5195,0.12401647273238911,1,245.5613134422931
5196,0.10102233426765125,1,301.7707144899588
5197,0.10338008188458277,1,386.79450420580537
5198,0.049839942078326926,1,411.7794168275978
5199,0.07878226319784663,1,405.01675650208074
5200,0.0589459222521148,1,406.64030125947676
5201,0.04306828660237766,1,423.079583061385
5202,0.07309525278926776,1,411.2048765889044
5203,0.04845892665632379,1,434.50932771202685
5204,0.08456968666334065,1,422.1398153403107
5205,0.054499454987051665,1,435.7521804979735
5206,0.06549761044011407,1,425.7739861193794
5207,0.031905482121743,1,427.8921567943573
5208,0.01825333172946106,1,437.3230237718834
5209,0.012599536025520818,1,437.17147503665643
5210,0.011149340383559773,1,437.4156375730701
5211,0.007836999205581655,1,437.2379654685379
5212,0.005282563378614822,1,437.171422195152
5213,0.005671721334576203,1,437.2007766521403
5214,0.005331527330070649,1,437.17675839952494
5215,0.006548617687108242,1,436.1491931513626
5216,0.008469024883055365,1,436.16323533476316
5217,0.0075079691138086905,1,436.569826860619
5218,0.009186042254906532,1,435.837545127079
5219,0.01125482263138937,1,435.5425765325386
5220,0.015498967027635577,1,433.05640044158395
5221,0.012005517979229111,1,433.4317643424716
5222,0.015429166759612215,1,429.7393098772173
5223,0.018627546068225247,1,433.8959668887917
5224,0.017446845976224444,1,434.10247523192623
5225,0.017744461237838276,1,437.0765066582915
5226,0.023906693901340727,1,435.1501243729891
5227,0.03039561853878524,1,434.4808622410239
5228,0.03637146587976992,1,431.0757892994096
5229,0.02565667620109393,1,433.3807867284704
5230,0.049747071558037904,1,432.45462911367355
5231,0.05919574939403498,1,431.0159942722422
5232,0.09767605192712377,1,369.0364260855336
5233,0.15560727407776503,1,258.7897671599951
5234,0.12195196036301227,1,378.784145224883
5235,0.08079020991112272,1,416.1726765974392
5236,0.06950919839195044,1,426.1882258179843
5237,0.0871906483103038,1,366.6991533927759
5238,0.08575201652123174,1,378.27498430181953
5239,0.08069406561312127,1,402.23874751418043
5240,0.07012723160699154,1,374.130586930664
5241,0.07844723301808858,1,312.0752296414742
5242,0.07873805833260583,1,255.85174201639956
5243,0.061026248101827434,1,371.0487526270094
5244,0.04450798861175965,1,414.12429820084
5245,0.013923568971000737,1,437.1789021065967
5246,0.02600984518151592,1,437.08237027106236
5247,0.009000105558299751,1,437.53772552363023
5248,0.013693855981966863,1,437.5338442538439
5249,0.020764756657766444,1,437.2833187385336
5250,0.032000087050681254,1,432.3830212062568
5251,0.021784022368611093,1,436.9180285197016
5252,0.01824882060576941,1,437.08451819185325
5253,0.019261872832150456,1,437.6287887980543
5254,0.01635831455663623,1,437.62142440623563
5255,0.02529771280013609,1,435.71947507059497
5256,0.019837329543270193,1,437.296991600988
5257,0.01645879182885452,1,435.8893325261505
5258,0.01177266782275716,1,436.10802090065164
5259,0.014029215272147363,1,437.4367991371896
5260,0.011283850600391887,1,436.8354125875269
5261,0.018289572368640032,1,435.94254215485194
5262,0.016536856198880866,1,435.8196857438063
5263,0.023948702227899524,1,436.79959783380406
5264,0.06033484478033578,1,403.2879575623251
5265,0.051406952601152356,1,412.6685766803095
5266,0.06737648455265458,1,383.53580357419463
5267,0.026709380515495016,1,435.9796763219632
5268,0.027530305954722164,1,435.7937145264898
5269,0.027166850668897707,1,435.4978974886525
5270,0.018871150027241348,1,434.58995075801585
5271,0.020006067382942076,1,436.52786446331095
5272,0.03392877351076814,1,435.61734005961944
5273,0.033448482204484514,1,436.5702304620367
5274,0.033079592642150726,1,436.6201013892441
5275,0.028858116113416158,1,434.660738204581
5276,0.032160500339218086,1,435.97484519333915
5277,0.03226250160463543,1,434.50165452073395
5278,0.026901233776144506,1,436.5906673285682
5279,0.028123972888101912,1,438.0759038365443
5280,0.029639061017074187,1,432.80944392141794
5281,0.038604548552456555,1,420.302014255455
5282,0.05670045278194778,1,415.27329840094933
5283,0.06168116299389233,1,423.06711460242354
5284,0.06882087452420084,1,412.7804846552301
5285,0.05516983689643632,1,426.20569705713643
5286,0.05248264039580045,1,429.239657007122
5287,0.05396376669171495,1,422.67978812161556
5288,0.0502579199173102,1,419.31933797738134
5289,0.03980807918431449,1,433.57025319470415
5290,0.04016490848338202,1,430.2588939104899
5291,0.040924304434640436,1,435.6127319017683
5292,0.03501827508979495,1,426.3229959019751
5293,0.03181631446479805,1,435.6657956785351
5294,0.02288790602969449,1,435.28515725731677
5295,0.026398219398348372,1,428.42301618240606
5296,0.0292220377235614,1,433.53962328982385
5297,0.03009225391923934,1,420.0197232959619
5298,0.05001611786516833,1,417.5419826695127
5299,0.06572802484838257,1,377.9693833180941
5300,0.06413407827906456,1,295.0837252163269
5301,0.07996053777540724,1,289.5639999304897
5302,0.05677747359978498,1,381.28248974812715
5303,0.038150940828366633,1,413.4627774017702
5304,0.0372467665486934,1,427.75118068457
5305,0.03292736842140854,1,433.49233548407926
5306,0.028696075222197637,1,433.64338190290243
5307,0.027566158094561328,1,436.65041741397806
5308,0.022358557053740593,1,437.0292484394439
5309,0.01501257450655426,1,437.6734316774131
5310,0.020216376706995807,1,437.6755278550346
5311,0.030335038994991483,1,436.20879035475707
5312,0.02027024980856192,1,437.90925556456847
5313,0.019923256859563285,1,437.6151904118542
5314,0.016177524513323476,1,437.8374584304006
5315,0.020535374713076513,1,437.18017450188705
5316,0.036673518161740803,1,433.96885501462447
5317,0.02575701410648032,1,434.3584411771135
5318,0.01849537454233275,1,436.53058131643684
5319,0.014658018557750474,1,436.9798919933587
5320,0.012434783192327692,1,436.9918533495483
5321,0.012824129795932405,1,437.4199927146514
5322,0.012073777625822697,1,437.42114424037135
5323,0.014525222828856809,1,437.86737430007327
5324,0.04602613128773283,1,418.29464626187973
5325,0.04704280252198602,1,419.6619967701771
5326,0.038294321023685685,1,430.0557604552144
5327,0.02436046403123939,1,434.7790977533164
5328,0.05320239350944611,1,410.9669900479343
5329,0.024620755295789002,1,435.40103538792886
5330,0.03631931156568922,1,427.1969693897208
5331,0.011611843377728895,1,437.2700697527581
5332,0.010479039987586132,1,436.6124920564088
5333,0.01087265574294954,1,437.1199282118737
5334,0.009105469281116298,1,437.4064653387601
5335,0.008710093500970729,1,437.1103625642105
5336,0.009995084767913475,1,437.5632375035908
5337,0.02404003112581133,1,436.11471726843297
5338,0.01420793342399245,1,437.5062345753922
5339,0.017665809579756286,1,436.06676810693625
5340,0.021731793021431998,1,436.87227508101716
5341,0.029968822279888865,1,434.5176961017617
5342,0.027060739735731167,1,435.27165794810224
5343,0.021617469290653835,1,437.61657301470126
5344,0.02554836073817232,1,436.8969871010107
5345,0.017578475380614043,1,438.04813770063026
5346,0.013769604535087058,1,437.9129065395936
5347,0.016321636414017338,1,437.46286111408926
5348,0.024917178461860458,1,436.97865258709675
5349,0.040651029814870246,1,421.08352838094504
5350,0.03423673613960943,1,428.81865011322435
5351,0.029425759369410606,1,426.52028003957133
5352,0.03985589798243864,1,404.34272432610726
5353,0.0500690463972317,1,388.842818685024
5354,0.046073081226591255,1,395.60922084239195
5355,0.03282669393531153,1,399.56837549280266
5356,0.03775279892289239,1,400.6875377668477
5357,0.06436415175954753,1,371.8390573886629
5358,0.036109058099597566,1,431.02685545705015
5359,0.04058307966203241,1,400.59427704553264
5360,0.04651342626386502,1,422.57662347059266
5361,0.06030503075832506,1,430.3456981078556
5362,0.15328298752458308,1,225.12345507626665
5363,0.19227659319911097,1,21.02835558649815
5364,0.1835311350785365,1,43.58060026873437
5365,0.12958933927929292,1,316.79187187866876
5366,0.09679793570994775,1,391.71461313636024
5367,0.17090445630454407,1,234.13411861776493
5368,0.12477746434590528,1,384.67842934864655
5369,0.15872495366370556,1,344.7163452030275
5370,0.14025617389317038,1,315.2340948144779
5371,0.11060553156214563,1,348.54355994578884
5372,0.19308304829479678,1,188.050623083024
5373,0.14340510048922112,1,257.56953410609003
5374,0.2493898520713557,1,42.883822126705184
5375,0.17333538975111457,1,290.60421846680424
5376,0.17372776493685288,1,257.6720289962685
5377,0.12783780414766488,1,337.3457335519689
5378,0.1664134020882527,1,58.495711563734574
5379,0.17478169787681574,1,185.50776992453768
5380,0.20618411801323247,1,139.3116299173763
5381,0.18161793961025338,1,275.0930446222317
5382,0.10936167468674977,1,308.96795878061357
5383,0.12527371771002438,1,303.5420172672283
5384,0.13846031483287471,1,269.0426179815206
5385,0.0972713175057048,1,329.3503162266512
5386,0.12124321047666634,1,364.9448786155067
5387,0.10295657814137307,1,313.4507844794605
5388,0.07278133315932943,1,415.87405163215317
5389,0.11325558702108872,1,397.6674108853408
5390,0.09582995743509877,1,383.6475357448064
5391,0.07660721698945051,1,361.480991044824
5392,0.05582926065910458,1,418.64633401639816
5393,0.06815580863957728,1,418.50973476594817
5394,0.06409634128932754,1,403.5439879246943
5395,0.05999159592142701,1,376.2531122769064
5396,0.04978452621278156,1,420.9431404958573
5397,0.06513910126505179,1,426.52326652442474
5398,0.05337897127358308,1,395.86723020707285
5399,0.05167293482576502,1,411.24916161684746
5400,0.043438602188340836,1,422.3789535438399
5401,0.041673964580006495,1,432.43891810996826
5402,0.05229762266224642,1,425.2300581410215
5403,0.04793363630535817,1,419.58130435036395
5404,0.04497393381517504,1,431.80689627244783
5405,0.04284026996753295,1,431.8078503867898
5406,0.038498953425044946,1,432.1687457519771
5407,0.033096259341108325,1,432.364146766649
5408,0.029605797657668822,1,432.90090532496606
5409,0.027527306598301635,1,430.1455072051506
5410,0.025678765313468344,1,436.79808065263444
5411,0.019328661126205137,1,436.9415750661356
5412,0.021975850508101923,1,437.31707507501926
5413,0.024672142725092362,1,437.1809338601401
5414,0.022222871062158405,1,437.47022388171195
5415,0.025611120856754727,1,435.12873020228153
5416,0.026146695649902733,1,436.0270005659831
5417,0.025194199645772918,1,433.6246244570588
5418,0.017851402883889363,1,437.16756425742375
5419,0.01878698744423467,1,437.508329678487
5420,0.020419211073327708,1,437.55163334043107
5421,0.01180494056568388,1,437.7306419490515
5422,0.016987629617693623,1,437.5828547047782
5423,0.014768492280831004,1,436.4939172921417
5424,0.014704411977100486,1,436.4394709513108
5425,0.02723511535567797,1,436.68506096526033
5426,0.023060640072056247,1,436.624517018464
5427,0.01634912931983808,1,437.09303389281155
5428,0.01484370794454332,1,436.98986748626146
5429,0.010042629076098871,1,437.3024595190532
5430,0.011833728060774127,1,437.395551013958
5431,0.01144077322356793,1,437.5919621865996
5432,0.011842228035679244,1,437.570738876965
5433,0.012808625579176303,1,437.6448410658482
5434,0.011867539157584,1,437.40312306904974
5435,0.014081301889548798,1,437.3980332048374
5436,0.009496722178809949,1,437.5357026244816
5437,0.009720991978955292,1,437.6299879532906
5438,0.009959513856637311,1,437.47253068416836
5439,0.012614248704729903,1,437.92384185308924
5440,0.010275568252204029,1,437.45278806893384
5441,0.024699706423898186,1,436.41186956056913
5442,0.04035969080196663,1,424.83546168393303
5443,0.04403282099810552,1,420.9021533195339
5444,0.060068501589454634,1,404.0550243892485
5445,0.01659555930653261,1,437.8788651632923
5446,0.012482663343015293,1,437.9206136746031
5447,0.009459000099686126,1,437.28550023424606
5448,0.009046473357642157,1,437.57484240100314
5449,0.009221329850412217,1,437.37206698650516
5450,0.008306903817232559,1,437.34861582647704
5451,0.006243518357312154,1,436.7044843099269
5452,0.01319061583323949,1,437.72061674337175
5453,0.018463213990455207,1,437.56590457016205
5454,0.015327606039701068,1,438.13995483722766
5455,0.015793146600379775,1,437.71869113365494
5456,0.02283570564347995,1,437.54122091445447
5457,0.02066722228040108,1,437.3482831480202
5458,0.016705335398322013,1,437.49448712109404
5459,0.03817573021927458,1,434.32914472612146
5460,0.02514856807095924,1,437.92547423734743
5461,0.030634876828275658,1,435.5655908772394
5462,0.027427984146310144,1,437.05571131347676
5463,0.01874313499050782,1,438.1708744556129
5464,0.02177463855322436,1,435.8635605856084
5465,0.025996634800897565,1,437.370150684887
5466,0.036206368864785225,1,434.4861489177704
5467,0.03790937989922071,1,435.00746514135074
5468,0.04596996089679777,1,428.5263432524806
5469,0.041279283510308996,1,428.9978093677143
5470,0.04233190673477843,1,420.5008300599159
5471,0.04833228357636025,1,428.49684650046675
5472,0.049486852612725285,1,432.09668245507413
5473,0.1116154071849632,1,371.75289464079924
5474,0.12190812088548057,1,336.49672470764494
5475,0.09523644744178882,1,301.8310172010338
5476,0.1323342468621678,-1,-0.14987132329321184
5477,0.14138039897784427,-1,-131.67289406959253
5478,0.1784804633304349,-1,-299.13652827475914
5479,0.1544852407742673,-1,-391.433777878711
5480,0.14053458436121827,-1,-56.36788177787537
5481,0.0915096217769171,1,214.18039306377483
5482,0.07907118238298541,1,375.6344140950759
5483,0.05587885051140238,1,399.5938258427709
5484,0.07305469214337766,1,369.4146155148901
5485,0.025892047202035823,1,435.31824481247685
5486,0.027262825209628038,1,435.90575089703185
5487,0.02710366621533496,1,436.02228256844813
5488,0.01912024092305279,1,437.327365017432
5489,0.016460688545321272,1,437.69115452419396
5490,0.01925288554875451,1,436.72644648201725
5491,0.02643190192606875,1,434.552485698736
5492,0.027106887106591336,1,434.2006050310712
5493,0.02108037589996848,1,435.042073859562
5494,0.02410674595937811,1,434.7429812852959
5495,0.038704921586210674,1,430.6835257768679
5496,0.032236937752763456,1,433.24254456652534
5497,0.028758091445523513,1,432.00474554776883
5498,0.02105214188268833,1,433.65595392771405
5499,0.018231595277336397,1,432.7914561432518
5500,0.01696563201703595,1,435.49934069267175
5501,0.01641883808150655,1,437.3336345826958
5502,0.02421156155063318,1,434.00283765981106
5503,0.039993971180599885,1,426.7614384614907
5504,0.021036122827116973,1,427.50576919255684
5505,0.028668212721998595,1,424.8885118506915
5506,0.019532051901591272,1,430.77561398232535
5507,0.033048749106269946,1,419.469279266375
5508,0.031525158883752416,1,425.0946463563706
5509,0.040210573687791504,1,423.9801718718748
5510,0.051798950791277686,1,394.6742817737407
5511,0.05100353976766676,1,400.4255619633476
5512,0.0603044066585472,1,350.49100711655416
5513,0.06270216080976307,1,386.7015926360688
5514,0.07946639368721346,1,322.64902864710956
5515,0.05766935904814653,1,389.5303456787624
5516,0.04399097727337421,1,416.85134095335906
5517,0.053824990288322265,1,408.25264127361123
5518,0.057400886426934354,1,418.3893579175198
5519,0.053580007556615614,1,407.1606288440154
5520,0.051034702163040735,1,416.911965249337
5521,0.07444069743212055,1,398.68663839438375
5522,0.09409836404025525,1,303.67016410441863
5523,0.06482131680450068,1,404.22060839876684
5524,0.07417339707009639,1,368.1919120140055
5525,0.06503371978122362,1,380.1949068782381
5526,0.11068290496794406,1,327.1317083009514
5527,0.12259598562736286,1,242.1368563929317
5528,0.12391428399203312,1,271.2921503775092
5529,0.131174909830946,1,314.6307433592757
5530,0.1045886286378072,1,338.0679910220959
5531,0.10957366856341855,1,328.7746204143881
5532,0.08293011376835248,1,403.82305069456703
5533,0.10307915012378124,1,358.55371156537035
5534,0.11450128533057098,1,352.13560498693334
5535,0.08324726327067396,1,383.67825807933286
5536,0.0825336997751437,1,367.1771583273543
5537,0.08009738203870738,1,349.6398008941902
5538,0.05898143305919286,1,391.1712629643664
5539,0.05550308447630857,1,423.9391804700864
5540,0.026211711455983545,1,435.82452262968985
5541,0.02856450508434315,1,436.51973693126274
5542,0.024596212741951777,1,437.6062971768208
5543,0.015902169238681173,1,437.5574513856054
5544,0.016888628539396235,1,437.68561871278536
5545,0.012779883090050579,1,436.17889541691426
5546,0.01687520669557933,1,436.6661065427405
5547,0.016004477234002504,1,436.1479616620791
5548,0.024348309446061065,1,433.71120536796735
5549,0.03032981703576045,1,434.8696124687945
5550,0.03913398341969175,1,424.91509481335316
5551,0.04841117149758375,1,431.56244058077135
5552,0.05010968246292502,1,422.03168450839155
5553,0.03858654769883084,1,432.719004536809
5554,0.027548724206466205,1,435.0555254073622
5555,0.03165897809266948,1,431.90283688664346
5556,0.03188755638944717,1,435.6172415624058
5557,0.027427379440601113,1,436.98465228049207
5558,0.02961455411679364,1,436.96557469030034
5559,0.05609369218604384,1,418.15957518880305
5560,0.024620513629997863,1,433.59273308530715
5561,0.03401345406182626,1,436.21522596090335
5562,0.040004980410046194,1,431.7672324685607
5563,0.03537912972862904,1,435.7595553181141
5564,0.04007785284429873,1,431.1924947598344
5565,0.04181949205706119,1,434.86998962380784
5566,0.032616504060708845,1,437.22399893652465
5567,0.02865751700820115,1,435.49374739780427
5568,0.03121675373882627,1,436.81810793479605
5569,0.022687219994753295,1,435.9805546315478
5570,0.020720780709421436,1,433.5695830928888
5571,0.020047753753429414,1,434.40917355875183
5572,0.025574085110474622,1,435.75782635063734
5573,0.023735625121245163,1,436.0482912700507
5574,0.03337520775237485,1,434.5771862992021
5575,0.03336751728683992,1,433.7389814588715
5576,0.041024067325302595,1,431.13686838769934
5577,0.033836799773169904,1,430.45857983478663
5578,0.04460270296259478,1,423.9869599967087
5579,0.08902179473914655,1,376.4087171161
5580,0.1025416621928246,1,360.33312658319073
5581,0.09660636618796804,1,352.2062299007358
5582,0.23242879794931673,-1,-621.1326057138667
5583,0.19750955709756096,-1,-150.88150144824647
5584,0.15875171061249213,1,162.0934494147254
5585,0.19969462666781723,-1,-258.05122923078136
5586,0.1576015687024229,1,160.23351460840553
5587,0.259633215184588,1,7.037644873493036
5588,0.12664573778123417,1,171.9308637908174
5589,0.15795345214254122,1,230.2485159138364
5590,0.14781239303814106,1,244.14223459828793
5591,0.10836027539330359,1,392.69763250830346
5592,0.13189851633821756,1,289.52324465119096
5593,0.17216095151371752,1,192.51091778874442
5594,0.06580209067498076,1,381.80623953220567
5595,0.1027582865939437,1,338.8647121209405
5596,0.04030954516229441,1,432.5142971218672
5597,0.041260459857793357,1,432.4572099496919
5598,0.086378213025614,1,425.41719495572266
5599,0.06542182589682492,1,428.7847639907413
5600,0.07740555570793568,1,428.83041105332455
5601,0.07902854615550373,1,407.75516898783604
5602,0.08571112601885075,1,400.3405068725537
5603,0.07676570328910527,1,407.7013978169014
5604,0.05652841550217495,1,426.4260589211778
5605,0.06305105213033263,1,418.1818389129041
5606,0.05103146069566812,1,415.8339728999087
5607,0.031776719671853415,1,428.8476476658471
5608,0.042539895684413506,1,416.63612421269374
5609,0.05435084308535192,1,426.675183175155
5610,0.03587175397594073,1,407.09652396404095
5611,0.03892738778451481,1,407.8536093043988
5612,0.057230184664804326,1,371.923996929189
5613,0.0745165719927784,1,313.480297938718
5614,0.06423313910404335,1,325.65257205299247
5615,0.1797677665193964,-1,-3148.641875442885
5616,0.14117025029908686,-1,-1581.916887701332
5617,0.22655117158770083,-1,-1269.368544016879
5618,0.3324314263404487,-1,-15957.475921912466
5619,0.4783980588736661,-1,-22220.204481226978
5620,0.28648000030879794,-1,-14917.299323177313
5621,0.35450205353733916,-1,-19829.203928077768
5622,1.1377064922007674,-1,-77705.10199175481
5623,1.94067694944291,-1,-216739.13242272421
5624,0.4731233315051874,-1,-21545.383526043224
5625,0.36932546755595236,-1,-755.8570372053377
5626,0.24664183828732872,-1,-2512.273974826515
5627,0.2534656242228465,-1,-418.86739856338795
5628,0.18301471553986762,-1,-2836.856618844281
5629,0.23915477982815528,-1,-4718.5941448001595
5630,0.09218797871863911,1,362.5337630090346
5631,0.0996915754329328,1,301.12816598596703
5632,0.08887085529031384,1,376.7408202823056
5633,0.06543904832680578,1,428.0196255051873
5634,0.06861808416686475,1,405.0326059395499
5635,0.05824099002211592,1,413.4094120590407
5636,0.09163044482021,1,363.327999879517
5637,0.08109471852086433,1,404.66727906700186
5638,0.061271154856621324,1,394.40388065002
5639,0.06974238115654445,1,373.19123802060835
5640,0.09385398916169677,1,320.26707628929637
5641,0.14601058953509946,1,243.83921203963564
5642,0.12972473562865608,1,324.60106809098363
5643,0.144952554786032,1,325.396598620932
5644,0.16859002225422665,-1,-425.08528237386724
5645,0.25703667676749553,-1,-1149.5604919914108
5646,0.1557445247976482,1,298.69756990698073
5647,0.20944532680489708,1,185.19905084711039
5648,0.3796501687892995,-1,-3128.2863951826084
5649,0.12607861764562836,1,227.58443287933025
5650,0.13560315519957875,1,247.344016856061
5651,0.08977555165388075,1,354.3803948052583
5652,0.11345419158781214,1,276.1037601638755
5653,0.10846229240262661,1,218.83294259467868
5654,0.08143577362541628,1,359.65724744463427
5655,0.07458172238325723,1,415.96756440708947
5656,0.07364834549651375,1,423.69962525858296
5657,0.07571177916736428,1,406.148874738151
5658,0.08117095757183668,1,356.32244228198294
5659,0.07314884088410152,1,350.65423779358264
5660,0.08206252532105686,1,274.93325409745216
5661,0.07033602420228538,1,403.50420724883713
5662,0.0853946447495609,1,386.49211046268545
5663,0.09615896049733651,1,320.95917662907607
5664,0.1328387313628126,1,296.25221393128277
5665,0.09556129525424824,1,360.5525074628981
5666,0.08669700670831175,1,391.0075615029445
5667,0.11143948935418549,1,388.98965989254094
5668,0.12585572050189664,1,374.5366894554089
5669,0.12576637853687725,1,284.00580217000777
5670,0.10605634682603582,1,328.71448242260556
5671,0.11487180353647075,1,295.2219664259966
5672,0.12147087839999539,1,352.7510401716261
5673,0.1599064768215474,1,294.5629215924238
5674,0.11621786738914067,1,346.6934301623955
5675,0.10711861837478451,1,321.0350871641223
5676,0.07591044766314907,1,272.024979733839
5677,0.07602305678356631,1,286.6256170763315
5678,0.12283257218573289,1,306.84511526155916
5679,0.13352494344468466,1,308.8068855755296
5680,0.14056490293946383,1,251.8611473303556
5681,0.07426382385889085,1,390.9119764839113
5682,0.06568704237050928,1,339.8151508471749
5683,0.12075111542761106,1,183.9240346502533
5684,0.2829370226372764,-1,-2939.283515502955
5685,0.2579478689041215,-1,-2588.6796437334497
5686,0.31936502783138715,-1,-3360.228454708272
5687,0.46994038733955357,-1,-7407.896935778195
5688,0.44846348563154725,-1,-9919.294356650953
5689,0.22891695535645532,1,84.3266504901813
5690,0.18662515981296382,1,283.46599872074967
5691,0.2184322847906711,1,145.08637755317994
5692,0.14385206920913873,1,350.80565314409273
5693,0.11651919171734568,1,384.7790342433677
5694,0.14746804319943888,1,339.3838804772947
5695,0.10496623926729072,1,397.0529435927944
5696,0.0929366509812589,1,406.5811714823551
5697,0.12851693186821112,1,346.90310963199175
5698,0.16765133543852298,1,305.9966425276252
5699,0.1210016269570648,1,347.90779124892106
5700,0.13143426093192706,1,351.20757466266724
5701,0.18019422818728908,1,235.51359593029596
5702,0.19700665875936196,1,173.54579695949087
5703,0.09318252266788551,1,392.69740803037604
5704,0.14042763181347834,1,275.01901862384375
5705,0.19382463624137378,-1,-97.74602166650197
5706,0.18885099738947378,1,64.4443134866263
5707,0.22522162165572393,1,118.71934899821332
5708,0.24912096004634998,-1,-428.7692094973721
5709,0.33597523154967174,-1,-521.6585624830813
5710,0.33953627658250357,-1,-1000.9026428702023
5711,0.26822222296318665,-1,-43.157239420992255
5712,0.316312378469589,-1,-19.22948320486188
5713,0.29254318740970764,-1,-501.26448115610174
5714,0.21867334059189864,1,134.86378537809003
5715,0.3647529965504456,-1,-1637.934814014109
5716,0.14197503760499816,1,241.75944550364522
5717,0.5273118633101188,-1,-4079.096427827926
5718,0.13807831339957463,1,331.9856852281577
5719,0.12087946484307799,1,189.68996340175391
5720,0.1473678751114526,1,300.79274763030514
5721,0.1256844767245819,1,175.7374566921526
5722,0.12731375027585998,1,11.085978388924673
5723,0.0876735373675277,1,379.6403367464717
5724,0.10345435825973799,1,385.2357324822158
5725,0.12568693980269866,1,120.77425852061197
5726,0.08702746301184572,1,389.84992840131247
5727,0.08374735046623508,1,397.2962505282901
5728,0.0736379961373859,1,396.63682937668534
5729,0.09942240710267616,1,323.4014167136967
5730,0.08899152263937946,1,349.94534963468186
5731,0.08375835685129683,1,373.7041003253791
5732,0.07498430941913048,1,374.7835084255672
5733,0.06405171331503012,1,410.4997736740202
5734,0.07057451001723443,1,374.8472540766561
5735,0.1259790483104987,1,359.06607422173255
5736,0.165239983870187,1,329.15583225236554
5737,0.1821000726407855,1,281.9269084808609
5738,0.18167138237042374,1,295.3534461626886
5739,0.28884864391195936,-1,-751.9438953623933
5740,0.2938736799853229,-1,-2363.0982158080305
5741,0.2388924975796803,-1,-53.14443300993787
5742,0.2939129756529746,-1,-351.56371733171216
5743,0.24069074189784093,-1,-185.27942485503513
5744,0.32605866140228545,-1,-2395.587512862692
5745,0.242080875620395,-1,-840.3803669457714
5746,0.2979605687450504,-1,-1714.8967607429852
5747,0.2338170022075156,-1,-776.7511890344708
5748,0.22639415835823393,-1,-291.2820392635955
5749,0.3227441496747292,-1,-1157.9805581712167
5750,0.43562773547388683,-1,-3134.9029902037864
5751,0.24715779065854698,-1,-249.22961863082753
5752,0.23408079379376304,-1,-347.0827317020502
5753,0.15589036300024953,1,280.478881870697
5754,0.1472013665218445,1,247.572178381257
5755,0.16719603333047903,-1,-185.18347041459174
5756,0.12134302899946148,1,352.1771281294376
5757,0.24925602318388124,-1,-395.8732817139112
5758,0.13227462794802317,1,372.09466494631215
5759,0.08970448542985689,1,314.1917017338874
5760,0.09611887358911167,1,368.8290662205086
5761,0.1399563555689388,1,37.11535640818835
5762,0.13528391307136697,1,52.41028382850482
5763,0.12810342961321558,1,339.84238530942497
5764,0.1332790170248833,1,361.0630875368747
5765,0.41312905783658077,-1,-5209.572162480771
5766,0.08820040611076786,1,409.7367271123177
5767,0.07946874772989002,1,410.5415870471624
5768,0.15495841876787927,1,103.02916264554193
5769,0.13296665334683094,1,44.28342173589999
5770,0.1795178868061805,-1,-130.86689018239156
5771,0.15209015962286196,1,84.593604120095
5772,0.17521184327047326,-1,-33.78830957212534
5773,0.26586542632863497,-1,-232.9734475333803
5774,0.14013308677272002,1,283.27187436964425
5775,0.11872426882684527,1,320.65761289817283
5776,0.11869202995125441,1,324.1569607376383
5777,0.23683107052907912,-1,-468.59857078125003
5778,0.0657034612779915,1,401.8444643566661
5779,0.08200727586736394,1,263.73088337964106
5780,0.07137177101586176,1,341.54927177411685
5781,0.10095874718485602,1,243.1113998443806
5782,0.11851220346963164,1,194.65597152082236
5783,0.051915831013800554,1,387.86069085066276
5784,0.0493566431632821,1,435.2232472506447
5785,0.0643800185557267,1,422.8016683796437
5786,0.07884573491617376,1,391.3517649987865
5787,0.118881997713799,1,126.7344000362769
5788,0.1000371646097943,1,410.68328069708735
5789,0.09476623777263668,1,400.7853688048267
5790,0.10138504059733476,1,384.3470160728819
5791,0.07155487115168646,1,412.452682257587
5792,0.10914314683686657,1,355.5131303560492
5793,0.1169935173182313,1,342.04687331155185
5794,0.10485337505694599,1,380.24200502253814
5795,0.08043619301017808,1,374.14932555284065
5796,0.13701118128138995,1,253.52267325323106
5797,0.12094694353953721,1,302.0760548971846
5798,0.11384127648611946,1,336.0335188677025
5799,0.10789999678622471,1,358.97674310608363
5800,0.12805834721516388,1,268.0404832986405
5801,0.07423625091156462,1,425.09220779643226
5802,0.07334588017193414,1,395.6731843798761
5803,0.08302518648592584,1,408.93205429317027
5804,0.06501067806141689,1,429.5637052974846
5805,0.03830482949982746,1,436.1585978748034
5806,0.039222663135120475,1,434.022055521258
5807,0.04316683335035174,1,427.856164127647
5808,0.03596136838397345,1,431.9710823253694
5809,0.023161094039920605,1,436.73838298214264
5810,0.03261618203100975,1,436.8336787579406
5811,0.07915733403239243,1,403.98711292676455
5812,0.07459183111843413,1,403.48677434503554
5813,0.10044298628587821,1,375.3207211209141
5814,0.0956091227414412,1,364.1413658253221
5815,0.11934805418903703,1,286.1661810678137
5816,0.15480855556327142,1,40.422887291509426
5817,0.13934423671049964,1,280.4075046606972
5818,0.15370715869855148,1,76.64531264988568
5819,0.1562217939380173,-1,-95.90445172835769
5820,0.1445147718300804,1,230.46514181893937
5821,0.13866386089484703,1,325.0873953251033
5822,0.12020067767328077,1,191.29860498668344
5823,0.1730175434777565,1,151.23701789152324
5824,0.18371889111161277,-1,-112.52715455696296
5825,0.16408145626826423,-1,-595.3925090127996
5826,0.1307791223063955,-1,-115.49758752391108
5827,0.1219769985777303,-1,-43.07641929875541
5828,0.21506124553513098,-1,-1599.7073416025037
5829,0.138792910566735,-1,-29.521839273901662
5830,0.2477711726427257,-1,-729.4378194795377
5831,0.2893289034396049,-1,-3266.060922407316
5832,0.11253076188974288,1,329.6149637010595
5833,0.13064528315508772,1,299.4760077554289
5834,0.15166711894296037,-1,-114.35537868229267
5835,0.09944091637311724,1,366.0925227925817
5836,0.09026215223927966,1,398.9538672749684
5837,0.11007050267988604,1,206.33645661742128
5838,0.10333028473349097,1,380.0298955739247
5839,0.2980051837523243,-1,-3024.013509064006
5840,0.350869527991271,-1,-6186.1164550169
5841,0.13237003057602545,1,247.70661148509154
5842,0.21936504299890308,-1,-139.1661924210349
5843,0.16919172369738722,1,126.02966691524921
5844,0.18868434618052948,1,92.35156281298367
5845,0.24310449632414005,-1,-211.36191136756054
5846,0.16554477836945067,1,192.56991895080907
5847,0.17713689751575698,1,311.38183212780376
5848,0.19331965552631408,1,240.73169128372015
5849,0.13338650139914052,1,300.067259774619
5850,0.1253038691463184,1,163.31438875306378
5851,0.11285731138927697,1,319.5416120219085
5852,0.10896221468242329,1,370.7659254637132
5853,0.09348412021722938,1,393.7698972059789
5854,0.1581895475300986,1,215.5161869889472
5855,0.11538257751977465,1,357.4446983293335
5856,0.15112124537704025,1,133.68995535507042
5857,0.17542737655775612,-1,-70.37997448897522
5858,0.16937443053928974,1,136.29613990331097
5859,0.10293897244144788,1,342.4194653019227
5860,0.12128005762685116,1,285.2247162508959
5861,0.0472010959167905,1,429.83646118249
5862,0.06563627345510634,1,365.6237950535493
5863,0.05802749726628319,1,423.46294901556405
5864,0.05139071056048282,1,421.3986398799654
5865,0.07774032183001105,1,299.0802689450126
5866,0.06313791502254233,1,405.5533108783807
5867,0.07288606980711938,1,388.34036200291695
5868,0.08293395424684372,1,285.375721541239
5869,0.076468470297174,1,350.00988730539507
5870,0.05292486363603651,1,423.4043957437975
5871,0.05987450278996436,1,377.2305396623361
5872,0.06772398006430368,1,330.78055361715076
5873,0.05309777512969815,1,394.2343572308316
5874,0.03636716495949342,1,434.5014087909717
5875,0.03170028696196529,1,434.26636771282045
5876,0.03442266683589418,1,434.8834889096719
5877,0.033319296912208,1,433.6549591545957
5878,0.04088240410861823,1,429.8560285190371
5879,0.07247356338756968,1,392.0044041527562
5880,0.07643174243344875,1,398.69850192654843
5881,0.056769691741478896,1,421.5152095683095
5882,0.06653178212878871,1,428.405808724138
5883,0.07809092606407064,1,391.123071240218
5884,0.08711754542314953,1,346.2395001520022
5885,0.09134792280487569,1,394.63717262720763
5886,0.07541374168115238,1,367.88555762120444
5887,0.07079323378121818,1,355.2397266000427
5888,0.05434887348970625,1,393.1891030145602
5889,0.06987370602669059,1,359.1669176235561
5890,0.08040070880542759,1,384.92685805497064
5891,0.12790656985694535,1,82.49736426802286
5892,0.056991325614556776,1,415.9237539490871
5893,0.0692750505441417,1,367.7488548442351
5894,0.06133844123046565,1,385.7064866014371
5895,0.0858584742060593,1,274.04133465015127
5896,0.11707499666376862,1,54.66901096189446
5897,0.1694272758051862,-1,-507.4231048269279
5898,0.12854309695236787,-1,-56.26527263939266
5899,0.16422649589812227,-1,-109.21233183976938
5900,0.1209212704197922,1,258.1302650878242
5901,0.18501765655356636,-1,-69.01255836896325
5902,0.2553806172200811,-1,-178.9821927973045
5903,0.16722203701493762,-1,-4.670994790446002
5904,0.14724863970974575,-1,-47.979893868723366
5905,0.1326934457424309,1,100.64168683731629
5906,0.14588742117754108,1,170.16178070408802
5907,0.11296299180059778,1,343.69420857790635
5908,0.09022581616956069,1,326.02475031069025
5909,0.060628648495629656,1,427.6957027253148
5910,0.06496156801768853,1,419.0776461266639
5911,0.07436366649623852,1,407.8734298696495
5912,0.041343070020844926,1,430.32894363071455
5913,0.03766068987962045,1,427.417181847404
5914,0.058022099020187075,1,394.63945756025925
5915,0.08159927915706389,1,404.1218063741494
5916,0.07333202576143182,1,383.00112506045997
5917,0.08213184947475745,1,378.4599509100486
5918,0.09330161666178806,1,392.8194397709083
5919,0.15636437393519792,1,148.8259902480147
5920,0.14693937621022163,1,343.0012138661998
5921,0.2652001668197473,1,86.87175289774285
5922,0.1737845574520794,1,123.62885808273154
5923,0.17519391489020317,1,5.051846504867399
5924,0.1625405982318254,1,41.72304125209678
5925,0.22510818933657353,-1,-407.20768246499324
5926,0.20495557998161237,-1,-188.41434960555978
5927,0.2731362251170588,-1,-2194.120531027391
5928,0.10551162816661684,1,257.71572781174217
5929,0.08289837526692578,1,419.2090378092339
5930,0.12147200712215775,1,236.51537719803986
5931,0.09865930923767499,1,375.9565455551472
5932,0.10310219230368323,1,369.417748274837
5933,0.09851734874622024,1,195.22124927818763
5934,0.09205629937647598,1,351.5542412362213
5935,0.06921944658589485,1,354.5427652552939
5936,0.09283198041303074,1,382.80019145655405
5937,0.11283883745071412,1,350.33584868353466
5938,0.09394937849167218,1,343.03471903157254
5939,0.06915431689987753,1,353.78800550670076
5940,0.06567159849026617,1,374.25478128266076
5941,0.08932470764530696,1,255.07867565254662
5942,0.09279754999418133,1,324.54547113786697
5943,0.06294977926684334,1,424.07277546392356
5944,0.05807108196746651,1,424.998177814791
5945,0.08201498248926908,1,387.0575755453002
5946,0.10031789287257856,1,377.8405213899236
5947,0.06478264628090685,1,418.396613848862
5948,0.058570870794026286,1,415.4158291554404
5949,0.04718882533229681,1,429.48975459731366
5950,0.061456555330186784,1,392.0477833442482
5951,0.12266382278744639,1,256.7827656361369
5952,0.0918522472237612,1,385.5479612274204
5953,0.1915925191755241,1,211.0129446276429
5954,0.12820396143423798,1,314.4917613639244
5955,0.11816660282674733,1,363.3153801326077
5956,0.07910522213813,1,392.96342359486016
5957,0.18031534605487515,1,158.53361042895193
5958,0.1197869593968441,1,385.25103888441055
5959,0.11486717715902875,1,248.19800262280665
5960,0.08610230490064108,1,398.63498003228364
5961,0.0953287109125851,1,295.32764506798037
5962,0.09577674908261424,1,205.20782445556952
5963,0.13434512769322965,-1,-127.61550486188071
5964,0.1905359729862758,-1,-1331.000464918669
5965,0.1552740831417772,1,134.00283927716413
5966,0.19896598140390978,-1,-92.92208067193008
5967,0.2227271579041782,1,36.01609696256503
5968,0.2313449323840267,-1,-1277.4670610807163
5969,0.29247599933497126,-1,-1971.1510037175797
5970,0.3054560272537576,-1,-1065.8080698879496
5971,0.1652191442358169,-1,-43.55885073960218
5972,0.21684233798160674,-1,-449.41369252270306
5973,0.1717288829035701,1,116.03285958827348
5974,0.10804691998037384,1,192.65929139262096
5975,0.17068645631695678,-1,-218.11224411739533
5976,0.15020355650892722,1,101.54727595986884
5977,0.2188487631001974,-1,-1246.5394413801023
5978,0.22850065732278343,-1,-3078.352755383773
5979,0.21437600632972462,-1,-1166.2330154658528
5980,0.07688269653202871,1,377.9905833374082
5981,0.1508689441310153,-1,-454.1084591819174
5982,0.07782680030770255,1,304.0895998152228
5983,0.06519852665033385,1,334.1987758073741
5984,0.07704942651187285,1,337.8548688659537
5985,0.04621868692721605,1,424.8040704531921
5986,0.0442754171225791,1,427.07968855834287
5987,0.0514078154423609,1,421.34900957277904
5988,0.049724702788129786,1,427.9744241632503
5989,0.04279012988013604,1,429.4742376383537
5990,0.052444505254533993,1,410.81648187993335
5991,0.055462359934512095,1,390.33316295609075
5992,0.04912221852276485,1,422.17552317942466
5993,0.04788180426184628,1,408.8003777344586
5994,0.05441343778939892,1,404.6956776734642
5995,0.04666388505715558,1,427.0170180017086
5996,0.0533963130167275,1,424.83008366910013
5997,0.06151488646475313,1,406.39962453405286
5998,0.049268828047791986,1,430.65423851797993
5999,0.048306876957915794,1,425.674985960835
6000,0.06341486230171194,1,408.8758155816837
6001,0.09296007889350692,1,361.22035744744124
6002,0.05928446259399527,1,386.75866562542717
6003,0.08211337089833662,1,403.0462257939448
6004,0.1039690520329803,1,232.50208104980635
6005,0.07330475575622507,1,343.0642391475385
6006,0.046031898885332656,1,431.2385732158957
6007,0.04862838819165519,1,428.5081944910507
6008,0.06471238663880931,1,389.2274061026481
6009,0.04787985734370798,1,391.85685428754346
6010,0.04029592681114613,1,428.77450002471375
6011,0.030799019308686424,1,433.071398001102
6012,0.06039943534619232,1,425.67473917172185
6013,0.060700769647841435,1,394.7485092575358
6014,0.07235530858945431,1,382.7408260016432
6015,0.08988729183417986,1,315.54943869784154
6016,0.08074044823946538,1,383.94873314627824
6017,0.26147295757146555,-1,-550.8892937608988
6018,0.22647091750306902,-1,-3.7098414904774586
6019,0.23739152612529782,-1,-197.9075880204539
6020,0.15575226592169258,1,142.51889257571793
6021,0.13845017841362198,1,319.8011992944543
6022,0.17570623619874942,1,163.57789842306346
6023,0.12776461166056352,1,269.40858542704086
6024,0.11146393003335993,1,366.09381402554874
6025,0.20959870092843075,-1,-494.09445044077756
6026,0.19862259775443217,-1,-38.230701537798495
6027,0.14580941991558924,1,84.5113485052774
6028,0.16473377784055035,-1,-668.2868942870925
6029,0.1894690272538791,-1,-203.58812960018497
6030,0.10047916566751396,1,332.8735673696348
6031,0.09940089796598035,1,381.375636619662
6032,0.09743736861919336,1,389.13576479817914
6033,0.11681637097267013,1,270.8456697330058
6034,0.09063099578722845,1,335.573633129394
6035,0.11655323482560731,1,325.98081820191294
6036,0.09448995767875933,1,380.9348089934944
6037,0.1294998965044675,1,329.1815390009507
6038,0.06602145362993826,1,234.684432636678
6039,0.038269602131856026,1,415.9895980207891
6040,0.043009392573402146,1,424.092929932312
6041,0.05433517563503054,1,410.49513544797486
6042,0.0598768784797422,1,420.234529900894
6043,0.05238743733462876,1,424.96860524055234
6044,0.03607257861308285,1,428.72368493191544
6045,0.03429733445238676,1,435.3591493104702
6046,0.02810254279172016,1,430.61194272239374
6047,0.06522569216162442,1,407.93210046633806
6048,0.059077147727871884,1,409.38392445475216
6049,0.04723858318058393,1,414.29050968395387
6050,0.048148966885800455,1,426.79837100265604
6051,0.05003356441202683,1,417.8485187315692
6052,0.04369950815317205,1,431.3907666336117
6053,0.07878425117793711,1,413.7823167732947
6054,0.06054456214789127,1,416.1923740498767
6055,0.06330408998496133,1,416.5889836726632
6056,0.05645711937762628,1,406.45368446134705
6057,0.06274992234309541,1,382.2444652784253
6058,0.055078778595529156,1,389.03350102679354
6059,0.05638462469570416,1,407.7084333065772
6060,0.09917731489501372,1,319.5743960020849
6061,0.16131314567576674,-1,-26.77754665283095
6062,0.18151111514230395,1,42.911379453729694
6063,0.16632896758033944,1,132.62078853200939
6064,0.13728539624632796,1,143.85492709356095
6065,0.13862266841018311,1,212.79381844426723
6066,0.1260900899591856,1,214.4322247901145
6067,0.1404632282710184,1,247.91092569989902
6068,0.1191740987061877,1,273.2120735249483
6069,0.09192390138394894,1,350.584878425297
6070,0.05340272061967409,1,421.9008309626199
6071,0.034837443347839996,1,418.86745947372816
6072,0.0607548040743388,1,418.9087720298458
6073,0.07191624401858558,1,405.31019924280326
6074,0.08682361149690968,1,370.0122757613427
6075,0.08708455739473564,1,249.32568562870733
6076,0.08027866864240758,1,337.2817484222526
6077,0.06865194253768502,1,396.22308914998115
6078,0.20219545301727773,-1,-661.2019134263721
6079,0.1478127911367577,1,175.39914076012525
6080,0.11840790819208827,1,142.23851154419197
6081,0.11001071795423585,1,89.47612726973841
6082,0.11639610794539713,-1,-43.08457181667819
6083,0.11307404878138787,1,130.44732343896231
6084,0.05014448106393189,1,425.4620121000955
6085,0.045444807329627634,1,411.94265296481416
6086,0.063154206429497,1,399.5819411102326
6087,0.0502838227540624,1,398.2779122481913
6088,0.0548577767825119,1,389.6848730207752
6089,0.0807689314535557,1,349.18083138083387
6090,0.09060269794588748,1,344.2994830983535
6091,0.12582593339978823,1,226.52405541272728
6092,0.06311204781002715,1,402.0669825900101
6093,0.0889634860075524,1,331.546045917115
6094,0.09564239695505927,1,338.3432138672973
6095,0.10443440174529293,1,371.9804976532721
6096,0.16602010193091057,1,200.58028235972412
6097,0.1772701560890347,1,43.06618961253844
6098,0.1643443894908442,1,91.6338636607664
6099,0.1664547650461275,1,116.16032032008195
6100,0.16308664369737438,1,237.20739192515978
6101,0.15102373408483,1,282.54207983415995
6102,0.15825785735345413,1,181.75674934183922
6103,0.1269663691493088,1,219.05768372636734
6104,0.12116615496282652,1,336.6483258378032
6105,0.06444783455939337,1,412.7922946585952
6106,0.058690652658673695,1,418.1029399966126
6107,0.059769471631282975,1,399.75256845462116
6108,0.08884326743438033,1,364.717412021265
6109,0.06118655234020517,1,371.6795702720259
6110,0.06432702926386227,1,390.5330278434984
6111,0.11100357797764812,1,356.7399820303588
6112,0.10300065147757557,1,368.8213691538192
6113,0.0901717168288875,1,378.35616684486996
6114,0.09993406003923669,1,357.6973617999008
6115,0.10313817267209713,1,324.53084193375133
6116,0.11461407174625252,1,364.17509424255945
6117,0.0908452118586683,1,392.78698916511337
6118,0.123838385990811,1,307.54528078930105
6119,0.13330590155935182,1,252.20468809738668
6120,0.08370954264942435,1,411.2112737323163
6121,0.07419332744074662,1,416.9171506348956
6122,0.0998953149846101,1,398.05560390802805
6123,0.10174848403446261,1,337.9607327722128
6124,0.0516724384642256,1,434.13791283698737
6125,0.047276084568172345,1,424.6040024911161
6126,0.053260415950460334,1,416.2943687929896
6127,0.04724672027622897,1,427.25140600325585
6128,0.06414662980026187,1,420.60157933968173
6129,0.07230659978837968,1,397.54707665126045
6130,0.06345777926186481,1,410.8297611429458
6131,0.0632561799094213,1,406.3395881044657
6132,0.124886164567064,1,237.99375831586664
6133,0.0835883594471402,1,421.707249220909
6134,0.17351567421991926,1,112.31441287934047
6135,0.13522196322698593,1,205.4062881313192
6136,0.13423734387173009,1,103.7520352891766
6137,0.13228651698833566,1,193.92618819812452
6138,0.12582902807526905,1,238.28710609158992
6139,0.12502295258496282,1,175.9318332366978
6140,0.11218472536719415,1,246.22371814057954
6141,0.08546622041549365,1,260.1986279793973
6142,0.027460588287912778,1,420.0063234087966
6143,0.033282431940212125,1,427.59295135811635
6144,0.029662268685512964,1,433.9481446199569
6145,0.02758365015374111,1,435.1321280491953
6146,0.034880660796428826,1,434.561329284432
6147,0.02858528049584581,1,434.2976177078058
6148,0.0444586546917799,1,426.58024240194123
6149,0.04225825352825292,1,424.4251685014207
6150,0.05452934584130721,1,408.58804557869547
6151,0.056859466506791245,1,407.7691504503925
6152,0.060938149523678944,1,395.675379145237
6153,0.030804974949759988,1,406.5123761860584
6154,0.04988173494784459,1,408.8097525262196
6155,0.057486958927216635,1,382.4607375757937
6156,0.05037387927749192,1,397.6994722664507
6157,0.08059843423149679,1,352.7141011270179
6158,0.12230700801454121,1,370.1787111096835
6159,0.11007362530996499,1,376.4065775481703
6160,0.10150760263087313,1,369.51980255912474
6161,0.11139269684394612,1,382.85226432868035
6162,0.10365054594970438,1,405.5431322415502
6163,0.07285397553389587,1,408.4666528530572
6164,0.059689838115073925,1,423.0560824964338
6165,0.04239591228454321,1,428.7107557454354
6166,0.027996718406981265,1,431.1557198068257
6167,0.024964912575370143,1,435.7837743874571
6168,0.050101452762561116,1,426.5334585715825
6169,0.058865064892219335,1,418.6191953428959
6170,0.028989830075600503,1,433.92863149741913
6171,0.054403489121095785,1,411.61464604181805
6172,0.028407176069145966,1,435.0786702733646
6173,0.038439070122830356,1,432.285761815788
6174,0.03482470622545363,1,432.9503769233661
6175,0.03349468314387407,1,434.68779247731936
6176,0.03672937607389472,1,435.7142559992069
6177,0.03225485865709517,1,436.8612721255831
6178,0.06403108743833463,1,420.84050095122177
6179,0.06451587896569184,1,419.2137698148482
6180,0.057640108302253676,1,423.59060720898776
6181,0.059440962417629854,1,421.1702428377923
6182,0.053906004072430444,1,423.06069891650276
6183,0.03600406852976793,1,428.7352589099608
6184,0.0479447359606528,1,426.7118375226646
6185,0.03427099435947737,1,428.65255192318875
6186,0.02601318669884083,1,436.2438418493475
6187,0.016597087777814604,1,437.8829685964938
6188,0.02553060468426846,1,434.26835954923394
6189,0.029483384433404005,1,435.4885431673716
6190,0.028712467836754487,1,435.2284644621015
6191,0.022007960453853094,1,437.36177332943294
6192,0.029394760253244334,1,437.48756432413745
6193,0.022485319309168056,1,437.45858596030297
6194,0.046416723844732014,1,426.00524612039993
6195,0.06421402586030675,1,399.91407555212834
6196,0.035579473147868516,1,434.75482394166204
6197,0.03660431280752341,1,428.6426626118886
6198,0.046854113709473615,1,424.18792701391436
6199,0.027055830105039983,1,437.2170541793011
6200,0.02332083852350636,1,436.92080433361144
6201,0.026600262292588328,1,435.6944111659523
6202,0.03145484697843882,1,433.196677657077
6203,0.04730100701736354,1,430.0599037982694
6204,0.029222700789920373,1,434.4456038239109
6205,0.04847952172159237,1,424.3936901540544
6206,0.04912246392787191,1,426.53194455422283
6207,0.05093297884656393,1,418.4125544096912
6208,0.060462164512920476,1,418.3257373707872
6209,0.07688467792694244,1,408.4132233271391
6210,0.06222823743028322,1,376.7776613490841
6211,0.08062871614942513,1,400.7561670604675
6212,0.08504937077409126,1,413.3882544813761
6213,0.09450322785086915,1,406.38588406214996
6214,0.07497347647776907,1,419.87255716764594
6215,0.055831715771012945,1,425.52831765872975
6216,0.03439401119310103,1,435.2001689415974
6217,0.037390495373973834,1,431.031557706828
6218,0.04447854612967842,1,430.8793662083242
6219,0.04519024036016362,1,430.2362526602957
6220,0.03700641806505911,1,433.4895101128792
6221,0.038775964521208295,1,436.98413144725805
6222,0.04697851489507997,1,431.9453753310209
6223,0.09675896032563107,1,357.1661627090863
6224,0.10460766532159319,1,358.9837584466169
6225,0.061722975281151296,1,421.1033420896219
6226,0.046270456824566264,1,433.1046544274996
6227,0.057241669042861834,1,416.52968564664604
6228,0.06602721808218578,1,425.3484922622392
6229,0.03921687026260246,1,435.0055876738818
6230,0.02745010264995635,1,435.81281079234014
6231,0.031278678587247054,1,434.23268122515685
6232,0.02749682318337946,1,436.4389789027433
6233,0.018625957439946644,1,437.225652798575
6234,0.020639015479891974,1,437.6427979396601
6235,0.022272350160485174,1,437.9048386221899
6236,0.02318710225905907,1,436.8102349422053
6237,0.034839710817090766,1,435.44258635625357
6238,0.02779238265830556,1,437.22200936885065
6239,0.037960711533763514,1,434.93949925495093
6240,0.03385808613797831,1,434.05226370190593
6241,0.02527706212491144,1,436.98869155500176
6242,0.03405893206866756,1,435.14488037452486
6243,0.031303207842278975,1,433.05280480903883
6244,0.053746932485164385,1,424.23222047606527
6245,0.04751404084662606,1,425.5408172224348
6246,0.03355019299058493,1,432.85018651696276
6247,0.045483483177620916,1,430.51677627354405
6248,0.04602797344121258,1,428.6863230603689
6249,0.029045016030343544,1,435.2163834450335
6250,0.040935312240850515,1,432.2831380265134
6251,0.05469066735459403,1,429.60128257157464
6252,0.09289790478926482,1,385.28602345093867
6253,0.1773258520941902,1,198.0979672656559
6254,0.11812627352259053,1,359.0110537184032
6255,0.075635066541028,1,415.0944334637066
6256,0.10796626484968716,1,366.8524832622602
6257,0.09553715921482542,1,370.0735155838141
6258,0.04162960471299736,1,422.87616881265694
6259,0.07514819256534909,1,340.9884703542864
6260,0.06838471057225913,1,410.2379223484644
6261,0.06565135126329653,1,424.2589182607039
6262,0.04972527673131085,1,428.04110668461897
6263,0.06319177931287716,1,417.60186708014896
6264,0.07520628826579778,1,419.40303379328844
6265,0.07634258365566673,1,421.70366734254384
6266,0.07150809035315783,1,420.61498062900796
6267,0.056101817624938384,1,406.2306736119716
6268,0.07599310143913109,1,404.93719782428525
6269,0.1054774841845706,1,375.86280669927015
6270,0.05680688143870346,1,429.0971116405142
6271,0.04133260129800511,1,434.76348701442566
6272,0.048524355130751005,1,420.6883930679174
6273,0.03529918509984293,1,435.6548917903542
6274,0.02852248255232965,1,434.81637108260855
6275,0.02196263472866263,1,428.65511679091065
6276,0.020299432515434004,1,434.3898997716677
6277,0.02440622390949021,1,430.32555491855635
6278,0.03741630629590289,1,428.86630361771915
6279,0.053150524967031994,1,422.4551853895111
6280,0.04872113270452355,1,428.7872491451453
6281,0.04145898049844464,1,420.0169673851984
6282,0.041180549436982294,1,432.56282883092297
6283,0.05732482058323109,1,428.8546007578375
6284,0.055689555442134726,1,420.59364977151876
6285,0.04889777926497528,1,424.9496782044758
6286,0.05919142288011619,1,418.5901730809354
6287,0.12361165510313019,1,337.09539615172724
6288,0.0672219010307228,1,380.89897667375834
6289,0.05882469841734573,1,420.7629031615715
6290,0.14559955993686755,1,53.06271733811508
6291,0.12053134312580867,1,353.7400167428948
6292,0.0884803169460495,1,396.7410726708559
6293,0.0675730744745911,1,413.4253857338246
6294,0.06851079599816388,1,421.83045213278933
6295,0.06145739800776155,1,420.1374833870495
6296,0.06825524630864349,1,423.15872794164056
6297,0.028616441517712077,1,434.5885249239481
6298,0.023253958195523478,1,435.8779291906233
6299,0.026674453079768946,1,434.284608113765
6300,0.06331864485068292,1,413.1626886799578
6301,0.04799484133920027,1,425.1513563266269
6302,0.05318160112858059,1,423.4951821533871
6303,0.04985283572426879,1,414.9736417763287
6304,0.09617194100544404,1,151.5491953949695
6305,0.09720428500920628,1,293.43450884177884
6306,0.08537381708303486,1,415.9200599315259
6307,0.06414828656391806,1,413.31283213757683
6308,0.09903965755013344,1,321.7079406475732
6309,0.1768347961629492,-1,-297.0263207988587
6310,0.1279734899561469,1,111.55713838190417
6311,0.09907918141823889,1,243.79004201037023
6312,0.10752238599886912,1,284.4905372289129
6313,0.12094800176300301,1,221.84511268564438
6314,0.05187995034734157,1,387.70433841971663
6315,0.06910537939973782,1,258.27209834789863
6316,0.08032188675051526,1,205.5807189867035
6317,0.0459323905011615,1,417.16208360564303
6318,0.05362818517321064,1,414.5911670944306
6319,0.019214515884826627,1,436.4625221030828
6320,0.02285346492042659,1,432.0557398004081
6321,0.01992072076747045,1,433.55239270024595
6322,0.023586444964857328,1,431.4933817308331
6323,0.03082759561504899,1,431.4135649731877
6324,0.040438293457436554,1,423.07223267323485
6325,0.030194557021626132,1,430.54182025596015
6326,0.031756439994898404,1,432.9036499246257
6327,0.0354869396503449,1,430.09136209974633
6328,0.0521271940510145,1,409.5222044625213
6329,0.06629777751979457,1,407.9651944628762
6330,0.05833455212017841,1,419.6449844987969
6331,0.053681654997344716,1,416.8790897972565
6332,0.05298075164474191,1,427.0254418008278
6333,0.07570784486637541,1,420.21165592647094
6334,0.06880676328729259,1,424.2101183979477
6335,0.10503524210309509,1,398.207614573665
6336,0.10466172580969021,1,405.1972268219978
6337,0.08469484336363546,1,394.3292933578871
6338,0.060324339361169786,1,422.35542282808495
6339,0.05418557654787822,1,430.48929500101815
6340,0.049524846233397035,1,412.4563258766183
6341,0.04336423063436094,1,419.4035394061961
6342,0.0417336381291859,1,426.84182867014727
6343,0.030472403335517356,1,430.13798272473343
6344,0.035053122749509245,1,434.39444845900863
6345,0.034843016523743345,1,434.8842681770597
6346,0.05341590392337509,1,413.29639402649343
6347,0.04868003347407712,1,414.4099468873924
6348,0.05309197679959321,1,370.82020764137
6349,0.055997673953705744,1,370.28994350214396
6350,0.05644439713959082,1,358.44529338488564
6351,0.06558192995607394,1,358.27443411135425
6352,0.0822786122066912,1,374.30421692339047
6353,0.06877830363656735,1,388.1729634152581
6354,0.05848146271126082,1,396.971195275608
6355,0.048557950186325215,1,394.00596348759296
6356,0.08052487547409284,1,417.9255298430388
6357,0.06209172540175786,1,424.8467229707445
6358,0.04546521701854421,1,418.30207383236126
6359,0.047773954471816614,1,419.171811867861
6360,0.07083309703270081,1,411.00709560749846
6361,0.0801374958626472,1,388.39642073050567
6362,0.09342748906654859,1,376.3982394199642
6363,0.07184367504909943,1,375.58185177852386
6364,0.07696283277873404,1,318.9788173454873
6365,0.057535621885845774,1,375.70779932226503
6366,0.07904814564468739,1,358.2048356199001
6367,0.15612968897678084,1,288.07194135739644
6368,0.15346171218461818,1,199.69365698787516
6369,0.18858408123167217,1,164.51446514640514
6370,0.0988026489749023,1,364.36617403557193
6371,0.10183981383017364,1,390.74141382686076
6372,0.11269577530842649,1,243.16072133566882
6373,0.12110149757321179,1,222.0900374631302
6374,0.141325628143195,1,8.756237214528653
6375,0.11536833808049476,1,300.31448627705754
6376,0.09394432758858196,1,203.9613483510875
6377,0.09873304800038989,1,359.35401830944073
6378,0.10347491104886263,1,295.7495917392905
6379,0.09242915574853935,1,386.1168506791558
6380,0.10394191951323183,1,341.980735402622
6381,0.09442160306597483,1,412.1657434781505
6382,0.04582173442223831,1,430.45791330312693
6383,0.0483134872065349,1,416.907739351146
6384,0.05486955106143183,1,414.13084259839434
6385,0.04291773313156464,1,427.60370211385043
6386,0.056111518144588875,1,426.32925971534837
6387,0.042965859309423086,1,433.45373605767253
6388,0.05629086477198698,1,405.8674115036573
6389,0.042616468173568914,1,417.3349790023683
6390,0.05833786836692199,1,383.7191301169755
6391,0.0523295318664328,1,387.00472420274474
6392,0.07111531353728792,1,375.5824087068071
6393,0.060813804328997405,1,400.54249942736186
6394,0.05400733997583647,1,423.9873985427261
6395,0.05550246300249073,1,426.40054129149974
6396,0.0694306760004864,1,407.4602955642688
6397,0.06114384910155953,1,419.1356433021
6398,0.04373470163523253,1,434.7378360844451
6399,0.04862409925293839,1,410.76207431202033
6400,0.07152235622468374,1,405.5193606197005
6401,0.06885896601891009,1,389.69597754551353
6402,0.059274579346017334,1,424.8562191329154
6403,0.048693958340759146,1,427.183221157864
6404,0.06175428231124691,1,419.6615920014233
6405,0.0617205473064134,1,406.36804460531846
6406,0.07367818069110717,1,389.93315492744694
6407,0.07003021604987089,1,410.9817035206789
6408,0.07156789569978916,1,413.20673234353524
6409,0.07960623399760736,1,387.48294906909825
6410,0.0436237709443499,1,428.5954088574297
6411,0.027541258386561566,1,433.1816068967798
6412,0.02257898685769381,1,436.790526154271
6413,0.0168521844118266,1,436.08174329243866
6414,0.032064779786914126,1,432.08470930973203
6415,0.03162439747399142,1,431.4760558830424
6416,0.017926165186058416,1,435.49621600124703
6417,0.012914569222972226,1,436.5880039453462
6418,0.040057807055928284,1,420.53695522042307
6419,0.04150825891264481,1,406.18263724386605
6420,0.04560497521150652,1,392.9771492338002
6421,0.04303154883302973,1,420.74079441953126
6422,0.050095517538811696,1,419.3037571883344
6423,0.03795656911629738,1,427.9143871090454
6424,0.030818088549270362,1,427.5216608938308
6425,0.04265283571004709,1,415.1711672289024
6426,0.05808669326224404,1,408.5263236517
6427,0.0320349942408434,1,435.38517294696936
6428,0.03889997591089322,1,435.4273034789687
6429,0.04128415913362614,1,435.4087662117866
6430,0.06739115158417962,1,414.46831526470197
6431,0.15348339136380923,1,209.741993083343
6432,0.11067950843545116,1,349.7167708761903
6433,0.09677326593328953,1,324.95779046951776
6434,0.10464665880951261,1,372.05342190822046
6435,0.10277075258224835,1,375.32429848476073
6436,0.11106740420448505,1,371.6879143862047
6437,0.12445133465472782,1,313.50040695444744
6438,0.1261735505832904,1,317.3129307447192
6439,0.09293239024008411,1,347.429114826129
6440,0.08032268081253416,1,378.32931307185817
6441,0.1087520048859392,1,283.7962845928621
6442,0.08816072510020827,1,342.43559707081545
6443,0.05679685765560448,1,391.2511287690147
6444,0.08153483821289942,1,178.70208512679397
6445,0.05872435562022682,1,410.5760617354682
6446,0.04914272221444743,1,384.92893122589146
6447,0.034933052414442486,1,417.5453998059537
6448,0.03726496596390733,1,413.2519564919611
6449,0.049838359661030625,1,413.5070144302422
6450,0.07260435704774997,1,402.17998790917494
6451,0.09314953434916302,1,387.89944630313613
6452,0.06126907579202834,1,420.47996520986675
6453,0.0861618649075574,1,405.128999139023
6454,0.09228728436602632,1,403.0710055356385
6455,0.09202913171283653,1,402.13883157536975
6456,0.10457901892030064,1,377.0152777985083
6457,0.10863255661391,1,363.6818470192473
6458,0.11097823291138025,1,351.70979468653275
6459,0.11301942580867673,1,288.375207704623
6460,0.12349271186268695,1,227.3737947100379
6461,0.14075646238583514,1,225.12549380365508
6462,0.1441822195208245,1,209.04126025699583
6463,0.09002347928061326,1,322.97083128701576
6464,0.049113957877213274,1,419.5197990366783
6465,0.05088063755394811,1,422.20734391420336
6466,0.050430524846519185,1,427.0330309795353
6467,0.04896909686372652,1,426.16965397583624
6468,0.03605894510341879,1,434.72328832997243
6469,0.04001747374448356,1,434.80328250937436
6470,0.04394651618184726,1,427.3482050077676
6471,0.035951681078820165,1,436.9843934952562
6472,0.046115125723136294,1,430.9766934141742
6473,0.04946266484958106,1,426.4401769673055
6474,0.051766612133468684,1,427.7551844560277
6475,0.08928854293268089,1,404.25131743009194
6476,0.0836168440980701,1,410.59756335970116
6477,0.06796164869952961,1,418.7280976328877
6478,0.08063258314301046,1,407.2024111505106
6479,0.07533447189877902,1,415.5894176055129
6480,0.07415586370283901,1,419.0827773372992
6481,0.1382759044309678,1,235.62380159825778
6482,0.11543493338175972,1,328.4308146661391
6483,0.08507923273746155,1,372.3346128378788
6484,0.10057552797760042,1,360.97577701027774
6485,0.09952825397316846,1,362.7565079932232
6486,0.07049775834013564,1,407.602461313228
6487,0.1239135741976832,1,159.21082944422733
6488,0.10844918068112894,1,338.97003504609285
6489,0.11678342014333985,1,242.36122445613685
6490,0.12212494869477626,1,210.79703166518172
6491,0.09242648514852893,1,309.40051241027004
6492,0.07708166378263297,1,284.30642687165357
6493,0.07356748098565125,1,383.4302149421547
6494,0.09919324046489583,1,264.9756519617017
6495,0.09640184482608585,1,323.595686778848
6496,0.038111053160864584,1,427.41357836619
6497,0.03265954207225339,1,426.45142745531297
6498,0.04795411258724325,1,425.7251044161883
6499,0.060716357641325214,1,425.5766654486803
6500,0.06117254613855703,1,430.9536938964758
6501,0.0659717230660735,1,411.62455445853163
6502,0.03795886591117686,1,431.1948642068333
6503,0.0277487689148757,1,434.30246882969294
6504,0.016902062616144124,1,437.7976630923596
6505,0.021533121142870905,1,436.51108578280406
6506,0.04229827636732248,1,417.18307913746565
6507,0.024135647983288832,1,436.25999454585934
6508,0.0444862338380265,1,435.137647196863
6509,0.046515929976600874,1,431.9042342539262
6510,0.05174663226216112,1,428.7133298460142
6511,0.04626179176034238,1,431.9179206769315
6512,0.06866749908284656,1,417.91661661838185
6513,0.05599355178119657,1,430.47343693545713
6514,0.06888026028438017,1,417.1346262251781
6515,0.047840420354350766,1,428.5583286669313
6516,0.031612890094363806,1,436.26254229654154
6517,0.024408634861949826,1,437.9364200911251
6518,0.02818324257760994,1,436.51201878864003
6519,0.037223596290059384,1,437.5487249183802
6520,0.04175733624212692,1,433.968711270843
6521,0.0307579172374609,1,430.9466917563031
6522,0.043267510081922186,1,427.17616989778753
6523,0.09037558120538966,1,191.89519817766734
6524,0.10503515432261622,1,80.59072726252725
6525,0.08872354104611409,1,162.7570481454119
6526,0.08380203513778166,1,155.1316258148783
6527,0.09771696298387587,1,60.4589899668012
6528,0.09927545095910935,-1,-42.553541344184225
6529,0.08953847168099326,1,29.664565819635982
6530,0.08491252931341323,1,199.31372180141528
6531,0.04493619057296805,1,416.8147398556542
6532,0.11240497310331161,1,259.04744598173215
6533,0.09442397281441424,1,322.07262204835774
6534,0.08964566368540423,1,360.50076062470094
6535,0.07160715316152755,1,373.9140222233028
6536,0.1325133887155477,1,187.09087644917594
6537,0.11437538599189985,1,241.7867056281218
6538,0.09819356684267036,1,286.8968158879684
6539,0.10309244180596829,1,56.19939746865481
6540,0.1720534455445125,-1,-137.27327277653376
6541,0.14796216001447454,1,33.718594132380304
6542,0.13125160702059105,1,258.5681358967066
6543,0.09505294183179094,1,388.67178809993055
6544,0.11973065513496202,1,355.957942952029
6545,0.11130109440140169,1,243.22964061488668
6546,0.1254239003029782,1,271.4689184486681
6547,0.1800690921055184,-1,-85.73865725349094
6548,0.16211310647284508,1,162.40263572028175
6549,0.12287972292667816,1,283.9973663929536
6550,0.09614226622029294,1,217.71936696597143
6551,0.10996836074069273,1,81.78057007633299
6552,0.14413990697286952,1,182.2622839385881
6553,0.1325705724485137,1,224.139141571813
6554,0.16164397286182533,1,188.81858559507947
6555,0.10085501220782862,1,382.0165981680529
6556,0.09164418768973351,1,292.96105916178306
6557,0.07829030636625747,1,348.00724527657195
6558,0.07268231136964617,1,285.4922470403293
6559,0.08610215340921765,1,340.1359417180616
6560,0.08762141556221069,1,358.6005628335079
6561,0.05790703029914901,1,410.4631990130718
6562,0.07320502694276333,1,348.68263856592694
6563,0.06374715736627233,1,357.2311888137823
6564,0.059210493345640006,1,378.53109214354447
6565,0.06385606166300546,1,382.3235184390013
6566,0.0669858563449237,1,365.67409203408084
6567,0.07750374793709473,1,336.3797984020362
6568,0.06973794835630698,1,342.39586195851587
6569,0.06357592725530636,1,389.16498169641994
6570,0.05840125891457339,1,402.43281622339447
6571,0.05892899953449634,1,425.2615873911373
6572,0.06044126393198346,1,415.41802290677606
6573,0.05619207054260501,1,425.7736780599626
6574,0.0755623610404078,1,416.84080317614695
6575,0.1165627298401031,1,379.3373733853289
6576,0.07131750274141446,1,406.922806741184
6577,0.09074766364682414,1,346.33311610982776
6578,0.09856482075774234,1,285.38469501121233
6579,0.08858806117719165,1,283.7320639042435
6580,0.0669113335427863,1,370.5816673944439
6581,0.080040713591472,1,392.3960192264388
6582,0.06402638372493388,1,418.63883103551683
6583,0.053767969743382875,1,421.46430661627306
6584,0.03945276924288348,1,413.615998629011
6585,0.04513417167497756,1,432.72942881516184
6586,0.044555937937682775,1,429.8056327625104
6587,0.03895124163162391,1,426.9868081255724
6588,0.05538566614503708,1,423.91138655966915
6589,0.08307526857625103,1,370.4029754646429
6590,0.04806548318431723,1,411.625411173851
6591,0.04269494099104649,1,419.2201299018162
6592,0.043376756218595616,1,433.94767039567483
6593,0.05566677787532164,1,423.5931561285732
6594,0.0469929977063435,1,426.0891498176536
6595,0.034144549407287596,1,436.8390922630997
6596,0.02860131312231417,1,435.79054318564033
6597,0.03557502640350422,1,432.75586371886277
6598,0.03418292995896853,1,436.28690961388514
6599,0.044254731547332046,1,431.0526133722442
6600,0.03339532480911549,1,434.62719806688534
6601,0.03541253260221903,1,435.71832807182574
6602,0.028918631862658258,1,437.51747995979605
6603,0.03385417893402788,1,437.02341538072005
6604,0.04397632756127819,1,423.3391078842286
6605,0.06645702953810441,1,416.8493464023899
6606,0.07634996070594932,1,389.17055398463174
6607,0.050077888320868645,1,431.3324707778356
6608,0.05739629311984927,1,429.4863767323841
6609,0.06109584605040249,1,416.9730106805648
6610,0.06068338951068796,1,390.40135723443876
6611,0.06201603645064988,1,391.8814741227714
6612,0.04308366739364132,1,432.3558372496712
6613,0.04200507579886638,1,425.4980599522283
6614,0.05227061321719183,1,418.70747054076895
6615,0.034805988759079226,1,427.99164171013234
6616,0.055271880196296405,1,417.4100397804085
6617,0.06451758955893225,1,416.1595049207916
6618,0.07459937996335678,1,378.06488688890454
6619,0.09029613075088748,1,266.1450361273495
6620,0.10825607156572482,1,380.4820956023374
6621,0.08097922183922295,1,369.7696228236956
6622,0.10227525623231441,1,383.24118768418145
6623,0.08990677670844774,1,394.6418598633934
6624,0.22903758294961868,1,2.7238417784458306
6625,0.23103445782214677,1,183.65296501307492
6626,0.19972876983088073,1,237.64863452287554
6627,0.13421736294378311,1,232.3786807764002
6628,0.10778135595800405,1,387.99551009120245
6629,0.12427163415273078,1,124.36579486722843
6630,0.15779998375516158,1,203.1710517153241
6631,0.20717356350373475,1,260.2626280162875
6632,0.17276869244244836,1,323.8614770902221
6633,0.10999802153978845,1,398.083528347282
6634,0.09435232411821312,1,395.0250483159669
6635,0.08051230933964988,1,403.4177164069191
6636,0.07520104594040497,1,413.7190895658497
6637,0.06650421333791409,1,362.4846322069792
6638,0.04307226466384555,1,395.7714582055197
6639,0.033125504624569264,1,427.25604145798184
6640,0.03303882143878082,1,424.8828255461292
6641,0.044982555253763434,1,409.44336188425524
6642,0.06624064664870938,1,389.2930635244501
6643,0.0799678704174832,1,380.63399183918534
6644,0.09755515108814682,1,397.4872625602324
6645,0.09409454570365135,1,397.55533458250403
6646,0.10901229645258888,1,359.5158022806522
6647,0.14945011470893602,1,296.9393972440966
6648,0.10966407997869629,1,409.6464476792254
6649,0.07846249499956164,1,384.7893386565334
6650,0.07991825586455395,1,420.8265806314292
6651,0.1005834184191604,1,392.1517144435261
6652,0.10368007760899833,1,405.53812618862975
6653,0.05128040992585866,1,416.0980799116887
6654,0.05878193520013624,1,425.265662434983
6655,0.040416488420112986,1,423.8218716028612
6656,0.04686432683548732,1,421.62189258203546
6657,0.047070834096085236,1,415.82553358727114
6658,0.04429590053323658,1,426.3390491056817
6659,0.026816076250867533,1,429.89184622883425
6660,0.034907604974750435,1,426.79518307159475
6661,0.038691876507826455,1,428.51603326187836
6662,0.027952894242880166,1,434.94848380505096
6663,0.022083222900210888,1,434.26332755813036
6664,0.023216551859598925,1,436.7593705877697
6665,0.025127421772642797,1,436.7306394343208
6666,0.028435406812871097,1,435.9307167918016
6667,0.03395463002688646,1,432.99502724610045
6668,0.03547044722959447,1,433.9444069150522
6669,0.035411614232917964,1,434.36740221421627
6670,0.038860325196304786,1,432.66801209797956
6671,0.030810624129992654,1,436.4161417295118
6672,0.04496335119864292,1,434.3461165704168
6673,0.06048039557862111,1,423.19343174772246
6674,0.03649366409992262,1,435.88377235962105
6675,0.04675299263414552,1,433.43568189763766
6676,0.03560068732217562,1,434.2805114814168
6677,0.028707552555971814,1,436.52236373135275
6678,0.030784670089890432,1,437.0696080123267
6679,0.0830442790875002,1,404.50397905858847
6680,0.05529760089694325,1,418.16498344089285
6681,0.07297098514206965,1,396.57798360680243
6682,0.099810319304196,1,357.8652104930767
6683,0.06912438200758188,1,412.9289806283566
6684,0.04811895293190189,1,424.4177029929042
6685,0.05851250834236801,1,420.5237422935732
6686,0.08082139809895413,1,390.6490271717337
6687,0.049824551147745935,1,432.14757366771863
6688,0.03455957121307859,1,434.71310615525573
6689,0.026501578281780618,1,432.8651745017589
6690,0.03768683773275115,1,429.63160036385705
6691,0.03202964625451029,1,428.8511687912102
6692,0.029757120506387975,1,434.84520717372857
6693,0.03640714713954545,1,435.48415772475914
6694,0.05544742463582227,1,424.3404618322379
6695,0.06395851080195511,1,423.23310030935875
6696,0.06248578663086024,1,417.22643645514927
6697,0.05618364949412415,1,428.127777945698
6698,0.06398106325300693,1,413.86208411496
6699,0.0795087028433096,1,380.9326233528504
6700,0.08827512215295603,1,348.4689212231642
6701,0.06252904715724183,1,375.50706800534346
6702,0.05040920082159517,1,423.24120884955283
6703,0.04925020261862301,1,432.20474780314873
6704,0.03813811980258688,1,428.73625363137717
6705,0.0430505823848218,1,425.7841748963209
6706,0.08986179004077553,1,357.516858072469
6707,0.07889360412211607,1,381.04567889532404
6708,0.07825401719209524,1,370.63372490150084
6709,0.07252467389590149,1,370.10316443046764
6710,0.055809714109791776,1,380.797536663039
6711,0.06999828242063415,1,340.89933740477284
6712,0.08726544768508285,1,369.448084566796
6713,0.07086511030817658,1,381.34604382294566
6714,0.08583874584044336,1,345.88941426920286
6715,0.05351312663705068,1,424.57131700795685
6716,0.05772426446398436,1,411.65000912092546
6717,0.05739649501191328,1,404.17052445490475
6718,0.05659373047410001,1,408.0610174822784
6719,0.047475317142177245,1,392.149177764819
6720,0.023642297325259992,1,434.6751809004649
6721,0.019027742636926314,1,435.764069993799
6722,0.02321882508940683,1,432.6812691019949
6723,0.033149106109735295,1,421.71809731252483
6724,0.038630649205114505,1,423.4135282637802
6725,0.028002129012106743,1,436.1005256957917
6726,0.03349555871488672,1,427.43781488601496
6727,0.0684812776884747,1,374.6322988098952
6728,0.07913622507195898,1,412.03997265070154
6729,0.07784210196019414,1,404.17760313056846
6730,0.05444372295384114,1,418.94198194768836
6731,0.0667432753437567,1,404.1247370272205
6732,0.06723529535305549,1,425.81081042133377
6733,0.06359243915272485,1,418.19459330120003
6734,0.09700007142390021,1,305.25643959345473
6735,0.11487990431014183,1,35.13139903614979
6736,0.08739120655852817,1,26.870371617025796
6737,0.08408861423356065,1,71.25730677345268
6738,0.08259750419146313,1,182.1587887783777
6739,0.11866705408593861,1,27.344657836939803
6740,0.07568799975831808,1,320.451494963927
6741,0.09552254534370311,1,326.60650583301435
6742,0.08971127222716575,1,354.11667126792634
6743,0.04687713793341506,1,430.7724098767391
6744,0.035780736367826325,1,437.604698690801
6745,0.03751326633173728,1,436.60830581282363
6746,0.04638697417779632,1,430.78443929750665
6747,0.04230374172485784,1,434.1532585607959
6748,0.04849858905693157,1,422.38903980318844
6749,0.021845974715313743,1,437.2792524950681
6750,0.02087215240014803,1,435.426195662901
6751,0.024756765202135777,1,430.91863722930884
6752,0.026500229252355668,1,428.3966844126959
6753,0.030216701452309196,1,421.7049290163563
6754,0.02443321117636401,1,432.85558919710525
6755,0.02671434424385875,1,430.84700847300854
6756,0.025229425994873024,1,429.56136966271015
6757,0.020474812375447692,1,433.9421531448661
6758,0.025292147270647523,1,433.26932645611544
6759,0.02162271825808442,1,434.3483404602285
6760,0.017026984995021473,1,437.06990239876427
6761,0.020831870602235816,1,435.9105548667672
6762,0.020521048850364296,1,437.6893119579204
6763,0.018269062151572545,1,436.9112654333454
6764,0.031897594393138336,1,433.8060481390446
6765,0.03767144938780726,1,434.4509768042534
6766,0.07331044348342948,1,424.35292100234756
6767,0.06214582930026905,1,396.2357527890191
6768,0.05735854623069605,1,407.00631848419147
6769,0.051061398801917575,1,423.02403259831794
6770,0.05875064811458231,1,431.27883831570836
6771,0.08756445740566614,1,403.28622633016147
6772,0.07777205888866716,1,413.53010328436625
6773,0.18566255913174404,1,298.3984494260975
6774,0.1446287385375227,1,382.5419154873856
6775,0.12589272916048883,1,327.96451487888794
6776,0.12802270862486517,1,292.8178375767253
6777,0.1925688587557681,1,236.93652113869985
6778,0.16549667675652652,1,332.428657947483
6779,0.14513932704049246,1,340.23775261427795
6780,0.1294931969174911,1,340.0068535332485
6781,0.09422210988798395,1,380.7393246101147
6782,0.095274004699309,1,387.9476734890241
6783,0.07904222366836801,1,384.6447723953283
6784,0.10916701609629745,1,394.2074863145541
6785,0.06828456070492712,1,398.30139934211803
6786,0.055094089000949496,1,410.71849206433257
6787,0.04279629904203941,1,414.28522450802143
6788,0.04069981428684992,1,424.5060427963805
6789,0.038588999977838045,1,420.6277723159833
6790,0.05426742785677968,1,404.5528613057295
6791,0.03539531007367944,1,426.88515095368035
6792,0.04389723264674049,1,430.8863378983737
6793,0.03864542760721128,1,431.8307645041065
6794,0.028265550549961032,1,436.25677301678706
6795,0.030500540491463328,1,434.9532023614123
6796,0.04578219426654214,1,425.3685847572745
6797,0.05756454938513227,1,422.6393831644419
6798,0.05326389481814233,1,416.93743824572516
6799,0.06005354217893321,1,424.22993177393164
6800,0.04710394644330717,1,419.4045453799815
6801,0.0514432898813953,1,418.346683172981
6802,0.06485075964150534,1,409.743744213136
6803,0.09871910473076355,1,383.5080951979513
6804,0.08720152373646715,1,384.00612173042623
6805,0.09661221577239947,1,382.6432869514068
6806,0.08592040930223752,1,385.14848373321655
6807,0.05026717973566258,1,406.4198080570304
6808,0.02767735112601174,1,434.2652243595767
6809,0.029208101238555627,1,430.0360978455477
6810,0.02549715035136596,1,436.2216764919322
6811,0.04305477595592395,1,434.72154195974525
6812,0.02874373177091467,1,434.04643155368757
6813,0.02007860402975869,1,436.4785493073021
6814,0.030249999843157016,1,433.4533295766388
6815,0.04478449963706994,1,435.3452990205905
6816,0.044877962826631146,1,428.55604956203115
6817,0.04364800408796892,1,434.27407434665116
6818,0.07224103862462199,1,400.7533054108766
6819,0.07648074253978007,1,396.597800514384
6820,0.06297288024897695,1,423.60881485355645
6821,0.06888516923900057,1,411.22116041541005
6822,0.0728638046644932,1,404.2570978122169
6823,0.07230935350003409,1,389.49119188170533
6824,0.1034323440774128,1,359.16135183149186
6825,0.0907414448055779,1,288.5565266520715
6826,0.0854902804986901,1,301.7100981143301
6827,0.17169887968568598,-1,-350.0133027346044
6828,0.12043436276158585,1,320.2416874083397
6829,0.15587324824575724,1,57.87255539904356
6830,0.1302065774672969,1,288.970136932463
6831,0.14059637895579294,1,190.425774472783
6832,0.15738685211645714,-1,-94.58118063363145
6833,0.12726509845030096,1,199.68884187958167
6834,0.09886093365913447,1,345.89429531469534
6835,0.15758609247953584,-1,-46.9612232159443
6836,0.14114528150186217,1,227.89819591062596
6837,0.0460429095323337,1,427.55731205931613
6838,0.024665675737139896,1,433.7066813255826
6839,0.022240419060564485,1,433.0769672935965
6840,0.026732761758214516,1,435.4762075019699
6841,0.024533168548470874,1,435.8441460722676
6842,0.03709558283333877,1,437.6081093651521
6843,0.05753239033465856,1,428.4283306024929
6844,0.06227532505084837,1,424.47950208856616
6845,0.09577819706451104,1,299.0121538711541
6846,0.07780138224999011,1,403.7195926827814
6847,0.07737696456474719,1,415.5126406105679
6848,0.06969043131546654,1,427.2136336598615
6849,0.11670613720633524,1,396.578772813673
6850,0.12631056351700645,1,257.28708876407967
6851,0.22780089340893064,-1,-1187.6078967284895
6852,0.2740641853783427,-1,-676.1340478082336
6853,0.15103175789203566,1,279.7844873637223
6854,0.11455984771158063,1,286.9431556110422
6855,0.09683601030946745,1,357.43575850524775
6856,0.07490693431153846,1,413.883501465213
6857,0.12476279285432519,1,348.3506980199373
6858,0.12318473946324278,1,336.9192719960398
6859,0.11208804905603952,1,392.18447222331866
6860,0.13395473013556985,1,230.80639644036788
6861,0.0779972193688392,1,301.41632330851394
6862,0.10276627775339804,1,265.49248404518323
6863,0.07982406608958816,1,319.25133435079283
6864,0.08580850169977683,1,334.3246531557862
6865,0.08568031705617916,1,329.08653295012107
6866,0.03500241374002544,1,426.718188176248
6867,0.02533805834982824,1,432.09617571839976
6868,0.038551271584606424,1,426.25928902313524
6869,0.0835429754337468,1,328.10818148275337
6870,0.10764019337884466,1,294.46484029105875
6871,0.09969265354107669,1,331.0783755959181
6872,0.14005443461779146,1,287.2598390994034
6873,0.11327307327663662,1,359.11696863637655
6874,0.11159870859795562,1,374.3695484455858
6875,0.10223398310570318,1,362.79458200282414
6876,0.11059564449716304,1,389.8962827154753
6877,0.0848956930389356,1,380.01070147292245
6878,0.09786700256997148,1,407.42356720156096
6879,0.10831827437229853,1,399.4529670410787
6880,0.16240082420085963,1,357.0877291625486
6881,0.1033014470369148,1,303.5938306110485
6882,0.02174788627943091,1,428.3043312767742
6883,0.02319573253311391,1,429.044835903346
6884,0.022432042344026817,1,434.93926419045755
6885,0.030437721552604127,1,432.32020084975994
6886,0.0255591827082934,1,432.37967431349426
6887,0.02131401749803474,1,434.1612828904964
6888,0.019992601864730727,1,435.13447947063923
6889,0.025620634750706285,1,435.3773121844595
6890,0.01418908879882001,1,436.71018520731127
6891,0.021674114594946725,1,436.7259240327103
6892,0.026228611579925204,1,436.24339628573
6893,0.05078407626141472,1,429.53235013136367
6894,0.06449499188636003,1,406.7719408949415
6895,0.09353304724943057,1,377.9528566772743
6896,0.05921027578143949,1,422.74671664045445
6897,0.05451012384098989,1,427.84574132609606
6898,0.050471182149483894,1,428.21203574843776
6899,0.05956178117317642,1,421.7547761599798
6900,0.06823092704253401,1,411.3535182840066
6901,0.05683342336506135,1,403.06353781481573
6902,0.07236630554094936,1,370.229741008004
6903,0.06408136209346056,1,430.51660411257706
6904,0.04361381072691667,1,432.9794179463958
6905,0.05062151752454782,1,425.8004144127654
6906,0.04315295800308828,1,434.4389871667159
6907,0.0390881818319994,1,433.19158228079937
6908,0.042679812995157,1,435.4310518473199
6909,0.03857602299418465,1,432.55646155563
6910,0.031483713879488784,1,435.5398839541215
6911,0.00825631063458828,1,437.13836543450697
6912,0.010507254583337225,1,436.9276834962959
6913,0.01364018567705741,1,437.1780814451546
6914,0.011457021194161641,1,436.7996733342526
6915,0.013841323468310265,1,436.40849615347884
6916,0.02104579548087406,1,437.32027077069534
6917,0.02551524043425298,1,437.40676490801695
6918,0.033499097499837635,1,434.3532119643159
6919,0.04470285591215722,1,428.8048425447781
6920,0.043430707962525066,1,431.1164243857116
6921,0.04526050990608925,1,428.18273271759705
6922,0.045065848501645286,1,421.37750350957054
6923,0.04801629264198313,1,423.5032401738553
6924,0.030026755183747842,1,430.3992562263308
6925,0.034564366340158956,1,433.9051479407205
6926,0.035613579177770374,1,420.3417048386933
6927,0.06000351558361793,1,403.83416228335403
6928,0.06868391218553692,1,403.5853162059167
6929,0.05212273106751724,1,419.1846983078404
6930,0.03636396743138703,1,430.9705715585375
6931,0.039034097990529856,1,424.42656970375634
6932,0.06144797199373429,1,392.37831629362313
6933,0.06232943130812529,1,408.0246855930469
6934,0.06133601597886246,1,413.39637691423593
6935,0.06832848933289529,1,411.1224412521747
6936,0.055647627457137194,1,423.705185518453
6937,0.05791318536440621,1,419.1295377629618
6938,0.10767931891555323,1,231.15488430086265
6939,0.07904583934880692,1,422.7031025996246
6940,0.08346011491553919,1,410.75265068626277
6941,0.08278028828990103,1,405.9528476120002
6942,0.09100600195597616,1,389.49067891679545
6943,0.10110444330877985,1,385.85087394712747
6944,0.09060518984319621,1,401.118346679224
6945,0.11996957164430279,1,291.7439012285157
6946,0.1390174500782125,1,265.59910424106545
6947,0.0993624840225781,1,379.5120668661433
6948,0.08760991381458781,1,309.5348774683332
6949,0.16901767677193638,1,232.5569626726369
6950,0.09396013244021303,1,391.43641108651525
6951,0.17443774559547756,-1,-44.65571676018965
6952,0.06983869565909565,1,402.73334947269905
6953,0.06449497487498736,1,387.1044024746779
6954,0.062458154422195475,1,378.870576819417
6955,0.08516829520368165,1,330.3743262564393
6956,0.05618990342010138,1,412.2563917003912
6957,0.06321073889429742,1,379.0692226147884
6958,0.03783454329739401,1,437.8064163479607
6959,0.03946765682556045,1,437.1229794038841
6960,0.03830973114518559,1,433.76882230954175
6961,0.03404178395387502,1,435.02333832312587
6962,0.027511709419350043,1,436.8028477776163
6963,0.022883187254804222,1,437.6118625306821
6964,0.03194259729835065,1,437.99819579075563
6965,0.026844266524449458,1,437.1369213138387
6966,0.03905416501444044,1,436.00325888237586
6967,0.02641594882499278,1,437.6019619920133
6968,0.034808202109612496,1,436.64018711109975
6969,0.054936809662959885,1,428.3552881802454
6970,0.0465405757628418,1,429.7484477541381
6971,0.045642623277679574,1,425.5471308014335
6972,0.047729830238157335,1,421.0644321035376
6973,0.043969263514658886,1,423.00868458520273
6974,0.03008594806571687,1,432.1435981007142
6975,0.02961206354311377,1,422.5863764076562
6976,0.05203306593882212,1,413.26954071235826
6977,0.0627576269213287,1,407.67316225225767
6978,0.05064555009568567,1,408.36430655207715
6979,0.057508389159010374,1,418.43494577642736
6980,0.04763151754091239,1,433.34442846541907
6981,0.03150086671844319,1,424.7546175314037
6982,0.032863648014621084,1,436.07780779066195
6983,0.03686506171703715,1,425.77390520024323
6984,0.045578457050234424,1,434.46663929213895
6985,0.0672078187568963,1,418.58786104958654
6986,0.07880419930801606,1,415.71550342676875
6987,0.0715346436093095,1,416.34040900828296
6988,0.059291111485032535,1,419.50481907584344
6989,0.06813467655713991,1,414.4262294084245
6990,0.0551976832631811,1,409.30357581343253
6991,0.06515576610053767,1,389.7961251550976
6992,0.0858797899222473,1,370.1873729755272
6993,0.04820421603387002,1,388.1303370579214
6994,0.05486568630358085,1,397.2893666547118
6995,0.04428775876870059,1,408.0538886224471
6996,0.03959247778277986,1,414.08121205984156
6997,0.06143506133250328,1,414.1324864005032
6998,0.038872794229645444,1,436.8477114178749
6999,0.04889576681149491,1,433.13007216610566
7000,0.042123595005401214,1,433.71125607963177
7001,0.034557520039688296,1,435.3070730347426
7002,0.06266710909824845,1,383.4955548141553
7003,0.0642452718177041,1,401.668892993398
7004,0.07466827271596642,1,385.85366018573137
7005,0.08642048875353585,1,369.263801498277
7006,0.14308922571132796,-1,-210.97426412986079
7007,0.12373214583571387,-1,-5.808751790784868
7008,0.16149311680507214,-1,-465.6088882383078
7009,0.1093118428975736,1,229.5856768491855
7010,0.1548591491319175,-1,-208.06139078638535
7011,0.07601232668475218,1,416.84273326905736
7012,0.10542889498026799,1,298.51700329082104
7013,0.08584156485593815,1,344.8173773072426
7014,0.05793000155561921,1,395.82885001436495
7015,0.06675102607477437,1,368.17342086097915
7016,0.06122034505925544,1,383.03683437442686
7017,0.09142473764985315,1,381.4914827154722
7018,0.0920367393736705,1,368.95026516934104
7019,0.06349500534220519,1,383.66148244718966
7020,0.10662148776819104,1,369.75458841036937
7021,0.13335617625609383,-1,-765.5018489571144
7022,0.15518805071747008,-1,-698.98113186457
7023,0.14459694832855782,-1,-410.28891755077325
7024,0.1342041492914588,-1,-163.95741058938086
7025,0.13883701035114682,-1,-212.85723884736728
7026,0.1030470414319566,1,4.0622256605647635
7027,0.1143477221721778,1,12.685569106257844
7028,0.10229884382331346,1,268.92277272513104
7029,0.08064687148577572,1,399.2986148964905
7030,0.03670495768102085,1,427.51268389382415
7031,0.057445388322655465,1,418.7709160379316
7032,0.05179956441095547,1,433.02452614767486
7033,0.04942103627748869,1,429.1587355574054
7034,0.03364157963158693,1,430.8862000050859
7035,0.03426669093155895,1,423.32834608154695
7036,0.05719275542494492,1,422.0285214338599
7037,0.05959384967049451,1,398.7336563939328
7038,0.06820941216973762,1,386.2583495503128
7039,0.056457864249276644,1,423.41833349382193
7040,0.06552126120118736,1,425.6038101893491
7041,0.0943360692235882,1,332.4547061818025
7042,0.138155125252378,1,180.63174701942808
7043,0.09882508554940497,1,338.111431325487
7044,0.10763069320530946,1,227.4639489865219
7045,0.09772868071370062,1,225.36166038587245
7046,0.09148401362134449,1,245.9752699232633
7047,0.08323221617256235,1,240.26413356190034
7048,0.10477675194617757,1,201.8155534683561
7049,0.09372163151256453,1,249.52104969576362
7050,0.037345888262951134,1,429.1494692435124
7051,0.022233937020636814,1,437.7763368253356
7052,0.019823919233786007,1,437.74737219301716
7053,0.02032511968792756,1,436.9006402057774
7054,0.023129283511494673,1,437.401020967792
7055,0.02969221998972101,1,437.23958631700776
7056,0.01663391965114048,1,437.4869656467735
7057,0.01790827510394236,1,436.4817769714216
7058,0.017829671590696195,1,434.29852224163875
7059,0.017655407282865927,1,435.620220735156
7060,0.04904469904718371,1,424.78351453187
7061,0.044851318467459385,1,423.5337756692734
7062,0.04240156591919191,1,419.2497591446716
7063,0.062034459457808055,1,377.8910031452433
7064,0.05859177085171945,1,394.36173454045087
7065,0.08533990072284228,1,376.26616087004857
7066,0.08597225783896624,1,373.7464021019736
7067,0.08111760507891207,1,381.8127360115985
7068,0.07729272693617606,1,384.3824760745285
7069,0.07041627371201771,1,420.6996727364566
7070,0.04734904286367051,1,430.5638711886513
7071,0.04858474453033399,1,434.7475056994902
7072,0.06463466778558837,1,395.3372788366677
7073,0.046125299923884144,1,421.08905681880435
7074,0.03114715650209517,1,434.69433963524887
7075,0.03248206921869877,1,426.735273328089
7076,0.03710608072027033,1,435.0225496605593
7077,0.05034993974471968,1,424.13287510849295
7078,0.04881307681326058,1,430.16337829308037
7079,0.07488137561204891,1,409.16025492872
7080,0.08883063476451145,1,388.7228889918542
7081,0.07984364741142858,1,371.56625742791107
7082,0.07977379654535774,1,331.36259523447575
7083,0.10081194200347608,1,282.16062740269
7084,0.11489198549156186,1,338.87777845452183
7085,0.090497364306137,1,344.2357214692597
7086,0.05927072218829956,1,408.0773782476887
7087,0.03750368888259083,1,429.1703434033005
7088,0.033958771008026876,1,429.0451151607685
7089,0.03513069487950311,1,431.1806942712292
7090,0.025054311261335206,1,435.19225812182736
7091,0.031577309858953254,1,433.69207518527554
7092,0.042651481305407794,1,430.31496544540016
7093,0.09764430167415859,1,255.5000787017341
7094,0.07467445770585963,1,396.94024893042626
7095,0.05068164266044999,1,417.20946396010277
7096,0.044563375638779774,1,429.46808721860816
7097,0.044544485558706395,1,432.5480746354714
7098,0.08459455953978016,1,406.93076605047895
7099,0.06568266184470202,1,425.03548888648214
7100,0.08205488854374596,1,413.0148243878679
7101,0.10730061656039923,1,396.6499207832435
7102,0.05908825644479763,1,419.7168130506438
7103,0.04918047335877306,1,420.31971452311564
7104,0.07658574206689342,1,386.2488930031664
7105,0.07866855401952648,1,416.1846194955561
7106,0.06260623840570444,1,411.2025850786955
7107,0.10156533743586886,1,337.43105894254506
7108,0.11867090610767377,1,342.14076441443484
7109,0.11904553541564875,1,234.54775943270224
7110,0.0920612571469587,1,358.04489407669473
7111,0.09566500954243194,1,389.9156117136536
7112,0.0884486420271718,1,389.4116957174173
7113,0.10444629852670335,1,366.12129239821104
7114,0.09008176555156155,1,403.10547059523117
7115,0.09374947857384122,1,409.9239113816799
7116,0.0674237682541682,1,425.21388835312655
7117,0.04660418480853677,1,434.1794706040216
7118,0.04739932061932496,1,417.8435249542911
7119,0.07125530162489233,1,401.8068189024535
7120,0.10346514271630158,1,383.1572028487642
7121,0.0779059846312258,1,405.4806989175354
7122,0.07105806553468202,1,399.2915100459858
7123,0.08931019893694911,1,399.3303884164444
7124,0.09061842488263241,1,397.58727200261256
7125,0.0864568894311551,1,405.9703986283293
7126,0.07940308849860107,1,420.99077060989043
7127,0.05322777511306131,1,428.28927606065946
7128,0.05846244278515456,1,428.47983650433696
7129,0.0766079721192573,1,377.3998150180452
7130,0.08705465636687512,1,384.3090038470891
7131,0.070719096255758,1,401.38485241892687
7132,0.05044345030611604,1,418.81769442995716
7133,0.051758530588866605,1,414.9767018249294
7134,0.06735383858473111,1,407.31313522023316
7135,0.062092415161633815,1,398.78669994252834
7136,0.06603307636804788,1,392.0040982834013
7137,0.06284145567845692,1,404.51046049384956
7138,0.04767760885704815,1,429.63920565296655
7139,0.06140566841084939,1,398.4370987295643
7140,0.044505360037464456,1,425.55142141162594
7141,0.05153069540522332,1,417.0976639623098
7142,0.051550154483636,1,373.980918640597
7143,0.06244008466388225,1,338.4669695977366
7144,0.06889392362151454,1,374.45864043351435
7145,0.04509515878407054,1,426.1810946418893
7146,0.0591851200364949,1,393.8442886363906
7147,0.06862470912407956,1,371.8681142494446
7148,0.044244909556040934,1,431.5915792380912
7149,0.057873537097943455,1,419.6102478955222
7150,0.0580581369747061,1,418.28648612932534
7151,0.04344794142759951,1,426.8003815359241
7152,0.03499507511954137,1,435.0986116446436
7153,0.02897853359522969,1,432.12557375334325
7154,0.0366552099628328,1,434.7503399988506
7155,0.03448118580799172,1,434.80221714953376
7156,0.03517855296761779,1,430.1073248222068
7157,0.030726805236791527,1,427.4888670852235
7158,0.04159276924353274,1,418.39775802672773
7159,0.04487733101423689,1,418.9618508246975
7160,0.036666569253593066,1,420.7960502517982
7161,0.04217302255177035,1,411.5481547584503
7162,0.028457029851799553,1,433.11297832163166
7163,0.028363708936616418,1,427.77547177079146
7164,0.03378577111621837,1,412.15120456201885
7165,0.026857196421818507,1,414.9462604238613
7166,0.024232558205590195,1,432.61505666113794
7167,0.015456483578307954,1,437.5282342659314
7168,0.018969340691901142,1,436.420846295333
7169,0.026810008215011637,1,437.34893634328773
7170,0.03135836351343329,1,434.4243495655608
7171,0.03282958405091129,1,430.9631526190091
7172,0.0341311179509133,1,434.143256079016
7173,0.07388358494658401,1,412.7238981510914
7174,0.05533856139931854,1,409.6521467820581
7175,0.07029665189979128,1,359.03404658285837
7176,0.051556100571704046,1,429.51810505094744
7177,0.06985633193049291,1,370.68320382839136
7178,0.03802860833010829,1,431.92231239273224
7179,0.03637355546629104,1,429.80176018251177
7180,0.03502150560857038,1,425.58311879670407
7181,0.05118339214034825,1,422.11554779123026
7182,0.05278791002850449,1,433.99491890343467
7183,0.05850735681950018,1,419.4438667382676
7184,0.05686340761961282,1,422.5827392250375
7185,0.06078966779961048,1,425.2598468783045
7186,0.0545176822215717,1,430.7312984409582
7187,0.03517364743498797,1,434.2707392417234
7188,0.045198047244499794,1,432.68183498195776
7189,0.03550320030518286,1,431.12752674041997
7190,0.019031408281521705,1,436.12354869943357
7191,0.013600033204408552,1,437.72643312490897
7192,0.009620307150452562,1,436.85330817683734
7193,0.007495350126812092,1,436.7863183709246
7194,0.008071020449351497,1,437.2636096384465
7195,0.010083471065556042,1,437.2915142151443
7196,0.013013498643948665,1,437.61685900467137
7197,0.01457242613382663,1,437.45054701938506
7198,0.01076417974197043,1,437.40256945780294
7199,0.007308019717477443,1,437.16726801984737
7200,0.007800711997114956,1,437.15458137238
7201,0.012855346187714741,1,437.2298185625891
7202,0.011022793016392238,1,437.4899899491112
7203,0.010277079480100747,1,437.52532865844523
7204,0.008841810698589213,1,437.18818503445993
7205,0.009993027452488753,1,437.51152338508155
7206,0.024631259580710226,1,435.1594535406629
7207,0.01757104629671833,1,437.41109499190594
7208,0.01977058216669806,1,435.1859670923908
7209,0.024617140951362797,1,432.7946195777873
7210,0.029458710682119783,1,434.64958561253167
7211,0.03406333143691852,1,434.05199715337204
7212,0.02675923696109453,1,436.83517998324584
7213,0.021417035271814214,1,435.9924519690639
7214,0.014015258019499236,1,437.63536106996384
7215,0.010069571478486002,1,437.1263890948611
7216,0.011206962481903516,1,437.4151356089729
7217,0.010419388499270375,1,437.3470208933066
7218,0.010021181888629573,1,437.25873573727523
7219,0.009335620636987497,1,437.31410559031264
7220,0.008844693069321426,1,437.52603158880015
7221,0.01124104841167632,1,437.628970711994
7222,0.016371307532858568,1,438.07619259479293
7223,0.021434736216715686,1,436.16073315263935
7224,0.02636679799065189,1,434.43108560093737
7225,0.02680511053048287,1,432.7591578708638
7226,0.027570762025433897,1,434.2781183195553
7227,0.025100750963530143,1,436.68204356077325
7228,0.02847964953783624,1,437.8419962193597
7229,0.028033777900624866,1,437.0088142811696
7230,0.022521844111344256,1,437.964531566066
7231,0.02678148604681268,1,438.3743195345738
7232,0.016142990506129475,1,437.6347861326332
7233,0.024229155589538757,1,437.8543058153016
7234,0.020317798173605076,1,438.38567251833683
7235,0.022644994680368822,1,438.4136254166043
7236,0.027211290303320312,1,437.9453905674044
7237,0.02883158213254062,1,435.9822714998233
7238,0.021014472962719688,1,436.7004118091158
7239,0.013308610444060566,1,437.94812054342776
7240,0.01769419056014353,1,437.54261013374855
7241,0.013385601179763174,1,437.61700307946643
7242,0.010625013817897237,1,437.826230162381
7243,0.010039022406813205,1,437.5451901151943
7244,0.018129649172007347,1,437.3272159878207
7245,0.0108184950128752,1,437.4662219545064
7246,0.011912188518523369,1,437.297020865719
7247,0.016467705528867862,1,436.96264661065686
7248,0.028835936151276217,1,436.79615526139537
7249,0.02704042320424543,1,435.59681017961583
7250,0.03912870662971298,1,426.55686198253943
7251,0.07218703012259534,1,351.08854614264055
7252,0.07494052834180873,1,400.4207582722055
7253,0.07031001917459674,1,372.87444424898194
7254,0.07682944710842661,1,392.8560905121816
7255,0.07337858129028463,1,400.7306696128519
7256,0.10308250056422041,1,372.5077156729809
7257,0.10491252765245214,1,373.25114985606024
7258,0.10032521282535962,1,361.83719053939114
7259,0.0466942139993907,1,422.182951178514
7260,0.028918503393772752,1,436.09929358485545
7261,0.026105469033820043,1,435.3203943757207
7262,0.04904986448107708,1,431.8379631748352
7263,0.03946653415658679,1,433.83899485321245
7264,0.046223680510856006,1,429.45587438912224
7265,0.03451663385790391,1,428.42072209094977
7266,0.05327435706047556,1,422.2725246741686
7267,0.07589047188535503,1,403.7111656531264
7268,0.08261540992863527,1,387.12025812078457
7269,0.10547717583548846,1,351.00435189482494
7270,0.08616552493803822,1,349.577428711855
7271,0.06584409277767403,1,383.01024325153065
7272,0.08118826983661209,1,368.0687149717159
7273,0.09300611767177516,1,385.4166898884185
7274,0.13406707872585974,1,380.75407970739224
7275,0.09701517170111092,1,398.90261391793786
7276,0.07130110793614333,1,396.8231085190495
7277,0.11732688954251871,1,397.6163908722572
7278,0.0932758808019316,1,401.11795218876495
7279,0.07601846697299622,1,414.68923733468546
7280,0.12991940400113372,1,388.47479255411525
7281,0.16546369974783018,1,297.1279871274054
7282,0.07827249698088175,1,427.8271479877458
7283,0.08916637111926959,1,382.4880416132246
7284,0.12713581639008636,1,233.60226976220542
7285,0.2503750063892892,-1,-1450.3682664556839
7286,0.26624001761317967,-1,-800.4226289892658
7287,0.0885910590914837,1,399.70788307888375
7288,0.11943086843934743,1,334.56695017149895
7289,0.1962282597445005,-1,-1096.9847635071933
7290,0.17992803369237279,-1,-896.1738702701202
7291,0.15908855372012093,-1,-261.7648025439473
7292,0.04298336400362559,1,429.1930653511613
7293,0.05770374284085846,1,366.87159396034485
7294,0.05141507440300775,1,406.5856329562273
7295,0.0627922410953798,1,414.66131582558614
7296,0.05359077654082465,1,429.7290993843265
7297,0.02022633852268055,1,436.0133318747002
7298,0.030742103835021357,1,433.633012641818
7299,0.01764528731515313,1,435.00321493450747
7300,0.016216455910558956,1,437.66248279491424
7301,0.026080418237627516,1,436.85685638868864
7302,0.022259050281776684,1,438.1291890917715
7303,0.01421984608895537,1,436.6689493474761
7304,0.012636723511324334,1,436.79277796780497
7305,0.007834948577026685,1,437.42249253011107
7306,0.009619560312395239,1,437.5850541662973
7307,0.008912816982424599,1,437.44873340695057
7308,0.007139710017062322,1,437.24698390339853
7309,0.007022981482530709,1,437.3987275394886
7310,0.005425755533873823,1,437.1144992574554
7311,0.0068518804582716935,1,437.2435828480774
7312,0.0072932418788166165,1,437.30126534072457
7313,0.008605301731682785,1,437.39006932539303
7314,0.01110154063102829,1,437.56001415323925
7315,0.015181624823364286,1,436.7305212976166
7316,0.02667166497403008,1,431.8707653580303
7317,0.03752254741795659,1,434.5873041363453
7318,0.03632977722667395,1,432.89361349483215
7319,0.0537999369982765,1,425.96870587217944
7320,0.04569352281184449,1,427.5602704102418
7321,0.0545541769718668,1,429.6091033524356
7322,0.05736736277371419,1,424.44413001164685
7323,0.06409635113820364,1,429.82899636097864
7324,0.058814326572777145,1,422.85199043417543
7325,0.03595232678034337,1,425.5699445501136
7326,0.03175291442451887,1,419.9980794978549
7327,0.03112043818368831,1,433.48761270570645
7328,0.02275306603581035,1,437.16749527111983
7329,0.01961467758996691,1,436.1755647132297
7330,0.031162992695179977,1,436.1288090126024
7331,0.04012496095749672,1,430.79985291141287
7332,0.026923912781811565,1,431.28047172642823
7333,0.040330796492763464,1,421.6583636026019
7334,0.030074217388894715,1,420.55993947952834
7335,0.036185235026190594,1,422.499428610716
7336,0.04200902532325785,1,427.8964744533907
7337,0.03882449284728575,1,427.51543503983635
7338,0.04204346291852544,1,423.11810089561016
7339,0.02575799920175222,1,435.4800290889278
7340,0.022054371133562796,1,435.49003433922303
7341,0.02162998233286315,1,437.64632943816696
7342,0.020318874985990436,1,437.3470947162065
7343,0.021747724464735965,1,435.7882905519369
7344,0.015348950002236971,1,435.8574826063537
7345,0.01381154867738008,1,435.5351755286219
7346,0.014876003059166242,1,435.70420189298625
7347,0.013728796109786086,1,435.1336832772455
7348,0.016491691897421275,1,437.6867772740338
7349,0.011688438435494565,1,437.6066283892696
7350,0.009631772208425638,1,437.38317382393404
7351,0.009479037206355439,1,437.361354616246
7352,0.010072732879147913,1,437.4861544721853
7353,0.007742622247351781,1,437.4323581115484
7354,0.009988441111518573,1,437.68706336486684
7355,0.011944873461460849,1,437.7777244800094
7356,0.010189127674195223,1,437.54807112262665
7357,0.010154236398380036,1,437.32753724936055
7358,0.007219013945956888,1,437.40745402389354
7359,0.01095460351829898,1,437.5142120292254
7360,0.00867286753863432,1,436.8232206356785
7361,0.00456195878239188,1,436.9099825778717
7362,0.008265026716326982,1,437.1403433514157
7363,0.009613511549282925,1,436.7807465394495
7364,0.011183863435308345,1,436.9943060128474
7365,0.01325309690128906,1,437.5542488857637
7366,0.02304794607602124,1,435.5604822527415
7367,0.026409611453725366,1,436.1926437285688
7368,0.02371181370967188,1,433.12860009176234
7369,0.028676187677437133,1,431.25366738299215
7370,0.02987598440353379,1,434.0053123404467
7371,0.03562407207892965,1,435.126463693653
7372,0.02873817911773382,1,434.12914116498797
7373,0.039086432727917675,1,425.09024655899555
7374,0.02998359017117336,1,434.4353971265762
7375,0.021249222162071403,1,435.2571099015402
7376,0.019560914198025657,1,437.30852827524774
7377,0.023855160931947,1,428.36296236733773
7378,0.0712544574187468,1,424.1954645606293
7379,0.05548828835190073,1,404.25165954725134
7380,0.19523626111656595,1,191.98268599441275
7381,0.14624505411270358,1,314.73495189717187
7382,0.19856482917260965,-1,-116.77434637471072
7383,0.1812225894521089,1,185.51733185594628
7384,0.1310390310204523,1,331.844463364269
7385,0.1665660080823075,1,348.94375094713837
7386,0.12648655342230405,1,287.5908320950382
7387,0.12224593250173117,1,179.66298322262003
7388,0.09214157587127134,1,382.30220004203693
7389,0.11727421316090696,1,336.7926437837056
7390,0.13893343982202894,1,240.47046617542554
7391,0.07948977735450265,1,385.3525450163682
7392,0.055167512769252414,1,398.38807097668797
7393,0.027362875573166193,1,428.2967175508656
7394,0.006420962841057076,1,437.11331949910095
7395,0.005225175377505477,1,437.0661370355778
7396,0.006348012817755843,1,437.239652323861
7397,0.007781287431227733,1,437.4673686437609
7398,0.0052041137457197835,1,437.0980990530836
7399,0.0051389465845090776,1,437.12774764437046
7400,0.005382652311134631,1,437.1952291775102
7401,0.0052936626612760575,1,437.1133467227631
7402,0.0074292496806069854,1,437.24731129794304
7403,0.006438593717855374,1,437.3082551291512
7404,0.00904147227502178,1,437.37482966004205
7405,0.006187731381488341,1,437.06735263108374
7406,0.005770929561278315,1,436.971445692786
7407,0.004285791587485128,1,436.90853777839544
7408,0.0062458064778775566,1,437.15668457925943
7409,0.005439868311186162,1,437.104954204765
7410,0.008193261053023778,1,437.29190825767625
7411,0.007679984262263693,1,437.4159107800534
7412,0.010786425167738617,1,437.71383578994096
7413,0.00992672695724153,1,437.56795378649514
7414,0.01215641730627309,1,437.3745358819357
7415,0.00798585911800549,1,437.337941500879
7416,0.006715080632570321,1,437.339521147019
7417,0.008236193067772667,1,437.45153287805795
7418,0.0070982508411787226,1,437.29610788491595
7419,0.007456313504795588,1,437.3313975285529
7420,0.007550871139884037,1,437.2242692812019
7421,0.007457083230220722,1,437.3579127210453
7422,0.006041086206827522,1,437.17923290591074
7423,0.00786626294989333,1,437.474673805767
7424,0.006891877330698122,1,437.2567936304528
7425,0.012196754022204761,1,437.5334974329804
7426,0.007024399164798629,1,437.1616025551624
7427,0.0074385345035241175,1,437.3603840222018
7428,0.005082826490350208,1,436.9885075654395
7429,0.00508732958500377,1,437.0640539433166
7430,0.0056891962208613185,1,437.0938946750859
7431,0.006012915777715959,1,437.2308527953566
7432,0.006393815847993671,1,437.08825402017646
7433,0.009291307285385934,1,437.1425552821306
7434,0.009692999155468484,1,437.34351938497184
7435,0.006045142198017504,1,437.1589568797913
7436,0.009238923939433449,1,437.1895810653599
7437,0.004988026440398892,1,436.9866947237108
7438,0.007289688857701512,1,437.23829028088767
7439,0.006148360044137655,1,437.15658860113626
7440,0.008916517683659272,1,437.3315758636157
7441,0.005464431493594509,1,437.0575802371672
7442,0.006536844072825292,1,437.1771062342192
7443,0.004818614339574197,1,437.0570088761938
7444,0.0051011226153711495,1,437.04585275348563
7445,0.007626207104206898,1,437.4402737702441
7446,0.0073666307348938444,1,437.40552722267694
7447,0.012469434087894365,1,437.3452434257715
7448,0.008993264497389008,1,436.92852303068815
7449,0.009159557887689202,1,437.18561531294165
7450,0.0076491422179230315,1,437.0214855687475
7451,0.008648884162660134,1,437.2942102982454
7452,0.006128220718705725,1,437.1887534218083
7453,0.009871212387809471,1,437.4315781717653
7454,0.005749931317085148,1,437.111245261149
7455,0.006909818091086156,1,437.1057550425932
7456,0.008500177984230192,1,437.4860603591231
7457,0.012424662010678655,1,437.6646889973937
7458,0.012565407781929872,1,437.83815349858617
7459,0.009109990956506645,1,437.57070242412516
7460,0.009121327252639158,1,437.55748123644275
7461,0.014038584302038975,1,437.91635999517143
7462,0.013301598770868775,1,437.6718360160556
7463,0.01157113196669386,1,437.4521481666028
7464,0.012360708698369222,1,437.3985980317241
7465,0.012178601627441955,1,436.16671717854047
7466,0.01216375979557833,1,436.236869395962
7467,0.00996964986072893,1,435.7680223467095
7468,0.01249901167656986,1,433.83503223751
7469,0.010843961429379241,1,434.1622375626716
7470,0.01247968098902938,1,435.37080824773994
7471,0.011359675581481448,1,436.2655604434478
7472,0.012163232989305082,1,436.5780362514685
7473,0.014827353876570732,1,437.7114953351397
7474,0.00981782877951495,1,437.7096774916496
7475,0.008077749201375694,1,437.33277281725776
7476,0.011255187746856753,1,437.4847608227428
7477,0.009234692316362139,1,437.2831703798815
7478,0.015138839891453667,1,435.58474932719463
7479,0.016253979648925176,1,436.216532619642
7480,0.017144285828629695,1,437.78177872239104
7481,0.019126013941645263,1,437.2631624500263
7482,0.017683366289352163,1,436.0925051017935
7483,0.013584870779700593,1,436.2890688719971
7484,0.02691239749122996,1,434.0880283257787
7485,0.03948134919937207,1,434.55522916427685
7486,0.04425442448236717,1,431.3284891598214
7487,0.045942185146222045,1,426.99990483988796
7488,0.036399739259896355,1,428.27755671607554
7489,0.05720637311380688,1,422.04961344520683
7490,0.09220168985426266,1,359.5327850279155
7491,0.08838992192330215,1,366.29257610594135
7492,0.09210578827331013,1,368.12821302754594
7493,0.07932923407584544,1,384.9481932621453
7494,0.07560532146909293,1,386.04718209600475
7495,0.06398719995624225,1,392.79788175409374
7496,0.06595069256736004,1,390.56318561504935
7497,0.08396801422190549,1,385.5401381665291
7498,0.0400975599384676,1,420.08666180219467
7499,0.02655543184604466,1,437.31673235154864
7500,0.02034282714786138,1,437.17692050969384
7501,0.0233862191635504,1,435.87874409372296
7502,0.015825435710130804,1,436.23352050558105
7503,0.018842009477761008,1,436.6755983350041
7504,0.01076018012709934,1,436.9212239855182
7505,0.015205640457357292,1,436.6534811783933
7506,0.012960491309489014,1,437.3108520416286
7507,0.02160979950121517,1,437.51073498771115
7508,0.019144516351242813,1,437.47734842530355
7509,0.020435296170887445,1,437.9485713027166
7510,0.018055266629456234,1,438.07282634619486
7511,0.030321851236534803,1,435.37100428168327
7512,0.016484123282083558,1,437.0279080515443
7513,0.01630869760176188,1,437.65852808138703
7514,0.010684071255403797,1,437.4775060026853
7515,0.015351747504603715,1,437.47733041330173
7516,0.017722210180402796,1,437.3058748753383
7517,0.018731390342691993,1,436.97012597372867
7518,0.013981898896180556,1,436.6010036748574
7519,0.019176098858071474,1,438.0154649371063
7520,0.013108039470678049,1,437.168430968833
7521,0.020342331730166523,1,436.0615230004819
7522,0.02385251035584245,1,433.75096182045564
7523,0.025065421004430242,1,436.08590902168675
7524,0.021359396469417646,1,437.05716183993485
7525,0.028700433819425775,1,433.1767290249281
7526,0.03171526729282051,1,437.07067757254686
7527,0.03963222998910548,1,431.72662353963614
7528,0.03796406796798094,1,433.4785779989035
7529,0.03279360467911435,1,436.4543478379452
7530,0.03569731946931937,1,429.7821297153948
7531,0.035092364291115695,1,426.2341423636595
7532,0.04336584678217486,1,431.52752459045
7533,0.05481507390946181,1,426.07384242822826
7534,0.08109146843418355,1,384.9743238534782
7535,0.048503224995102255,1,424.66250089816697
7536,0.05651480573988753,1,429.87573190788794
7537,0.04522583479346769,1,436.0831834556163
7538,0.05510183242028343,1,431.9887613488765
7539,0.07280793898094816,1,372.3314820322856
7540,0.05665975095213555,1,420.80746261263755
7541,0.04667501287965659,1,432.760605106827
7542,0.04884272781008503,1,434.5541233469746
7543,0.03452718642834466,1,437.10117527499267
7544,0.04114707902330077,1,429.1279685959783
7545,0.052805506719480214,1,429.37458032502786
7546,0.03316082573860323,1,434.5837358399132
7547,0.024441807950623704,1,436.43070090182096
7548,0.028592544488357456,1,432.29357307254185
7549,0.041442674133022286,1,428.7214587295096
7550,0.04549009683371965,1,431.57820451763234
7551,0.05641741982793906,1,422.5991747537898
7552,0.05439830697472925,1,417.84291640951346
7553,0.045659938549555405,1,434.95358735199244
7554,0.03987011651597643,1,432.96675428675564
7555,0.046940374494462374,1,433.561199846121
7556,0.03095052803475475,1,433.7106732323794
7557,0.023961705820246766,1,438.1353820208212
7558,0.01491079703120605,1,437.72737204794413
7559,0.019754707523247147,1,436.80806223111523
7560,0.0191943145880446,1,437.55170145519816
7561,0.029071486254520024,1,434.00191271627443
7562,0.03757322204370669,1,431.97168365743545
7563,0.03391777568228174,1,429.2679844305691
7564,0.03153692122820505,1,429.0077555094467
7565,0.032426869331466,1,434.114981175723
7566,0.04548152494579894,1,431.4045043851081
7567,0.04551085988760314,1,426.2865759765792
7568,0.04808877857963032,1,431.322206082792
7569,0.05632551331194714,1,429.6829650724515
7570,0.08971828316103159,1,345.5187757366848
7571,0.05408629011114096,1,419.05339677987837
7572,0.09451926773019016,1,346.7402301385514
7573,0.08673060020169618,1,407.6955962112076
7574,0.13108932261399117,1,133.68218011478774
7575,0.0890895197811183,1,389.65740938028557
7576,0.10511120251640182,1,358.304107535918
7577,0.09163619739619193,1,305.8556872218204
7578,0.05224186094106779,1,429.1849146684051
7579,0.0508911113321477,1,421.309253054475
7580,0.05742018368659034,1,427.0488675115893
7581,0.06243329634975591,1,432.17863198498475
7582,0.07871053312507319,1,419.7634708541159
7583,0.06485476045577447,1,427.1275350081688
7584,0.04106996443954216,1,434.18638218278113
7585,0.02970154922992659,1,435.77160820816846
7586,0.03661302829643077,1,423.1658483037605
7587,0.06641629189486915,1,401.07697424492443
7588,0.09173545798789716,1,333.3806568645392
7589,0.09230284316475798,1,284.55348553299405
7590,0.06729433505376552,1,339.7550301259091
7591,0.06328471322564411,1,335.1677049809239
7592,0.06616252922060187,1,328.7157903681629
7593,0.06419903696021753,1,301.56979395167735
7594,0.0790540745255605,1,274.47123052256177
7595,0.08168506018120349,1,374.76817791759584
7596,0.06020089908973298,1,415.7695465167425
7597,0.041740767898387605,1,430.8158750531183
7598,0.04337138629730204,1,426.8602344175414
7599,0.04497241314247859,1,423.15397088181555
7600,0.04928718502454839,1,428.09571167507346
7601,0.03886063398865465,1,432.5810759955763
7602,0.028044727809384187,1,428.79271752786923
7603,0.043959768108599806,1,428.9008684525888
7604,0.042424261583295216,1,431.0165999653335
7605,0.04477690833472707,1,434.1090579741147
7606,0.040969958662362575,1,430.42533161381937
7607,0.044407741124721664,1,435.42303376294166
7608,0.04135989001437742,1,427.22007335497597
7609,0.030378605222125408,1,435.1695403909888
7610,0.030386376259197653,1,437.2833115867042
7611,0.024860489074564722,1,435.65350653019624
7612,0.007396905799211811,1,437.1462630107796
7613,0.007671209177376595,1,437.3587653036259
7614,0.008913124931193773,1,437.49048337569394
7615,0.007786665119038443,1,437.4550599229367
7616,0.027708061684402093,1,437.3373579643419
7617,0.03253222636595014,1,437.4313551585977
7618,0.023998029654088416,1,438.02946119851435
7619,0.0251329522970393,1,437.77206144656304
7620,0.037324063899204896,1,432.1841229180003
7621,0.04199678550475896,1,434.574129179547
7622,0.06378008989734145,1,412.5706900377853
7623,0.058179655816682954,1,407.74564489521845
7624,0.06537785667276146,1,413.5046850867824
7625,0.07029260740455835,1,395.96823740437287
7626,0.06362183527495956,1,399.0092557230576
7627,0.05211581603503055,1,414.905240051647
7628,0.06915124594040158,1,411.1002478190462
7629,0.039171409376896504,1,430.3133385138504
7630,0.05907299244090834,1,424.49262123275065
7631,0.06074020331051468,1,414.4920919999646
7632,0.07594052787939005,1,400.51984844707226
7633,0.08647853319452248,1,383.71670650510214
7634,0.06945237082377913,1,387.5194184850874
7635,0.060351776444338714,1,391.7368503533909
7636,0.05917854767274306,1,393.31557927224225
7637,0.053624989294982627,1,399.50394257883573
7638,0.053916389523402254,1,397.4870878633718
7639,0.01987523485376286,1,437.38579746505536
7640,0.023081091955503556,1,435.85253208276947
7641,0.03506464026131786,1,434.47812278112633
7642,0.04207642310662159,1,435.1322713885003
7643,0.040057846950015116,1,431.31346272725614
7644,0.02856767054755956,1,427.0069830038884
7645,0.029957575902878352,1,431.4781650678703
7646,0.03670946225860699,1,432.9125635665569
7647,0.03128065941191803,1,429.19116327821075
7648,0.03872327927528757,1,426.479709498695
7649,0.032096437631377345,1,419.26903103974496
7650,0.03172503738018235,1,434.4215846401187
7651,0.03550513869826455,1,434.14841486205194
7652,0.03660637982510956,1,435.91905940322357
7653,0.048279046148300246,1,430.50222896528055
7654,0.07196709939907094,1,327.97408713443787
7655,0.07138208391346675,1,343.8979649682864
7656,0.05251566961653502,1,419.905730728656
7657,0.036672861532409076,1,432.63498455201113
7658,0.052559387969830444,1,423.62489051686293
7659,0.04264036562616196,1,426.8136317403016
7660,0.04128862456748223,1,431.2833910323471
7661,0.04363560799329774,1,434.0148869933682
7662,0.024439266004711597,1,432.45965024378654
7663,0.030771641440676203,1,430.45469229966824
7664,0.02140902761022548,1,434.90382372744625
7665,0.022488654530973057,1,433.8740315455343
7666,0.017449428220727307,1,437.36958209073913
7667,0.01579103815260601,1,436.8120060246724
7668,0.029529806397226105,1,434.3049546046966
7669,0.0374473085521664,1,431.00564850684407
7670,0.03663660992677863,1,436.79875971246554
7671,0.02731723213214634,1,434.2586579702814
7672,0.035119599223434224,1,433.7800308642134
7673,0.04651526186126972,1,436.1430007429317
7674,0.043842363132815386,1,425.98702518149184
7675,0.041382879295625015,1,431.3670625829674
7676,0.0680016486292206,1,426.4539766966443
7677,0.055661262632659955,1,429.4368389917913
7678,0.04530741455537623,1,425.8348704929196
7679,0.03594446654409998,1,435.1208517431343
7680,0.030026862998509856,1,435.96565505460154
7681,0.030545245384844412,1,434.3664570192705
7682,0.02040719356350415,1,436.4904438047842
7683,0.014422050088845586,1,437.1649214434961
7684,0.026245370412885955,1,431.0616673215427
7685,0.022633566683899597,1,430.5914288932713
7686,0.023891327121888514,1,430.8774279766431
7687,0.013506081643017021,1,437.3783449215934
7688,0.017663132674622613,1,435.3376049858931
7689,0.0194054857769509,1,436.5601835721456
7690,0.02182817072564041,1,436.0989824976674
7691,0.016432293007293573,1,438.1504687256163
7692,0.017022507848763375,1,437.7340385010651
7693,0.014696698051610512,1,437.8543224893008
7694,0.021572269090712765,1,438.2740445727166
7695,0.019129583605911098,1,436.1413824313596
7696,0.016193793533988678,1,437.54648892738675
7697,0.013089765385454737,1,437.85667681522216
7698,0.018686828512007904,1,438.26012068699197
7699,0.025059429400722578,1,437.7062443871886
7700,0.01463944266916482,1,438.0017806956607
7701,0.01805431765737434,1,436.0539992317039
7702,0.018549957182710852,1,436.18229114949133
7703,0.01258574961968756,1,436.8530033944056
7704,0.014279530721548046,1,436.3675626282643
7705,0.015868785837348662,1,436.7353512268776
7706,0.017088218015805626,1,436.09309000919706
7707,0.0218422323990116,1,435.39862905571414
7708,0.016004294301354006,1,435.51078606412926
7709,0.01680213907407604,1,434.04566295895455
7710,0.012329933157460496,1,436.8736736271691
7711,0.013082729068458126,1,437.1428784408949
7712,0.01647486317015395,1,437.9471722261545
7713,0.015011422355211579,1,437.73022008419383
7714,0.016521644539048256,1,437.16192154143226
7715,0.01679054449564138,1,437.0367677907788
7716,0.027606105274866493,1,434.5929945068456
7717,0.028448167098763872,1,433.2448282458902
7718,0.022171325192283226,1,435.52871608776326
7719,0.034791046867019414,1,428.61844917605447
7720,0.01923529560461455,1,437.08277137422664
7721,0.016223908211406162,1,437.15039708592406
7722,0.011953562008920301,1,436.53787768279057
7723,0.020232346410687215,1,436.76737203248797
7724,0.022688041763495186,1,436.7858645778541
7725,0.020248161425524738,1,436.8556490036488
7726,0.02164872952289009,1,437.91171696355315
7727,0.03880781262389387,1,432.0082979216569
7728,0.029492542138650445,1,436.1548201757658
7729,0.02505524892427007,1,436.73488816094334
7730,0.021846532160301697,1,437.6011318278398
7731,0.02150497363089987,1,437.6857239955504
7732,0.0201705209269093,1,437.7305043586843
7733,0.01956934294233535,1,437.5192356195512
7734,0.016005163945654686,1,437.6540235905545
7735,0.014658524665569267,1,437.6437284490874
7736,0.01564035393192235,1,437.12726346828595
7737,0.013322042152081113,1,437.2698738270797
7738,0.017059389638926274,1,435.9207779751898
7739,0.016407933459039965,1,435.89802968405047
7740,0.015274591202537777,1,436.55664954290734
7741,0.02361061773609683,1,431.91765319446125
7742,0.025144967671132168,1,431.99313869584097
7743,0.027886528886031412,1,434.66409559314803
7744,0.034778019060559925,1,432.56437963889397
7745,0.03905921962700915,1,427.19287810140287
7746,0.0382133101110816,1,432.3445305406888
7747,0.03641176043019238,1,435.4911167879395
7748,0.03715486130857265,1,432.187579365862
7749,0.024782441969445117,1,432.9866455372661
7750,0.02781933534241477,1,431.6289615587662
7751,0.04003599238254857,1,423.96787597645005
7752,0.08028143699971262,1,399.9101168638553
7753,0.03111101247269928,1,435.7771120558264
7754,0.10651862941945686,1,359.5719943175964
7755,0.04824939230529892,1,429.8415485952329
7756,0.03357804633454627,1,433.21921837547296
7757,0.011984117016741343,1,437.6273221419212
7758,0.012682636616918496,1,437.8136510110844
7759,0.009631765281748321,1,437.5440515132261
7760,0.010985714379120196,1,437.71367414127184
7761,0.011239160254025136,1,437.4124532985464
7762,0.010080645235086222,1,437.65984542641445
7763,0.008202575820782583,1,437.57413671320523
7764,0.008772411588128751,1,437.6146329792278
7765,0.006670886117024871,1,437.2559127223918
7766,0.006381813441453245,1,437.2675292338546
7767,0.007513029691557067,1,437.28432613972785
7768,0.0068705227941492425,1,437.2750307130657
7769,0.009541175287322208,1,437.60791292219307
7770,0.007387711796623897,1,437.125236130287
7771,0.00573938444791241,1,437.1523705760981
7772,0.006614068316860592,1,437.2895642752078
7773,0.013811498153944784,1,437.6833217928794
7774,0.0145536428305903,1,437.11782682718217
7775,0.015139819890897726,1,437.7324028042842
7776,0.019686276907585388,1,437.4209243440772
7777,0.02270430672838391,1,435.4124286651395
7778,0.010875995736785323,1,437.3126946102569
7779,0.023052630793845234,1,436.3745983462884
7780,0.016239143845067677,1,436.84254642707606
7781,0.011063389043785168,1,437.6129415711443
7782,0.0121715307131771,1,437.761768873908
7783,0.016383175062365047,1,438.16015435984104
7784,0.012752400962258048,1,437.9747152224964
7785,0.013241529856270058,1,437.88257538297586
7786,0.014250503254748328,1,437.91196169039085
7787,0.022344001027126296,1,435.65598595886985
7788,0.03067574171410933,1,433.13157788800845
7789,0.02679679163648333,1,434.5649707209819
7790,0.02710106812896843,1,435.29059350284734
7791,0.024577583453742995,1,434.36515113818444
7792,0.03739768777989638,1,414.97261807711976
7793,0.04367931093689485,1,414.95930723743743
7794,0.04422655594265753,1,424.79389457225176
7795,0.02967080941947278,1,433.9531263015888
7796,0.04104306983087434,1,434.3804247452989
7797,0.02429905487691456,1,436.33442860882076
7798,0.02970468763654089,1,437.37733488253775
7799,0.02948586306335418,1,437.0995158865608
7800,0.022468174582138862,1,437.5079063441729
7801,0.018427262378382426,1,438.06229598897437
7802,0.025187363002931586,1,436.8633655854381
7803,0.02169424745052934,1,436.13471118309724
7804,0.017788806362713884,1,436.3412364585642
7805,0.023834786005492638,1,435.5766605715011
7806,0.024191712617547764,1,435.8750198355849
7807,0.0268627544144995,1,436.403016438451
7808,0.019398717915000186,1,437.4170304001094
7809,0.040005898971095785,1,432.03059780754836
7810,0.024412774791391565,1,433.9502771667795
7811,0.021410857786096926,1,435.80266602163624
7812,0.022059796623484795,1,436.6149764813635
7813,0.024231820937487707,1,434.40555273849367
7814,0.02895808418459688,1,435.44014640137283
7815,0.030093140505939992,1,436.52677601086594
7816,0.03335445820766307,1,430.0738866528025
7817,0.05334447935074005,1,421.7110517050195
7818,0.09438757696760457,1,379.5222909523201
7819,0.05519065349719954,1,414.1455646812185
7820,0.05200706355669652,1,422.3095196096673
7821,0.04987360999754503,1,425.06817447582813
7822,0.03622638193488188,1,394.2366984075328
7823,0.033404804483076964,1,421.2592073450999
7824,0.02742504203565024,1,424.0412135107263
7825,0.01665333349463136,1,435.17698218358174
7826,0.01205486175644462,1,435.3829401273185
7827,0.01893797733455019,1,436.62480155979927
7828,0.022885569795868105,1,432.23260229139873
7829,0.02479216926110591,1,429.6698201206275
7830,0.016737919900265814,1,435.94313380526023
7831,0.02186073681967819,1,435.02698636235135
7832,0.02452084898471313,1,431.89980212472994
7833,0.018878991719374617,1,431.5642075350158
7834,0.029711131519865423,1,435.3525232881451
7835,0.01564552001976786,1,437.5596003894257
7836,0.012587887638912363,1,437.5028173974683
7837,0.00953189493813933,1,437.4668646902751
7838,0.012538729237094717,1,437.6512666284891
7839,0.0070144718063063095,1,437.2719448729954
7840,0.009585076305238024,1,437.3508320492733
7841,0.010435640418228545,1,437.3816467305585
7842,0.009001929953375041,1,437.58535032517403
7843,0.016493763121821412,1,437.3966116472351
7844,0.018670496596568775,1,437.1322296023709
7845,0.016651444738320052,1,437.6795373990927
7846,0.014533158430409384,1,437.2839034981028
7847,0.021044134949278464,1,436.13248567182137
7848,0.02734021861177519,1,432.5678818944364
7849,0.050683513639743695,1,411.51434409610135
7850,0.012181803434911261,1,437.516596812729
7851,0.017234208273301504,1,437.4981294971112
7852,0.011458613079830107,1,437.6849380623823
7853,0.024321508148782596,1,436.3037976012616
7854,0.026874569921772055,1,434.34112574825866
7855,0.030925256441050503,1,433.1722558306473
7856,0.02637956909796672,1,434.33929666784655
7857,0.036737361412537264,1,429.4448638006147
7858,0.014518129616897203,1,437.5547902601521
7859,0.02358215091414789,1,434.7988023775216
7860,0.008803721899874243,1,437.5444355408859
7861,0.008037666073836715,1,437.3304288670718
7862,0.005905952338690928,1,437.1381959261126
7863,0.006262542116510103,1,437.19967008053374
7864,0.005460529098803726,1,437.17415311794326
7865,0.00577656804493906,1,437.1672022236122
7866,0.0082751411370604,1,437.3044430798928
7867,0.005859699601278888,1,437.1564949620795
7868,0.007366811096940963,1,436.8451701891855
7869,0.005977271735618832,1,437.05403215576996
7870,0.009165733584313482,1,437.2250568069865
7871,0.0104716911835788,1,437.31169163498413
7872,0.013351709880493145,1,437.27884182596335
7873,0.015085742506515629,1,435.86687294422353
7874,0.01904096470816106,1,434.20207060300817
7875,0.019609994211736648,1,435.5409318273784
7876,0.025234698907875188,1,435.1470551911603
7877,0.02513902943418244,1,435.74730921060336
7878,0.031697213408796034,1,434.7865697135104
7879,0.0412803786317664,1,431.4378732460631
7880,0.07494120202524543,1,379.8839587305083
7881,0.018511050324007707,1,435.57071185185094
7882,0.014499435146058686,1,437.5025221748077
7883,0.008201328166738263,1,437.55647376387276
7884,0.00856306239011815,1,437.461879590477
7885,0.009368305645143364,1,437.39240376853587
7886,0.008044195947589186,1,437.2434561459655
7887,0.011173615251824162,1,437.230101508059
7888,0.012434394470746773,1,437.2750813834462
7889,0.016369818213517327,1,437.0033990605578
7890,0.020360749474460378,1,436.6928801785409
7891,0.022949086642827306,1,433.3857247489531
7892,0.02067383096634734,1,433.88151254203746
7893,0.023263668827297967,1,436.1827788097457
7894,0.025685291050926706,1,435.51929339222255
7895,0.04675582527612245,1,422.0331101897558
7896,0.02485098885368248,1,436.9973213345222
7897,0.032581382842149884,1,436.0391257657067
7898,0.05135631086981711,1,422.75359214798135
7899,0.049357656268522065,1,420.4975828957273
7900,0.06788479010509037,1,405.9799806186466
7901,0.019966648700498944,1,437.9785123880135
7902,0.023192110342668156,1,434.05812964315567
7903,0.039165372765046835,1,410.1103302558948
7904,0.024437803248593844,1,436.8345828944055
7905,0.012333491834143616,1,437.2288135848205
7906,0.01603746240635046,1,437.4075754085326
7907,0.020759873114390207,1,436.5318195235104
7908,0.02381038558747362,1,438.20565744425295
7909,0.04216746285608585,1,428.3570989991511
7910,0.04846813708194904,1,397.5881539165608
7911,0.04515058637673528,1,410.13934631778125
7912,0.04657128819878154,1,404.37317290150065
7913,0.04439324438360258,1,414.59439121900283
7914,0.046308893088646906,1,421.3300199532653
7915,0.047653699998817016,1,427.7165422964325
7916,0.03352978216841251,1,431.537144815335
7917,0.01684821472875332,1,435.99941111165384
7918,0.012678177089595719,1,437.1696012350941
7919,0.01562289722587831,1,438.03816819591225
7920,0.03303734853410079,1,434.3553689900962
7921,0.025182250386786294,1,434.9137855676669
7922,0.024398902126107704,1,436.91498507283467
7923,0.0276996237155171,1,437.9119825370956
7924,0.027705322154668498,1,435.3449179891576
7925,0.03718066197064925,1,420.0128053667337
7926,0.11523588906694858,1,319.1827538958465
7927,0.0944151067831818,1,382.477989576505
7928,0.10378097167770993,1,389.5980529377547
7929,0.09035788342590854,1,399.3273539307919
7930,0.09565373287309771,1,396.557459387744
7931,0.10066119335018883,1,397.1833272105308
7932,0.08767668006729219,1,391.2767660358566
7933,0.10357752126486121,1,347.3395352697846
7934,0.09295879733219548,1,397.1495346844217
7935,0.06622228635156034,1,421.86549859972286
7936,0.060452232816583795,1,415.8540568251061
7937,0.0489915902384238,1,411.50475552586636
7938,0.053989199488192106,1,412.13427980469544
7939,0.02696277206231072,1,433.5694158580418
7940,0.03752012664582905,1,436.51210883300763
7941,0.03839021555193362,1,432.999960103138
7942,0.043777824920763285,1,432.43581393617666
7943,0.050940115191253764,1,432.322332131655
7944,0.04940748508703544,1,435.3419664819696
7945,0.046621307804788036,1,431.0413949876345
7946,0.04336895868976426,1,435.2730335858127
7947,0.040323657434900954,1,433.31667323755494
7948,0.031120773081941663,1,436.0909201313265
7949,0.026539279467481167,1,437.19129922235356
7950,0.030491889520948997,1,437.5394324217262
7951,0.01720661982603079,1,437.83389412991835
7952,0.021347393933341518,1,436.58520991283916
7953,0.026820559164306125,1,438.4069530873102
7954,0.02117371216304447,1,437.5223505510919
7955,0.02024301525146373,1,437.6301804463324
7956,0.01829756791025903,1,437.1966162359262
7957,0.018089466519807085,1,437.09525258758526
7958,0.02527936319825425,1,435.8055280459844
7959,0.02609897010847727,1,435.95485972815766
7960,0.022541683895115856,1,433.9473077910636
7961,0.03201001887846951,1,430.03265867549
7962,0.026702285810907302,1,430.71554210711673
7963,0.03230181628755084,1,431.8648393011933
7964,0.031653337221945424,1,430.17943364798253
7965,0.0307484085707167,1,430.79243912135036
7966,0.033192584450464684,1,426.62288863602987
7967,0.03753767451938999,1,416.2549195806347
7968,0.05632781172562181,1,410.4098706064063
7969,0.06296899720004316,1,369.88833616994623
7970,0.07276612991050337,1,368.71270446335643
7971,0.06112881384935086,1,390.95351461068554
7972,0.06594821821593135,1,387.8597833280425
7973,0.0796954811153894,1,372.47029303723554
7974,0.08243782390171997,1,374.5479111481893
7975,0.08881881180908,1,349.1755835804886
7976,0.08141445420623653,1,384.71965231906745
7977,0.06525629455112131,1,369.5372919813876
7978,0.05910218574580406,1,327.4470065077052
7979,0.04704570779934146,1,381.78591419662223
7980,0.04606273234768824,1,423.14253023075764
7981,0.03832030791818231,1,435.5856982237308
7982,0.044052844063355044,1,433.53264157945034
7983,0.04316232872197577,1,430.47891522103146
7984,0.041534980044242796,1,431.74187222550336
7985,0.04560296651616676,1,430.63583543751645
7986,0.09055684506018999,1,291.3481962972921
7987,0.10949881795851435,1,179.76757285864767
7988,0.08295239160978997,1,399.4251918469128
7989,0.06936900162701537,1,399.01231225965626
7990,0.08878953895775779,1,347.9925034932838
7991,0.07953468638628407,1,276.0398984245024
7992,0.059637457407678944,1,390.31872301200303
7993,0.05089924063065371,1,422.81107039914593
7994,0.04983029009784324,1,422.5510561350312
7995,0.032654302109819254,1,425.5603754592124
7996,0.03517786214113879,1,426.7403844519759
7997,0.038327637079345486,1,429.4527439658636
7998,0.06129643513932085,1,401.319904830107
7999,0.057448126423157934,1,386.7888794124975
8000,0.04656352419920915,1,398.7804712095628
8001,0.04207541240963112,1,421.6488179543892
8002,0.041089181204832216,1,433.6612713618274
8003,0.03976824335148456,1,430.5460004149182
8004,0.04003106918935201,1,436.5482339238558
8005,0.027022089064220538,1,437.80625803301314
8006,0.023489421751718954,1,436.53583344381434
8007,0.02635886030871627,1,436.59782326800405
8008,0.026366511725353352,1,435.36328456660317
8009,0.04649034193303914,1,431.1535305650992
8010,0.05042915899659277,1,412.8567367608578
8011,0.06021475891653799,1,416.69908895201024
8012,0.0479206204085868,1,426.46097442415066
8013,0.06528847387155572,1,398.4291352526021
8014,0.07273673411357544,1,415.51250152830056
8015,0.037122677025115285,1,421.62524998098934
8016,0.04848813707809895,1,426.22088403965955
8017,0.038890386248771565,1,434.63897470525393
8018,0.04520686874969006,1,430.6903369892237
8019,0.04212209492112978,1,434.4628645651836
8020,0.04954420539525882,1,432.41666508856923
8021,0.024410048176750025,1,437.8837587710208
8022,0.037980162453887134,1,429.5903244915185
8023,0.023401878424030586,1,435.90646088691534
8024,0.028229388808656383,1,435.2941762585697
8025,0.013323233877499596,1,437.6638511435193
8026,0.015733039292892242,1,437.89209701319777
8027,0.012296811293600217,1,436.9869510923908
8028,0.013056909071812482,1,437.2575318450063
8029,0.015198516434197186,1,437.3301983612882
8030,0.01816996004814686,1,437.54471673971335
8031,0.01637038402614353,1,437.525903781431
8032,0.01948678943168763,1,437.1678974955521
8033,0.02154426875589986,1,436.82282830640753
8034,0.017071330041549256,1,436.8034999176633
8035,0.016927906668336122,1,437.59830381612386
8036,0.014467734144020939,1,437.3878377841389
8037,0.02114016858687982,1,434.35009635645196
8038,0.025457891838902673,1,426.86184061181086
8039,0.026268080699324847,1,427.22955788658464
8040,0.015879644299682086,1,437.44765283335767
8041,0.017497834939977027,1,436.5920568961688
8042,0.01816959838651142,1,434.1568255968174
8043,0.00828909719322146,1,437.47315830534757
8044,0.01438007759964645,1,438.07350493990884
8045,0.007421504950041664,1,437.33991567596007
8046,0.005439498790663188,1,437.0430413544608
8047,0.008108020465208069,1,437.32408516788496
8048,0.007801113169189606,1,436.9174756478691
8049,0.00730451152305296,1,436.97847145051986
8050,0.009697612802119965,1,437.00201969931396
8051,0.010208951718215347,1,437.1413349124552
8052,0.010641927516349708,1,437.5158631916638
8053,0.01029752152990732,1,437.35498697871094
8054,0.01068772620005239,1,437.0518983547732
8055,0.005127063932669272,1,437.0615439231091
8056,0.008453314923564584,1,437.4417964722504
8057,0.005630939092789478,1,437.0807031888403
8058,0.005408513516527963,1,437.16200852945474
8059,0.008439028098112478,1,437.3712183559159
8060,0.007610909117172326,1,437.14439013866127
8061,0.01008777077957721,1,437.5025894658689
8062,0.008998620559696685,1,437.42353443258366
8063,0.009225507277994075,1,437.38303922770245
8064,0.0073563220228951886,1,437.2080205062659
8065,0.007140980159253222,1,437.30621112146895
8066,0.007855767334893455,1,437.38055262680945
8067,0.008420117497906438,1,437.348984152607
8068,0.007493289338625937,1,437.2611597069908
8069,0.007535855185395158,1,437.3425596245045
8070,0.014476432014645066,1,437.39521056619606
8071,0.015345682630805522,1,437.0593084479188
8072,0.008975773199722013,1,437.34307493711617
8073,0.014181301448753616,1,437.4154974198072
8074,0.009870329159195251,1,437.10518149896717
8075,0.00783483168000257,1,437.42026352197365
8076,0.014557136000952597,1,437.49420419892465
8077,0.012802513231481513,1,437.54649355793606
8078,0.01145602342718424,1,437.2988149598717
8079,0.00990633858867138,1,437.47218337569154
8080,0.008914978322057435,1,437.32529755514906
8081,0.007372198896614239,1,437.2088779866877
8082,0.008741243714618563,1,437.47848520221265
8083,0.007766516173469145,1,437.3175913941652
8084,0.009983339076344137,1,437.1657874985625
8085,0.008627177013299533,1,437.36758531038106
8086,0.006521683145546774,1,437.22482563794216
8087,0.008597284585200397,1,437.5113885284202
8088,0.014489812274043598,1,438.0052972905785
8089,0.012601750356782132,1,437.83274935970434
8090,0.01371636031700218,1,437.30798134995325
8091,0.03165233161524374,1,423.8766545662552
8092,0.040032338643587184,1,414.3169773430912
8093,0.04889941520730223,1,412.66686646967526
8094,0.05631453899956202,1,390.5404876679659
8095,0.04324964014424696,1,417.95063963757667
8096,0.05000710678589805,1,421.03865187633806
8097,0.059198344978894195,1,416.29226097353734
8098,0.05351413806813831,1,422.39181986733536
8099,0.05666163385094114,1,411.60549136563225
8100,0.056317997461578916,1,403.39085725267205
8101,0.04238815865503206,1,427.0368045224425
8102,0.030268437570930975,1,434.0815153349928
8103,0.039697140776701355,1,423.181219667621
8104,0.0385631627434609,1,428.02129843377026
8105,0.017934921793707235,1,437.2483672900635
8106,0.0134504500972958,1,437.02784902137387
8107,0.008724699439834227,1,437.48931774667994
8108,0.007163940996083211,1,437.3457713808289
8109,0.004840280876134496,1,437.04309062988256
8110,0.0043422821311311635,1,437.0648079343476
8111,0.006969721041413099,1,437.29484189438506
8112,0.007946281675833798,1,437.3968045139758
8113,0.008670798454672897,1,437.3476547481029
8114,0.006942082656105707,1,437.1207091112045
8115,0.007480974017081127,1,437.3937058075367
8116,0.007240459538980506,1,437.3743945476163
8117,0.008867857203301095,1,437.51498042650917
8118,0.006153114995325429,1,437.0867809446084
8119,0.007427010555198964,1,437.37820050665476
8120,0.00798985953164226,1,437.18903225356877
8121,0.010205631911074254,1,437.5753474684397
8122,0.007767389898108987,1,437.364974733661
8123,0.014609659110046525,1,437.7759068871468
8124,0.02211414224498506,1,436.601237098094
8125,0.02409794967598103,1,435.95377910246475
8126,0.0324067130832143,1,420.1428003705587
8127,0.02883461100996284,1,426.8687238233308
8128,0.02072196532712622,1,433.97381442426996
8129,0.03391814740242728,1,434.6517892755662
8130,0.021331271753021488,1,436.73822736596446
8131,0.01522673918969614,1,435.808894807091
8132,0.013857214836169517,1,437.49317734832675
8133,0.010141239628508969,1,437.3861012589739
8134,0.009141078376034053,1,437.5506073211431
8135,0.00553713218046155,1,437.19788367657094
8136,0.006518718320780092,1,437.31668672697606
8137,0.007000422437350857,1,437.3132447769465
8138,0.007730326157417572,1,437.4172031653621
8139,0.005877317358116933,1,437.0281267387284
8140,0.0071494470740611,1,437.2793119338846
8141,0.005347400573399433,1,437.1381637617293
8142,0.005837435714607596,1,437.18312831458434
8143,0.007339241250977436,1,437.17797773429845
8144,0.008855549144781047,1,437.48411116882613
8145,0.0080071274163172,1,437.21751176651185
8146,0.010552868024754343,1,437.1506767225512
8147,0.006708544841681098,1,437.0763857450284
8148,0.006691595749297108,1,436.8843816388654
8149,0.008196258932973353,1,437.449326686723
8150,0.012555833345683831,1,437.543403190439
8151,0.00889688488070667,1,437.4796541960712
8152,0.006272823383217803,1,437.28287668792933
8153,0.006459488448017194,1,437.23959171202983
8154,0.008140721215778012,1,437.2019172471739
8155,0.00638935699087783,1,437.2276811754042
8156,0.00945015045248705,1,437.5786278877165
8157,0.010623575053508168,1,437.59122841609815
8158,0.011835018035060634,1,437.7336026902702
8159,0.009412022688501148,1,437.52147064582806
8160,0.009185344544724125,1,437.3888867833731
8161,0.005767608567896649,1,437.1601414689274
8162,0.005210729466686177,1,437.0480123934517
8163,0.005192324594466841,1,437.0634549382903
8164,0.007582554770082599,1,437.42811054326205
8165,0.006504701277730164,1,437.2221546618838
8166,0.005885742602486681,1,437.07959872094784
8167,0.0052643256297242565,1,436.92442818798713
8168,0.006339689495390683,1,437.2404610289084
8169,0.0063744617811462515,1,437.26420401105935
8170,0.00877597340069773,1,437.43636965410167
8171,0.008235356244456708,1,437.3637916995906
8172,0.010035098812795297,1,437.2602371110433
8173,0.009932237953197922,1,437.1557743176654
8174,0.010981945984966905,1,437.3528878117707
8175,0.009659118290659666,1,437.4905051376172
8176,0.00943670259912484,1,437.3981910115489
8177,0.007811359934910779,1,437.25643121214483
8178,0.01375685778667755,1,437.805785500208
8179,0.00854241233116718,1,437.6088781764039
8180,0.007905831203130806,1,437.41311702616827
8181,0.004566902702408775,1,436.94510586238033
8182,0.005645427980577114,1,437.2258322672102
8183,0.007382257130660344,1,437.2568549297982
8184,0.007581666648786767,1,437.3390009112385
8185,0.005975711603731032,1,437.2273540340199
8186,0.007956239472271582,1,437.4994079402848
8187,0.004776745496691775,1,437.01238529195956
8188,0.006250609075117812,1,437.286675976929
8189,0.0047575293321685625,1,437.09231455397213
8190,0.006861119103560952,1,437.31564206622363
8191,0.006314962603077117,1,437.18845450147387
8192,0.006164673645235821,1,437.24266881851327
8193,0.00516452690087029,1,437.05266206007775
8194,0.004669759605264136,1,436.9752226391077
8195,0.005789444264599165,1,437.0876263075234
8196,0.004676851721268132,1,436.87176464538857
8197,0.00806800339577163,1,437.4435545454637
8198,0.009917807710121424,1,437.43474679548194
8199,0.008700944795951395,1,437.4243415498707
8200,0.009413871275406317,1,437.44845825895055
8201,0.009633047610669862,1,437.38691634159073
8202,0.00962695209223342,1,437.3136506872813
8203,0.009432787281991619,1,437.6560070023498
8204,0.010680018145494834,1,437.6162158459796
8205,0.013019722964861855,1,437.6382113007079
8206,0.013761037987909583,1,437.67407547796535
8207,0.015251492268865482,1,437.3389950713261
8208,0.009274670073770244,1,437.52865181630904
8209,0.013678028178679951,1,437.595905876423
8210,0.009451581656301259,1,437.59542070907713
8211,0.008776668194782683,1,437.6103508663552
8212,0.006771999767282451,1,437.21354015043
8213,0.0054271440565378855,1,437.00587537903607
8214,0.004674992701443413,1,436.84381118128914
8215,0.005727193672493762,1,437.16115389365655
8216,0.00478404496460829,1,436.94785768590845
8217,0.01260781819322875,1,437.1129309535482
8218,0.009101440949237137,1,437.19254099750117
8219,0.008766265829540583,1,437.0573548520381
8220,0.007671311125685973,1,437.2621964687617
8221,0.00994206759542958,1,437.34956613339244
8222,0.005882971259077426,1,437.2399779917838
8223,0.006639065189000475,1,437.2235319247309
8224,0.006040481318147875,1,437.1153447769186
8225,0.011834822422944747,1,436.76078642543325
8226,0.006485358411530903,1,437.17214320575846
8227,0.005688372218405943,1,437.1330765086473
8228,0.008300654974039172,1,437.1947136782826
8229,0.007428186646842671,1,437.15970024769007
8230,0.004638051928349965,1,437.00585476686604
8231,0.005960197523701123,1,437.13516294848114
8232,0.006697740935379795,1,437.1788054204814
8233,0.006145964949397717,1,437.29089699620835
8234,0.0060185793332886844,1,437.0385207917823
8235,0.007587580914189636,1,437.356913249918
8236,0.006517763026036068,1,437.30356928557825
8237,0.005456729175815739,1,437.20585865127896
8238,0.005458772399068346,1,437.1620773290701
8239,0.0057212688046330284,1,437.24812535403544
8240,0.005504729425426984,1,437.20052534515173
8241,0.006157933481963842,1,437.22359972444264
8242,0.004478446133055395,1,436.9476000450201
8243,0.00456285665009172,1,437.0327392421743
8244,0.004709285397197235,1,437.09410929779386
8245,0.004951787035710934,1,437.1115984686528
8246,0.003906962022129219,1,436.94877361554416
8247,0.0035428535446581774,1,436.9356289924653
8248,0.008388723989314523,1,437.48828179398186
8249,0.012337060748580765,1,437.63619257759575
8250,0.01092167699345523,1,437.4482105768807
8251,0.009080921596821247,1,437.4118191861756
8252,0.006657654027304013,1,437.17193347763885
8253,0.006886504842631424,1,437.09776907515794
8254,0.00766680373609308,1,437.2671200371238
8255,0.00978266063437595,1,437.5083002472152
8256,0.0135717690595567,1,437.95535375190826
8257,0.020190808024704,1,436.2835967051803
8258,0.013992347014379165,1,437.28852780232455
8259,0.00911760236929184,1,437.3744000265149
8260,0.012538869889954854,1,437.19595504882756
8261,0.008951575743634125,1,437.6015877517992
8262,0.006630569346020305,1,437.31943211264354
8263,0.007942017460423511,1,437.37840381222554
8264,0.007971083699683334,1,437.23353766121494
8265,0.013115696838000861,1,437.736522836054
8266,0.009414563738608052,1,437.44066183631134
8267,0.007856638692005334,1,437.30765756836945
8268,0.008819848944503517,1,436.85833302746914
8269,0.013034528474306407,1,437.484310070789
8270,0.007309201848493488,1,437.2742513249766
8271,0.0060439043469027376,1,437.10408392899814
8272,0.004530062297503595,1,436.7196917741816
8273,0.0061686157515559665,1,437.0541234021809
8274,0.008724320795042446,1,437.3035247262001
8275,0.009308739298630781,1,437.31975331317193
8276,0.006994132982858616,1,437.00806199855515
8277,0.005961319565498757,1,437.2081418528665
8278,0.007165967924010287,1,437.37953440306825
8279,0.009290376905600703,1,437.5687206171609
8280,0.006543466889891829,1,437.32148754636046
8281,0.006901177861355614,1,437.19024071113256
8282,0.008036680272259053,1,437.4662399469096
8283,0.004910268363539658,1,437.0150568915318
8284,0.00554711963859342,1,437.02086848822023
8285,0.004565696812039307,1,437.02006811698175
8286,0.004722464240934422,1,436.9740553878195
8287,0.005417024461966195,1,437.1569135761609
8288,0.006962448922250143,1,437.2954328359278
8289,0.006884765297956658,1,437.3374545112996
8290,0.0059561094607248665,1,437.1271622748779
8291,0.007344494365754025,1,437.1936393258276
8292,0.004145479161301958,1,436.9031716882725
8293,0.005098629514551477,1,437.0573723029419
8294,0.004214826228716274,1,436.9681739301052
8295,0.004220839644389711,1,436.93388637744175
8296,0.006191086896002172,1,437.2084385095016
8297,0.007156382907121497,1,437.3749567366579
8298,0.0072470597744030306,1,437.3742436885802
8299,0.006101720327449575,1,437.2484785417006
8300,0.004959686229861483,1,437.13389170159303
8301,0.008821586244900877,1,437.4658990166669
8302,0.008341102162017156,1,437.4658339205007
8303,0.008897578352056552,1,437.39668248708824
8304,0.006146670712261754,1,437.27262844542355
8305,0.007893333905223307,1,437.33674437696817
8306,0.01236493342231838,1,435.91830954545736
8307,0.01864839597841783,1,433.13289116889666
8308,0.021666185793614845,1,429.7569755592997
8309,0.03177398237796322,1,418.0442215371447
8310,0.030616423990339644,1,416.36261021415436
8311,0.04649514422781581,1,375.6867058116622
8312,0.041745859210306525,1,383.22618046412197
8313,0.04582301856757275,1,387.19803713283716
8314,0.046983029510862924,1,385.3686816924636
8315,0.037228907987815765,1,418.6181351609407
8316,0.028175481215623792,1,428.7685713709036
8317,0.022400575047419238,1,433.48412367105857
8318,0.014144990330199721,1,437.33619884520726
8319,0.023603584728527197,1,428.42068242756574
8320,0.007040217003221589,1,437.254707572374
8321,0.010268639525170585,1,437.6272645405174
8322,0.00592999418483163,1,437.0642009082889
8323,0.007609161912048579,1,437.25114844618525
8324,0.01030611018294457,1,436.22809530259514
8325,0.011904830278562966,1,437.2000120085911
8326,0.0139822623457209,1,437.68666582333657
8327,0.009274824244566259,1,437.4463370917149
8328,0.015004622182849345,1,435.36932518760983
8329,0.014513827625714943,1,434.76929159635273
8330,0.019836982818577504,1,430.2747597794351
8331,0.0141338537215593,1,433.2603150932481
8332,0.022093373228085182,1,434.61193709927414
8333,0.02202651800576823,1,433.1863330752817
8334,0.021033985170552216,1,431.7501187513954
8335,0.015237193059345693,1,436.3888397896603
8336,0.011707163587220541,1,436.4355092671832
8337,0.00594343531696305,1,437.1870739757096
8338,0.004198565511189035,1,436.86497438522315
8339,0.003926055074604302,1,436.7949834547803
8340,0.003434645993395285,1,436.88773296972465
8341,0.0057857089414642985,1,437.138037030563
8342,0.006297925109384996,1,437.23229062208407
8343,0.005603486698886529,1,437.0965257447445
8344,0.006162161667340714,1,437.2113094873754
8345,0.007448241967584572,1,437.3246596370996
8346,0.006936366150731183,1,437.1839934044692
8347,0.00444052297235885,1,436.90548660688967
8348,0.005422918947318467,1,437.16590647342986
8349,0.007595780733549267,1,437.3604026964041
8350,0.005252551580536895,1,437.1177147591311
8351,0.004273565029593666,1,436.982747474315
8352,0.004481997992706334,1,436.9845857942489
8353,0.007801411373636804,1,437.4281195154683
8354,0.006085536366547255,1,437.3300626180047
8355,0.007809122518710959,1,437.42354505551964
8356,0.005618682854861801,1,436.95790310047994
8357,0.007481528303933602,1,437.3837249482127
8358,0.007703896570318986,1,437.42629352710975
8359,0.01031174613040682,1,436.9074552764564
8360,0.016593498428923454,1,438.03527800463934
8361,0.026129117216297938,1,436.57773474159717
8362,0.030752577332288585,1,433.73636331477667
8363,0.01987249131317966,1,437.5733447885123
8364,0.009642119828125906,1,437.62495030628986
8365,0.007481474203603051,1,437.2783065438966
8366,0.007102250092699074,1,437.232332161784
8367,0.004924025839082103,1,437.13734162505125
8368,0.003861420876981439,1,436.921772860005
8369,0.0037622516142850853,1,436.7267886280147
8370,0.0049615231896112805,1,437.0227567469712
8371,0.004948097599428565,1,436.9489776106988
8372,0.004670810893368858,1,436.94914174376515
8373,0.004571253256015752,1,436.9047912013648
8374,0.004961341988348655,1,436.95613523334237
8375,0.028245403862019007,1,429.62303869971186
8376,0.029269092990878792,1,427.3934652620361
8377,0.03274382096134907,1,428.7007525979891
8378,0.027259852840723686,1,421.0969328531083
8379,0.03295727898800747,1,418.03507980233843
8380,0.048215955361262504,1,404.4215252125693
8381,0.05369550974279136,1,408.1823445933948
8382,0.06140136972774945,1,418.30243815207785
8383,0.045160391887027564,1,431.2969073254322
8384,0.027371012873311805,1,435.2263955387754
8385,0.036594257467657314,1,412.01607710562837
8386,0.05312581190910321,1,409.0789474386796
8387,0.0520506962860018,1,430.41342047192177
8388,0.05143104695568956,1,427.4806023351131
8389,0.059638069445604854,1,422.7759554703464
8390,0.06259528805314574,1,417.208197947491
8391,0.06020979819765865,1,420.4836296715752
8392,0.08710253795987104,1,410.1300601793231
8393,0.09488220297105486,1,382.6797135627266
8394,0.08853296129443369,1,385.58739699721696
8395,0.07926699979909692,1,407.3334946789523
8396,0.058218655951005886,1,422.0740821601202
8397,0.12175113292241943,1,364.0566918345311
8398,0.07998771016453783,1,418.8542980020226
8399,0.05884556104338375,1,428.0841949285313
8400,0.08086732303659881,1,393.4666432004158
8401,0.0821369528198135,1,395.2898963445058
8402,0.0831716194562659,1,406.3588720302625
8403,0.07507288139165723,1,383.62626930056143
8404,0.07541292228647088,1,399.5781165658055
8405,0.06159214937596758,1,424.09543708385837
8406,0.05883205285970431,1,388.0114258912136
8407,0.05902300029660286,1,422.8010390499653
8408,0.03856548381168879,1,422.8046792929706
8409,0.10227323444018688,1,380.68943206114267
8410,0.0912150146088738,1,405.57049819369985
8411,0.054995595409289444,1,419.1490564092942
8412,0.04672485335657891,1,432.03033962539774
8413,0.044540378571967285,1,427.15803890283985
8414,0.07019283876330058,1,384.05729194637536
8415,0.10303014926958018,1,362.9575512932109
8416,0.07293678648579927,1,413.62601713970514
8417,0.08754263550930762,1,361.52308932563767
8418,0.09647325037464251,1,379.61105394193834
8419,0.10592054980578988,1,331.63383338357835
8420,0.10407394323637444,1,164.05349000400605
8421,0.10937932791975793,1,314.3100441861573
8422,0.14340698161807872,1,319.04556323950584
8423,0.11323431222497242,1,364.17393651754213
8424,0.18042117845993702,1,178.94320247589042
8425,0.20732206476768458,-1,-117.8341034554943
8426,0.22633384881112248,-1,-728.2648384353272
8427,0.0940839674852522,1,390.95346073045334
8428,0.11618598495141787,1,220.36420867470687
8429,0.07289742787795286,1,363.0194318814963
8430,0.0834509258632433,1,412.5282181916624
8431,0.1373218514879371,1,319.3222568968759
8432,0.1271657354205045,1,357.5390769549536
8433,0.11046646747677971,1,341.0137937355735
8434,0.091798049398734,1,411.8771241621189
8435,0.13006399344727185,1,393.63111089167074
8436,0.10879175356215957,1,397.9560607868614
8437,0.1116285045379019,1,396.8536379212591
8438,0.07965001681593291,1,417.0979622799869
8439,0.07998747851208314,1,369.4057380731518
8440,0.09131466126588719,1,409.97132293951495
8441,0.08047746900592621,1,417.9766413752878
8442,0.09475909988451782,1,390.14765098629044
8443,0.054825570175050686,1,396.32225998135317
8444,0.051863802258803195,1,328.74899463065697
8445,0.05846265399935927,1,419.56068440845377
8446,0.011504493332495968,1,437.60556139253504
8447,0.013431905806178385,1,437.46893622829236
8448,0.009182664444753231,1,437.2130743248583
8449,0.013874248353360917,1,437.6286476463808
8450,0.015866431096428872,1,437.72068889641844
8451,0.023263701255320735,1,437.1887894243758
8452,0.042581682803309935,1,427.0214192091895
8453,0.06870775671224102,1,381.9873620363548
8454,0.04026431660444849,1,425.3064053370454
8455,0.026387606441422486,1,436.3569052559157
8456,0.03052410122107142,1,434.7438433680111
8457,0.03505931354423092,1,432.028360325847
8458,0.035155704099885325,1,429.15129525519825
8459,0.014751040330409998,1,437.6104028840018
8460,0.015784069620450793,1,437.5232856082685
8461,0.021358284976021054,1,437.78758395961813
8462,0.018760047789374176,1,436.5499710169549
8463,0.010902858077559337,1,437.0548328313041
8464,0.019049499600706128,1,436.25170520181723
8465,0.028197355682710888,1,429.02655249352995
8466,0.025030568771764117,1,430.24950984798977
8467,0.02040557760186833,1,434.01117635908577
8468,0.02069877871629789,1,434.2670733191865
8469,0.017634567573791247,1,435.683814974465
8470,0.021407234422269987,1,431.7810881693102
8471,0.018964279154948954,1,435.5293340367949
8472,0.0221367564883898,1,428.72580647841585
8473,0.02538495383752742,1,436.5897458200437
8474,0.01347638986978764,1,436.47664789870953
8475,0.016787960069257982,1,437.3801983776492
8476,0.018915791992202582,1,437.20601493354957
8477,0.015526601513880054,1,437.28958323781296
8478,0.014019788389282946,1,437.4959401483057
8479,0.010686811221764663,1,437.38044169157723
8480,0.007679777624732644,1,436.9859789049217
8481,0.006286966132071837,1,436.83252741151705
8482,0.008831436886806258,1,437.318271637162
8483,0.011546172403614793,1,437.73888479401194
8484,0.010393053476573965,1,436.7416451842932
8485,0.013903714604042727,1,437.3114423938398
8486,0.022630933340520503,1,436.4262321378859
8487,0.021960354963892214,1,436.8964031606673
8488,0.02742578222394112,1,434.2814501053567
8489,0.030315446531296298,1,433.88819905686125
8490,0.020162086456933802,1,436.22861322668206
8491,0.01828105358506621,1,437.4885529149558
8492,0.023306914278334197,1,436.29769429587236
8493,0.015275363133873647,1,437.9654688544252
8494,0.01828649323978757,1,437.1340109238755
8495,0.008884208796092924,1,437.4633349957397
8496,0.006547434586009463,1,437.3161998537498
8497,0.010415218296202702,1,437.62926789804345
8498,0.012093914392965923,1,437.495695425095
8499,0.01207945541501845,1,437.6763872474705
8500,0.018378401957737024,1,437.09539881911445
8501,0.017181770201844224,1,436.99317220625244
8502,0.012996995832930234,1,437.30732934380603
8503,0.0152488016067378,1,436.2559416315071
8504,0.01000566772399476,1,437.1607388997006
8505,0.012903545892025902,1,436.9603711665062
8506,0.007657884745163074,1,437.4444889985741
8507,0.009076081654743304,1,437.45455818160065
8508,0.007721848947299414,1,437.41619901004657
8509,0.00731539349994645,1,437.3768901615837
8510,0.006622131846286174,1,437.23862617257146
8511,0.011131789792665011,1,437.67069158181516
8512,0.009778836030694132,1,437.4935938616513
8513,0.017096024400458622,1,437.57751109524924
8514,0.013487986575700493,1,437.9833628619507
8515,0.01130613851700041,1,437.5310096271835
8516,0.01420983465274551,1,437.63676551736404
8517,0.012882231442976979,1,436.43434279443596
8518,0.01670253354059889,1,438.09912447155887
8519,0.022328712123510036,1,435.2557827221716
8520,0.018529737603664942,1,436.14962460454086
8521,0.019454397454457508,1,432.5262109808266
8522,0.03035973695826884,1,419.4653205896916
8523,0.03231545018231184,1,421.0637968926524
8524,0.03606626426125531,1,431.9123031991147
8525,0.03487204283519447,1,429.12379478929006
8526,0.032789812751545126,1,432.60866037362194
8527,0.012967814538231804,1,437.24427339712963
8528,0.01873141770404716,1,437.26714059251907
8529,0.014374857205011474,1,438.0678363198808
8530,0.017865068338039573,1,437.3856914619174
8531,0.00868571670195353,1,437.28510265948194
8532,0.00867022563643805,1,437.2649335372268
8533,0.007810052912624607,1,437.2663348912672
8534,0.030181117024813454,1,431.77223512244893
8535,0.03229716490444861,1,429.6945665686501
8536,0.02123349349360456,1,436.3121009465222
8537,0.025413103920859614,1,436.62275795003876
8538,0.04014818209367938,1,430.54417317696794
8539,0.042067664430453726,1,429.98151504916336
8540,0.04652397908789089,1,429.04571980090503
8541,0.035371151186202834,1,432.1222285096984
8542,0.03411720262355556,1,433.8274996612487
8543,0.03424040571267297,1,435.3296527080724
8544,0.04092858493129174,1,433.6290634925684
8545,0.049676690040644345,1,429.47951622918447
8546,0.03592518758197917,1,422.72931667836116
8547,0.024559027586416805,1,428.0912063095818
8548,0.02764385068394083,1,419.7328494989138
8549,0.019666096186751265,1,429.57155562328717
8550,0.017392449236814354,1,433.7640833454603
8551,0.014893273454754176,1,437.14664977091223
8552,0.011989501032357732,1,436.3697953519774
8553,0.01634624238939598,1,437.0401705625661
8554,0.013879314041247499,1,436.7204811766793
8555,0.011419412819942238,1,437.14434473225435
8556,0.010612459528797417,1,437.2577290533692
8557,0.013541297858480256,1,437.4210609461845
8558,0.009602042499790218,1,437.38503037374244
8559,0.01223882600620327,1,437.65841155400375
8560,0.008940284049724658,1,437.276643620442
8561,0.008442986647188282,1,437.3305395110096
8562,0.008178394646683749,1,437.42981809266513
8563,0.010911757957989864,1,437.3235549442546
8564,0.012740116135366719,1,437.0512025443523
8565,0.013897738680440844,1,437.73283764904585
8566,0.008246347684125284,1,437.39212535035693
8567,0.012276292189028645,1,437.4443061688877
8568,0.012929142686803658,1,437.72041117168055
8569,0.014285317269436684,1,438.09733741166724
8570,0.013203156685839304,1,437.1271380768724
8571,0.012702437935973932,1,437.1547131482499
8572,0.014767910397189346,1,436.80250769684886
8573,0.017245064038449307,1,435.7582218817925
8574,0.01754974993664433,1,437.7160624692148
8575,0.015700711554624984,1,437.8948704798126
8576,0.016366102998914618,1,438.1949038814259
8577,0.024707439418228012,1,435.8410328188345
8578,0.027546980118426594,1,433.8062935261095
8579,0.02558159733393116,1,433.9053681467797
8580,0.025158228274091986,1,434.62071013968085
8581,0.03260289362468319,1,431.4060725494407
8582,0.02650990138681888,1,430.1919101243488
8583,0.030762591279295527,1,423.5676408778838
8584,0.03302564995041141,1,425.23633014401406
8585,0.02392353046524934,1,422.17294314693044
8586,0.026324493781239022,1,432.000930573641
8587,0.022178787616595363,1,426.56911901600824
8588,0.016211069961669784,1,432.66790257746544
8589,0.016532192605275678,1,435.4004463531207
8590,0.019291126519830615,1,436.71451830761515
8591,0.010808233659902447,1,437.4056430670237
8592,0.020244553904356456,1,432.5503051857239
8593,0.023235919609299157,1,429.8873443654851
8594,0.02400786447878534,1,423.9832790252097
8595,0.021227823525392184,1,424.8374512663907
8596,0.025307658465368057,1,425.59706123866334
8597,0.019813514639864877,1,429.39452058719235
8598,0.01936987158840078,1,429.1075153686485
8599,0.017132481133546356,1,433.8327318959055
8600,0.020152701926786837,1,431.95711342904144
8601,0.01643187213554973,1,437.5259387132842
8602,0.008229718084305273,1,437.30256147848456
8603,0.011883253295291659,1,437.4495499841543
8604,0.015138230099403372,1,435.8972925894992
8605,0.026879990338738335,1,429.6038992920543
8606,0.028437563022842866,1,432.0740754205979
8607,0.026195966301006894,1,435.54647659953775
8608,0.019187538038160756,1,436.1309558979781
8609,0.023058842509516515,1,434.83519979124645
8610,0.01690945488401412,1,437.53629096323493
8611,0.019609684348350007,1,436.8971165708705
8612,0.027778162142910873,1,436.3209265017511
8613,0.022289698772799717,1,435.7749133424539
8614,0.027195101244300194,1,433.267497059588
8615,0.018925086734753568,1,436.606047298868
8616,0.015866356848655238,1,436.94867739199873
8617,0.011304637459503455,1,437.67379638064926
8618,0.013544081073092486,1,437.04551078329615
8619,0.019162253142521738,1,432.9183695462992
8620,0.014729089983992485,1,437.47814412370803
8621,0.023925861745483227,1,432.9330877102412
8622,0.03535129414464411,1,396.51924014574087
8623,0.027573783076279567,1,428.7183141230481
8624,0.04176988890457005,1,428.36957447946946
8625,0.062315226935502475,1,396.84912610107216
8626,0.035118301134824656,1,433.77943358101294
8627,0.028999957337485706,1,435.1358330194189
8628,0.02124256979535415,1,437.21559039112987
8629,0.017381855328573725,1,437.2639949226629
8630,0.018649301166339314,1,437.04702343173557
8631,0.021629715151185714,1,435.6016142529817
8632,0.01828707596757199,1,436.11460485271965
8633,0.019869099948532306,1,437.55976744162814
8634,0.021313869342840446,1,436.3517248020755
8635,0.018126080657211604,1,437.39153454262384
8636,0.024130398578589916,1,434.2444381100527
8637,0.01739341717217084,1,437.4643190183064
8638,0.028174095164697543,1,435.3478000586618
8639,0.03748132498153572,1,426.6723332193861
8640,0.03391772475030192,1,428.7254779702195
8641,0.017852377234054632,1,435.61661449864647
8642,0.027032540223460723,1,434.6481568000945
8643,0.03808533451714278,1,423.1681800326832
8644,0.04118984732319445,1,428.561746614102
8645,0.036896851652473875,1,434.1192209460822
8646,0.04242668110707283,1,434.07013243598317
8647,0.038331666269775154,1,428.9753511686437
8648,0.034866281669764104,1,433.3289637779284
8649,0.0233779490912471,1,436.97313337103935
8650,0.015352923280123209,1,437.3731226995929
8651,0.015563455849828583,1,437.2644081896973
8652,0.015800262523964787,1,437.69171924544577
8653,0.017213121442946996,1,437.5150997752801
8654,0.015928303992759164,1,437.2190259991382
8655,0.02533394547339906,1,436.657975318788
8656,0.0177042577462314,1,437.72692093174936
8657,0.02639529237551319,1,433.8699556301402
8658,0.04085274061772637,1,416.5107011945669
8659,0.02894972937447641,1,412.4973140800855
8660,0.021947610415193115,1,421.37397640744496
8661,0.02203843353754033,1,428.9261320179339
8662,0.021264372623283432,1,422.5915644547677
8663,0.01982818762343046,1,425.90735082423356
8664,0.01972588442650557,1,434.6622914457819
8665,0.01827083427616308,1,435.29538269876724
8666,0.01170315642391735,1,437.2399361998051
8667,0.021499419773351663,1,434.14675402324235
8668,0.035519763446227086,1,422.8120885123174
8669,0.030069139391765167,1,419.2466652680894
8670,0.03246990125643466,1,420.4220977876257
8671,0.043501438490196644,1,420.2327266294981
8672,0.05259398998953159,1,365.46564347892144
8673,0.048786011088856766,1,378.95225849287215
8674,0.0364354163497164,1,424.10085359620444
8675,0.03586639485594427,1,425.2945797646031
8676,0.04298726743531034,1,429.5010305643782
8677,0.018642743063938556,1,437.48087964779046
8678,0.01804140403977606,1,436.6420494651352
8679,0.016550563506996994,1,437.3070389704348
8680,0.012228206792126087,1,437.44259722008064
8681,0.01781840904949618,1,436.61860014695213
8682,0.011344546241572733,1,436.75023258345834
8683,0.010475014056012784,1,437.0757080380362
8684,0.011064561212284526,1,436.9461814212608
8685,0.011903207324573565,1,437.4860127119248
8686,0.011295866736487522,1,436.85688629883293
8687,0.025350800342212543,1,437.4763214261908
8688,0.02157854083763189,1,437.75240155175186
8689,0.014732184755883837,1,437.94223931790384
8690,0.013021144399600896,1,437.5676288550935
8691,0.013823085254266624,1,437.6665004985133
8692,0.016600679919186036,1,437.50492890779105
8693,0.017141603959167105,1,437.7681568082606
8694,0.02203787815603968,1,437.31236943734297
8695,0.042960833843291475,1,429.4580078334512
8696,0.13317679010149483,1,240.27252563951066
8697,0.03715082925550217,1,431.7856369626197
8698,0.038626001470454516,1,430.03223140565177
8699,0.03785357632244791,1,435.7437821608407
8700,0.03372370935990158,1,436.1859851873321
8701,0.03162168258752688,1,435.5806371421582
8702,0.021939243983605677,1,435.2122168846267
8703,0.020683728118606852,1,434.7363256245568
8704,0.024451429578009602,1,430.7345572455671
8705,0.023474766255440947,1,436.54036497650077
8706,0.01961321418713976,1,436.4340349818356
8707,0.01884377203954595,1,437.81928936055414
8708,0.011437817201376451,1,437.56266836445786
8709,0.012958736078599379,1,437.73814228142464
8710,0.00941949451805293,1,436.2884273110031
8711,0.009509893030591599,1,437.6161208844811
8712,0.010852268143941496,1,437.63541295848734
8713,0.013562371002059022,1,437.4466416498173
8714,0.022890955067630725,1,435.94354234954915
8715,0.030714154664007492,1,434.5190748848275
8716,0.02998858085150675,1,435.31168264520943
8717,0.02318266630469924,1,437.21732616270896
8718,0.03011305647697229,1,435.5971142788004
8719,0.031202966098850454,1,434.618963363975
8720,0.021602243847318636,1,437.8469978304926
8721,0.009859423178111679,1,437.25858762982296
8722,0.010051756946076811,1,437.3019642520016
8723,0.005263938703041757,1,437.10723575687945
8724,0.005014519500761247,1,437.1362310328875
8725,0.004930394247074534,1,437.07277552687646
8726,0.007043622597495848,1,437.05139269606485
8727,0.00937075316567448,1,437.22037772362717
8728,0.00590159167264565,1,437.0411688416
8729,0.006559814465274635,1,437.25846578905123
8730,0.0047961741260982085,1,437.03837885023285
8731,0.004999077328941835,1,437.04092671339754
8732,0.00535708843070974,1,437.0606443806002
8733,0.006610516494781629,1,437.1543599987481
8734,0.00897597572301872,1,437.3359135581818
8735,0.005191180329297838,1,437.0156895183131
8736,0.0042714081939552164,1,436.916770090872
8737,0.006628338657346466,1,437.220414907179
8738,0.0074605371087550715,1,437.41909478475947
8739,0.0064353718135098945,1,437.32397825523844
8740,0.009518128114827577,1,437.4580605452754
8741,0.007535672885801842,1,437.31405992351506
8742,0.004347877292774876,1,436.88109625253054
8743,0.0056708121408175155,1,437.03312445596333
8744,0.005619056920434268,1,437.00356622348096
8745,0.005623884127510355,1,437.0550253584561
8746,0.006986355005956373,1,436.90521637349474
8747,0.007854698630961552,1,437.3850996942419
8748,0.008276756928144184,1,437.39758782788573
8749,0.006561837637865842,1,437.3141047633
8750,0.0091434181912267,1,437.1835065396248
8751,0.007380753496505207,1,437.1612985581604
8752,0.007382129014714636,1,436.9950249811208
8753,0.009146099845618495,1,437.49250750446726
8754,0.012981019251817234,1,437.11166562971226
8755,0.009653055402344787,1,437.33033756986384
8756,0.008567297370725788,1,437.3403822522626
8757,0.007805683819243984,1,437.4819434974334
8758,0.006358177799567133,1,437.2754044934023
8759,0.005589271353584758,1,437.0507963027722
8760,0.01088622091542518,1,437.0679131468945
8761,0.015115050367832394,1,437.75678683375344
8762,0.011771399796860383,1,437.52617575839196
8763,0.00987344279071352,1,437.07144425737795
8764,0.007748099014955203,1,437.0763485137831
8765,0.006930387497801336,1,437.30237166160447
8766,0.01005520648378696,1,437.4720737264632
8767,0.01515401140372564,1,437.0952878630253
8768,0.010850987166634882,1,437.6642484192022
8769,0.012268076265694884,1,437.7429869301879
8770,0.009288500541722406,1,437.4480304398933
8771,0.005571290302609915,1,436.9748150332627
8772,0.00596258081868001,1,437.1118693998326
8773,0.005251877834853883,1,437.11575198995337
8774,0.005536071050858152,1,437.0735946108806
8775,0.005893788064262671,1,437.16317046001205
8776,0.00808335534122458,1,437.3802090444425
8777,0.00606186775415042,1,437.239938917597
8778,0.0043317516092001105,1,437.00042084889924
8779,0.008266164623370622,1,437.16533198988657
8780,0.00889165128509644,1,437.2105876724277
8781,0.008339942938675357,1,437.13803835309
8782,0.009614217702845481,1,437.2913234637693
8783,0.012529345637788509,1,436.8803035796461
8784,0.013077316593817442,1,437.2189927442002
8785,0.020512637999012685,1,436.68442526512393
8786,0.0351752404052198,1,430.4774695753515
8787,0.033291621108528416,1,434.45093141040775
8788,0.033660267781794775,1,434.39087597283077
8789,0.03143108211648126,1,433.5273049786102
8790,0.03271216072256999,1,429.734219967757
8791,0.017837847026327232,1,436.71670861949286
8792,0.020137885750763362,1,436.49201255103856
8793,0.011932489372823901,1,437.7461682450639
8794,0.008333919786363274,1,437.5266695136779
8795,0.0075689905296692,1,437.3179554403575
8796,0.006323346917566017,1,437.2589400367258
8797,0.005693018192474711,1,437.21326540740773
8798,0.005093972516090124,1,437.10155244577663
8799,0.007586478603051949,1,437.4565628241331
8800,0.009338166211420163,1,437.57963630425513
8801,0.007499645207633161,1,437.4212793040839
8802,0.00815506998978158,1,437.18953870063206
8803,0.011388616055564347,1,437.26139394988064
8804,0.012695797293998072,1,437.04926189414897
8805,0.014051561411361966,1,437.3280552797813
8806,0.012239553262903,1,437.7043592590441
8807,0.01391996534454522,1,437.7529199552891
8808,0.009620690715551048,1,437.50880200313026
8809,0.010600048119445881,1,437.4793695012923
8810,0.010646148099167118,1,436.9128240844256
8811,0.012019941951455343,1,437.12784732323814
8812,0.0157793523128075,1,437.48289156958447
8813,0.01594888714254767,1,437.1943528263404
8814,0.01645424957297238,1,435.8321928044347
8815,0.017964406596575607,1,434.50094495147016
8816,0.024761140925037648,1,434.2654974641463
8817,0.02175865589090519,1,435.6108664537372
8818,0.015635610707945516,1,437.12347431881267
8819,0.01261127010976863,1,436.71834486155126
8820,0.012402477058195862,1,436.04218319834075
8821,0.011330941157172184,1,437.126575441394
8822,0.010182766257884284,1,437.3449764434534
8823,0.005830923953264062,1,437.20744458791347
8824,0.005129726200913267,1,437.125906138744
8825,0.004513275108089411,1,436.96724241595734
8826,0.0051584963638259445,1,436.9601859613257
8827,0.008994234073712923,1,437.12650835868305
8828,0.009594916174563926,1,437.23733680156334
8829,0.005903331436612113,1,437.0125511576362
8830,0.006732787666943463,1,437.22001917086754
8831,0.005146139987395776,1,437.14829939581847
8832,0.005585882952181659,1,436.94400837582253
8833,0.0068062907022744396,1,437.37875621054224
8834,0.007997629233544896,1,437.3691609247207
8835,0.010668454072057269,1,437.5653449750728
8836,0.007532749175390217,1,437.4710765277069
8837,0.006858005332741036,1,437.4015925119196
8838,0.008242566459436522,1,437.5090466790732
8839,0.007133347066277026,1,437.3853560431245
8840,0.008037260474088566,1,437.41693299990027
8841,0.005104240245216156,1,437.1323564788825
8842,0.004668006310461409,1,437.0106296317257
8843,0.004261442313702976,1,437.0002990501238
8844,0.004214001964092426,1,436.8696276925988
8845,0.005658667088077213,1,437.0463178626978
8846,0.005550524317093834,1,437.19141348000863
8847,0.005600124948060539,1,437.12681947099077
8848,0.007265281774547447,1,437.34872618970917
8849,0.004998987594916679,1,437.0803248494945
8850,0.006320922330656848,1,437.0917565548386
8851,0.010161649772117795,1,436.8617842412748
8852,0.007471280922596061,1,437.16316236423427
8853,0.007271453324736855,1,437.2877234455528
8854,0.01125740257600201,1,437.1425734802923
8855,0.0058142073738519425,1,436.982900619192
8856,0.005870827016288397,1,437.03528899851557
8857,0.009511144002524055,1,437.07534983152095
8858,0.009201220226894584,1,437.588280451903
8859,0.00945727057409471,1,437.64370927805186
8860,0.006564032991045658,1,437.23604207881607
8861,0.004211277843373447,1,436.90768053809524
8862,0.0041945519246748475,1,436.9578390366985
8863,0.006010317916491057,1,437.1618699338495
8864,0.006773395361538253,1,437.3289963053101
8865,0.008971503594774156,1,437.5755388322559
8866,0.008890876301110236,1,437.373535858313
8867,0.014150727471023852,1,436.87610323473274
8868,0.009519436578203812,1,437.5173907542931
8869,0.009749760398945918,1,437.364348908379
8870,0.009991015669835878,1,437.1438037834817
8871,0.010051398689375938,1,437.37998898902697
8872,0.007399772814748217,1,437.3734531758318
8873,0.008927470186482139,1,437.49447924538987
8874,0.008170242706350497,1,437.2731086006179
8875,0.005848201687729884,1,437.1535439114964
8876,0.006989753596766652,1,437.30136562451514
8877,0.007736590381740972,1,437.3678893979526
8878,0.0071059910935933335,1,437.38943834873675
8879,0.006198005635904157,1,437.17848686901146
8880,0.008328132549397705,1,437.14589141998727
8881,0.010320762879592205,1,437.4365891651332
8882,0.007101664596180388,1,437.2032289122343
8883,0.0070019139411316616,1,437.1193694319533
8884,0.003816682245352607,1,436.8037414439248
8885,0.004655388699303534,1,436.93777796634834
8886,0.006735021196276648,1,437.1480482503102
8887,0.006039377262667268,1,437.2729446246346
8888,0.006661291495032902,1,437.2503189380162
8889,0.0068549476968348885,1,437.1515189375574
8890,0.007241366957527165,1,437.3016207986623
8891,0.007353866540549122,1,437.264986964926
8892,0.005851123472530329,1,437.2545564611535
8893,0.0070290004287729005,1,437.34701981445824
8894,0.008834399538983463,1,437.4312060092383
8895,0.009627819982472747,1,437.5093164458072
8896,0.01231629565052426,1,437.52708322952486
8897,0.007406348031624215,1,437.14583520327716
8898,0.006896233287480242,1,437.0878313192834
8899,0.0065690208240204145,1,437.2802975960135
8900,0.007052708032618278,1,437.26536223111617
8901,0.006367581548215591,1,437.2056620485308
8902,0.009127914230760481,1,437.43131832209133
8903,0.00737663999190928,1,437.44075182509283
8904,0.007539247557750035,1,437.0834364785324
8905,0.007304528121359224,1,437.1021323254035
8906,0.006283848368923325,1,437.11479746448407
8907,0.006516958933559373,1,437.2033462204076
8908,0.007288072387449826,1,437.28811171196105
8909,0.009357519124484655,1,437.32092680537295
8910,0.010990390601207664,1,437.5599919849403
8911,0.009686664024160744,1,437.29987029502087
8912,0.010880655079342163,1,437.6173239309313
8913,0.009598132718664219,1,437.26387778272004
8914,0.012574948786009787,1,436.7244471453445
8915,0.011136065381971233,1,437.6626115843178
8916,0.015108468306847625,1,437.77637661033475
8917,0.016564315776390375,1,438.1242469695945
8918,0.025563343626577334,1,436.8667102306697
8919,0.01879859026129766,1,437.9839061639783
8920,0.013707023229868847,1,437.0109130476366
8921,0.022529110572903934,1,435.51260215667145
8922,0.02917365622886173,1,434.7305471736389
8923,0.030544632567128027,1,433.29679290442857
8924,0.03347340468332265,1,432.50720695923917
8925,0.03392661867137546,1,428.02043073552284
8926,0.03251603750399953,1,428.7103011583622
8927,0.028352050162707636,1,434.1303909571102
8928,0.025551739742410862,1,431.87474044953797
8929,0.013111931610242255,1,437.56536601784563
8930,0.012164842895303115,1,437.8331160958682
8931,0.010091869872120376,1,437.6735246515522
8932,0.009334265699416488,1,437.60281984285194
8933,0.011810761427823316,1,437.9066855960545
8934,0.015255761926732963,1,437.3024748969617
8935,0.013054875597372565,1,436.6382825611802
8936,0.01697797431057404,1,437.7505680715897
8937,0.014171166769740395,1,437.4479181037856
8938,0.02087388462481194,1,435.936264877509
8939,0.028415344064773026,1,437.32727290767457
8940,0.02222302447497359,1,436.5963709035679
8941,0.020847964858912993,1,435.90244582300426
8942,0.01885345330755269,1,436.1366755648012
8943,0.020748221970419062,1,435.3877372162642
8944,0.025249702880441788,1,437.6265321134443
8945,0.0295496898487756,1,435.9537949248914
8946,0.0685599109693018,1,404.60645463883446
8947,0.07772606508563551,1,378.40631543531754
8948,0.049267193432012336,1,422.2124866541887
8949,0.030618647406033067,1,434.7370091366052
8950,0.06839855420429845,1,392.8945758724632
8951,0.022872878687256844,1,435.90665986956964
8952,0.011308829112304256,1,437.4120247196999
8953,0.009993996406925368,1,437.0273879107312
8954,0.018986443678438433,1,437.3044499278472
8955,0.01585255560175197,1,436.356603581512
8956,0.020315610556291847,1,437.3722528627757
8957,0.03643349783231239,1,432.11214561659773
8958,0.03425647494763758,1,434.46040641456096
8959,0.04431479520740065,1,430.7633579706441
8960,0.04609058480755002,1,431.0665027262111
8961,0.06288295448099153,1,414.0443525884879
8962,0.04673469246268205,1,432.87901564145426
8963,0.0664932478071512,1,410.784656841143
8964,0.027539063396273777,1,437.6417310348278
8965,0.04131092023805073,1,433.23532614915996
8966,0.028872570483388902,1,436.6706794766906
8967,0.03030954649923786,1,431.9232115053911
8968,0.026034631188333518,1,437.27822961431855
8969,0.02437310792300005,1,436.6094979730804
8970,0.018756073346861156,1,436.95432029670724
8971,0.02001374307131348,1,437.2083057295407
8972,0.022264182174842977,1,434.96837207794755
8973,0.01892258409017384,1,435.80439767958677
8974,0.02570893810607755,1,436.2947658231506
8975,0.016830903288486108,1,437.24287386574576
8976,0.016761820383445408,1,436.68163922273186
8977,0.02157508198590929,1,437.7236262223354
8978,0.019034778179164196,1,437.16608137161967
8979,0.02007193850901397,1,436.71015761058237
8980,0.02915835898981741,1,435.8337208641716
8981,0.03737972566379098,1,430.4456436644158
8982,0.030376745007762513,1,432.44244214141986
8983,0.028695740434862147,1,432.10787870460496
8984,0.030677904837769023,1,429.9717841279651
8985,0.018573873691521105,1,435.36109934383967
8986,0.009840092085786512,1,437.1554390213785
8987,0.008454482533489698,1,437.25036816716806
8988,0.011513608615243323,1,437.30203478667687
8989,0.005788932425852493,1,437.0818209531208
8990,0.0051519541508621486,1,437.02382056361375
8991,0.006188697129382048,1,437.180883988898
8992,0.010173900267108313,1,437.5159974461755
8993,0.00991889339005492,1,437.5739533248669
8994,0.01483034170411589,1,437.74510256090787
8995,0.011430617143778512,1,437.6450031220477
8996,0.01459344798178003,1,435.21027729221765
8997,0.014919187587250792,1,437.0683201160675
8998,0.012579299592026378,1,437.3859727336737
8999,0.010540405090615462,1,437.6878133618883
9000,0.0073438423869119,1,437.30288174890535
9001,0.008137401634082539,1,437.3158320501587
9002,0.006061572460342282,1,437.1705084808048
9003,0.006723241079196224,1,437.3377411687729
9004,0.005027068503805327,1,437.01026564247354
9005,0.004930888589843634,1,436.9226430429553
9006,0.004413570449231284,1,437.033738747188
9007,0.00819317067501051,1,437.4157427142623
9008,0.005431139616711835,1,437.1910085055041
9009,0.005639888754909136,1,437.1006779034368
9010,0.005518557100886476,1,437.0631708674175
9011,0.0036241154650950157,1,436.89350963183944
9012,0.004125203521201678,1,436.93296394654334
9013,0.004645573338444726,1,437.05229914534823
9014,0.0059600405858717615,1,437.2110478201592
9015,0.007304352267369254,1,437.424061436427
9016,0.007531009157125575,1,437.219873207423
9017,0.011610763162821268,1,437.6693219710693
9018,0.008521798742830693,1,437.5154168004651
9019,0.010523146552842057,1,437.70093379139456
9020,0.013914517900827233,1,437.75055341202585
9021,0.010482505600739244,1,437.3234150358309
9022,0.010618601547035337,1,437.46309484168717
9023,0.008588228387228882,1,437.3811529880679
9024,0.008871858346350204,1,437.6026990902919
9025,0.007160323739818391,1,437.2433837562586
9026,0.012133691283153416,1,437.6535648009775
9027,0.015715403520217497,1,437.32280553366934
9028,0.009722895087112951,1,437.48500382166395
9029,0.009616613006746034,1,437.54013893208145
9030,0.01271135727230735,1,437.27610125041144
9031,0.009255356453220911,1,437.2597366564122
9032,0.007090556576396032,1,437.29670553123884
9033,0.007059200044881677,1,437.25911513083287
9034,0.007650516983455586,1,437.2796041066902
9035,0.006711825820362545,1,437.2511177113455
9036,0.006086643205156119,1,437.29867738584625
9037,0.005069248933604407,1,437.08521614141057
9038,0.010870829034116547,1,437.4856162810373
9039,0.011865692982008078,1,437.7807748143392
9040,0.013585858219337915,1,437.40735179656883
9041,0.0123091838458224,1,437.3049356130788
9042,0.008307275177221561,1,437.44859067643546
9043,0.008242398249250861,1,437.2779983109065
9044,0.00814441383081396,1,436.87632584891645
9045,0.011471897412696715,1,437.4384482289415
9046,0.009232077588381302,1,437.2673236021491
9047,0.007118908792221531,1,437.3813199994608
9048,0.011291418637121612,1,437.3992546815052
9049,0.007665339312099657,1,437.3183672905417
9050,0.007903448077875101,1,437.2755083555506
9051,0.00723176110349608,1,437.2324184815595
9052,0.009491977356945154,1,437.23125555704485
9053,0.01067138540801818,1,437.60545842119427
9054,0.008897334900793582,1,437.40695412145277
9055,0.00477937807746326,1,437.03519878603714
9056,0.004184143100020816,1,436.955009754897
9057,0.007263546311096255,1,437.3837783042644
9058,0.0059890354126517,1,437.2121016320917
9059,0.0043160261650454345,1,437.0283139620459
9060,0.005556393333045903,1,437.1861160969589
9061,0.005365414239331159,1,437.2027568035282
9062,0.0066570757327503475,1,437.3279052128781
9063,0.008530681168701199,1,437.16073657254503
9064,0.007684123548764766,1,437.31422841396795
9065,0.005863993493049383,1,437.1600813151453
9066,0.008571566191905305,1,437.23885038582847
9067,0.006306010577474773,1,437.1272036626178
9068,0.011908900642495506,1,437.0188894983859
9069,0.0058672328084490915,1,437.13907532630475
9070,0.005626246944498063,1,437.07959740611625
9071,0.004962552870579021,1,437.08004626203564
9072,0.015407123346276462,1,438.1647877347534
9073,0.010644034236455354,1,437.6825924663201
9074,0.01616485359418036,1,436.982601419884
9075,0.013303443312015262,1,436.7451895597874
9076,0.016517314661830745,1,436.71292502792227
9077,0.031865108820697714,1,435.3016910429523
9078,0.03180063081667337,1,429.261603529766
9079,0.059488678347699116,1,410.342407994175
9080,0.06830548889595196,1,317.5578739289932
9081,0.06266890938759807,1,404.5639755050726
9082,0.07047859839297667,1,411.25839180229923
9083,0.05825275751566931,1,396.8072211115927
9084,0.05193113726758302,1,327.07290545027126
9085,0.05561440340494332,1,397.42813775240455
9086,0.02703561419933263,1,422.4124509952861
9087,0.012309008844041902,1,437.36081929221365
9088,0.011822511180655032,1,437.6982403015101
9089,0.013207580385817153,1,437.1296619827308
9090,0.03653070149654574,1,432.8955093621103
9091,0.05056074556919198,1,433.13670254609025
9092,0.06444553034073108,1,399.13084688134893
9093,0.07644703166421991,1,392.3400381182453
9094,0.05667951970164011,1,422.53729098735846
9095,0.05675953876654007,1,432.57522885616845
9096,0.05234040374937253,1,427.48413254493755
9097,0.05377378944998977,1,410.25048713090194
9098,0.04419712471920262,1,421.8337157792233
9099,0.059668487554112005,1,400.76451719605285
9100,0.044042053666786166,1,437.2211464346927
9101,0.05305907149828221,1,416.50384040724845
9102,0.04518714208767873,1,424.891209396604
9103,0.044645269879536445,1,427.73174856408866
9104,0.03380005157802921,1,431.3663421571303
9105,0.050509898374055624,1,434.2155806042311
9106,0.10731895785859603,1,398.5175632603493
9107,0.09245701455296915,1,406.34008056719847
9108,0.10481099902386921,1,391.06874879821885
9109,0.10195301585147139,1,403.73089374253885
9110,0.08932113925078218,1,409.4887496155018
9111,0.08635887719700334,1,402.86160545730945
9112,0.0820137549475222,1,418.035572555234
9113,0.06274211381879681,1,421.2742590809084
9114,0.0489461443599969,1,426.57015402622824
9115,0.025083280551177912,1,435.79187522207076
9116,0.02572861785122114,1,437.46237176762617
9117,0.02213128464080625,1,437.2271441430079
9118,0.02149883955315338,1,435.23239802072266
9119,0.020676084262224663,1,438.43412268873004
9120,0.021508409822109605,1,437.4559453203475
9121,0.03961658721883738,1,434.0942704206133
9122,0.030512599725132934,1,433.3559197354091
9123,0.046312568925299905,1,423.99237378540954
9124,0.061280827357430456,1,412.33214719172366
9125,0.05894665019256901,1,409.8021801885981
9126,0.052992876790950126,1,424.9434802786107
9127,0.04419528748783393,1,429.65304795407076
9128,0.04154776883813031,1,424.7247105961763
9129,0.05091263188813525,1,429.1512480677481
9130,0.036459932987491075,1,434.2334479795784
9131,0.03469947084842633,1,433.28214178392676
9132,0.03419529570731681,1,434.6519977909596
9133,0.047566101077208586,1,427.0309661552164
9134,0.049467311520522715,1,426.2805492523923
9135,0.06635519710510072,1,407.38401993405694
9136,0.049972357471695164,1,427.9553865795964
9137,0.03607971316350477,1,435.29750481614354
9138,0.03716287559152858,1,434.87764704027524
9139,0.018443149378408675,1,438.19500861643843
9140,0.013609048190411073,1,436.74518065147146
9141,0.01706871654422502,1,437.583224602803
9142,0.015347324287369317,1,437.5648535825747
9143,0.012458291520867323,1,436.7925113065643
9144,0.01166565085535772,1,437.7145977975155
9145,0.014163448779968316,1,437.7987805623361
9146,0.015445129055851353,1,436.13726730306115
9147,0.018630422407382358,1,437.02160177659044
9148,0.019189662532040446,1,437.59279739343043
9149,0.016141082887842863,1,437.3860117757944
9150,0.013826709600363996,1,437.44982362860554
9151,0.011727659346750538,1,437.88977927314426
9152,0.016691649532294555,1,437.1250563348121
9153,0.018001976016473832,1,436.960345291652
9154,0.024929697206304283,1,433.9527069671697
9155,0.020360534304460144,1,435.42873372146084
9156,0.026611981351943214,1,433.3680679569599
9157,0.013278159582652608,1,437.8405072891055
9158,0.008130745308234117,1,437.1348064475088
9159,0.005656377893049568,1,437.0822581705506
9160,0.00874797965410175,1,437.3614312247149
9161,0.006660063871206922,1,437.20651438730727
9162,0.016428484853185505,1,436.21845785594405
9163,0.020666580698839043,1,431.09566479306886
9164,0.015438682636956347,1,432.2158327496148
9165,0.012336825213625242,1,435.8444127345599
9166,0.01429377144356192,1,436.5674898006173
9167,0.01611375517132892,1,436.0605888075893
9168,0.02030028044459727,1,433.674616697166
9169,0.018990430388050258,1,437.24655353607994
9170,0.015030492544258003,1,437.378865466337
9171,0.011808844390720104,1,436.2002020145761
9172,0.007506868050916014,1,437.11091852727225
9173,0.005694566357130248,1,437.02156825855616
9174,0.009180996020796556,1,436.62900295749125
9175,0.012228519970958614,1,436.1705492032913
9176,0.018021910281247326,1,436.31430934923486
9177,0.016705617898468084,1,435.1270877914624
9178,0.016495447336051596,1,434.4119645661291
9179,0.016039416168853647,1,432.63001519639613
9180,0.018424115690301095,1,435.8135628568349
9181,0.020115943632408644,1,435.17867953122794
9182,0.021111424926306414,1,436.31135969026485
9183,0.012606148773844297,1,437.31649356437936
9184,0.014808558247685661,1,437.84797612011516
9185,0.007935366220967436,1,437.3750185547373
9186,0.005238821410831207,1,437.17780855985063
9187,0.006352614288188515,1,437.2583658865532
9188,0.0057623777971279894,1,437.18506532013873
9189,0.0071065798254617086,1,437.3013491768299
9190,0.007562056892223483,1,437.32536087452024
9191,0.004665396328206494,1,437.0820311897735
9192,0.005676123921263814,1,437.1263283906642
9193,0.008754993824746175,1,437.28710854674637
9194,0.008849246142539813,1,437.43515312896733
9195,0.006981542899429019,1,437.3218646682736
9196,0.010732559798752124,1,437.238926454822
9197,0.010267588654729052,1,437.61396969996883
9198,0.009215328871002765,1,437.5108111988352
9199,0.006000027054525355,1,437.0157089707752
9200,0.008668541849283912,1,436.83673643208533
9201,0.012343089988132532,1,437.5557894533562
9202,0.0071666474992582935,1,437.3883940081682
9203,0.006299706031011259,1,437.0782819133665
9204,0.004110853329398879,1,436.8931323028945
9205,0.004733303683885424,1,436.9600807305702
9206,0.004980198634716379,1,437.05606820705157
9207,0.008810592774643073,1,437.3465033998611
9208,0.006697265756554315,1,437.31982092784307
9209,0.004471101373124327,1,437.04718047756853
9210,0.00344520587794989,1,436.8669729813174
9211,0.004599323192515278,1,437.01464945824887
9212,0.005530121498217658,1,437.0879465349726
9213,0.00767496674334601,1,437.2810832871524
9214,0.0055200513026144775,1,437.1441410794408
9215,0.011481961930223036,1,437.1771550320933
9216,0.007603470078639059,1,437.31487768959033
9217,0.0074187199802083475,1,437.2419327063684
9218,0.010928696247848058,1,437.30468632690037
9219,0.009490819023547302,1,437.55657973184486
9220,0.007186185499999267,1,437.29023493414115
9221,0.008552026672385844,1,437.25038166156475
9222,0.007036682076498999,1,437.40825294569777
9223,0.006921326811354683,1,437.2372074938768
9224,0.007170891276776388,1,437.34834659187237
9225,0.00821427660566846,1,437.53351105342546
9226,0.012024834944804974,1,437.8080766668913
9227,0.009234597849875336,1,437.4542236177529
9228,0.008445476157954213,1,437.52375534427506
9229,0.006397885724003116,1,437.20535493743466
9230,0.009644143543681816,1,437.4900207329936
9231,0.00877672308164506,1,437.34721756936915
9232,0.008698651885871133,1,437.57521235235214
9233,0.007707054007190854,1,437.4508087062622
9234,0.005230053214010146,1,437.0396081014456
9235,0.003922727497203728,1,436.85808151511367
9236,0.005935168592701275,1,437.1788405732126
9237,0.008096438783570156,1,437.2168518781678
9238,0.008144360114602501,1,437.3106954167499
9239,0.007351186153587464,1,437.15695232178865
9240,0.006068041790930639,1,437.0760683029015
9241,0.003997127957714631,1,436.9677586151656
9242,0.0041598083393067625,1,436.98734507443
9243,0.005412597211585837,1,437.1666133957639
9244,0.004661991771428056,1,436.90561351245196
9245,0.00796499503098744,1,437.2501333255762
9246,0.007447646497451467,1,437.169687097972
9247,0.006664172928229459,1,437.1477008583416
9248,0.0066534128307218,1,437.15706457220114
9249,0.0078004179584440165,1,437.2777099640832
9250,0.00621138114871882,1,437.2507418352267
9251,0.007841876888692463,1,437.4069888220035
9252,0.00719839540399795,1,437.32702750859875
9253,0.009572503863405682,1,437.47513160261997
9254,0.005241828034051334,1,437.09565083097493
9255,0.00917102804285074,1,437.54524302661974
9256,0.005506260413827219,1,437.20665057761533
9257,0.0058378531694549245,1,437.13091089983146
9258,0.007729402088285685,1,437.12386656369466
9259,0.0055183321725152164,1,437.08985262738895
9260,0.004954429256223253,1,436.9978515707673
9261,0.0047641225614940014,1,436.95008069541916
9262,0.006505484745322962,1,437.3107610878702
9263,0.008442356895564484,1,437.4261313558466
9264,0.006659549710986336,1,437.02398227743527
9265,0.007426603696850707,1,437.3062627023387
9266,0.007005005588225625,1,437.3262362484792
9267,0.00691821636961794,1,437.13746276159736
9268,0.006815698308768748,1,437.25858299802553
9269,0.009436181115958245,1,437.53766944232166
9270,0.005971290759967163,1,437.2549569523278
9271,0.007937879922547375,1,437.40031991132815
9272,0.005836338637273028,1,437.06477010485435
9273,0.0036900990265254638,1,436.9138675664066
9274,0.0055720458621579564,1,437.0956004677088
9275,0.004666164795829111,1,437.0516167482357
9276,0.00535835748903731,1,437.06009525868495
9277,0.005994499351411896,1,437.26878334303353
9278,0.0077081715894798805,1,437.51604114943507
9279,0.009533079638196176,1,437.4233169919278
9280,0.008595206267401451,1,437.3181999336007
9281,0.004720975613305935,1,437.03743646146575
9282,0.006071748016771665,1,437.210175013024
9283,0.008113975615752058,1,437.3263219672139
9284,0.005850964147913478,1,437.27835224187066
9285,0.007366517390418188,1,437.3257105025486
9286,0.005134903922652055,1,437.060132020986
9287,0.0039363883922389625,1,436.87538443371494
9288,0.004113443969213726,1,436.94899567639817
9289,0.00410566311426032,1,436.9586722308362
9290,0.005112695594164365,1,437.07630070740964
9291,0.004268215294205965,1,436.99326840363807
9292,0.005134477868852161,1,436.8617536287414
9293,0.005706115326511585,1,437.12895991772643
9294,0.003107001599758748,1,436.8178882395261
9295,0.005199679410567606,1,437.07132417288204
9296,0.004225725750279443,1,436.98073114201685
9297,0.0046257417936583405,1,436.943437159303
9298,0.00577832130190168,1,437.2665506874213
9299,0.0050990191205658435,1,437.1289995933533
9300,0.007906182268371613,1,437.3568348748925
9301,0.0072443551347975334,1,437.30694162308833
9302,0.0055874494449909004,1,437.1532766052107
9303,0.005494992637235095,1,437.1444822785441
9304,0.0073760718027344645,1,437.4243410155451
9305,0.007090689799764011,1,437.3332828229721
9306,0.012346253363491289,1,437.66419258334054
9307,0.011276492836620813,1,437.57861758745616
9308,0.019849804747479678,1,438.00910744772796
9309,0.015222045526245578,1,438.0354912676273
9310,0.013851958141298392,1,437.81620609620137
9311,0.015055579502199615,1,437.80795675406205
9312,0.017720549879775595,1,438.1761622891042
9313,0.01250921647989177,1,437.5392217839382
9314,0.010057122076874552,1,437.3954139977694
9315,0.009160141547335026,1,437.2348408848898
9316,0.02119274802520889,1,436.70652245698045
9317,0.03833717755314408,1,417.8536660744786
9318,0.03236700013188195,1,436.2098768814021
9319,0.021532023381026822,1,437.1524453680243
9320,0.025907267643787008,1,437.3186501419549
9321,0.03309816881118873,1,431.60622930538983
9322,0.026352490515884622,1,436.20077525485624
9323,0.03793412907753761,1,433.4354439366506
9324,0.060134229110755055,1,419.6848584293393
9325,0.0366581710277916,1,430.8719053616396
9326,0.03716724188059263,1,432.1149662705187
9327,0.023147804373172192,1,434.9180721222765
9328,0.02382884505625962,1,431.30366375552546
9329,0.024112859465839753,1,432.9028471312745
9330,0.00869349350133587,1,436.5927580431465
9331,0.00768625143381354,1,437.2458184045798
9332,0.006596909605466995,1,437.2772360420432
9333,0.009853468842402988,1,437.44255651429347
9334,0.005026048375725996,1,436.99022530955455
9335,0.005930720769234932,1,437.07309887596847
9336,0.013774088317685724,1,436.35553896375956
9337,0.011965359791000605,1,437.5436885931058
9338,0.03594618242845303,1,427.7355591835023
9339,0.04276728137766008,1,428.11852769048903
9340,0.06429261642043753,1,394.60744782804557
9341,0.05557574823628138,1,408.45339997245475
9342,0.06463535117581186,1,400.2722666124679
9343,0.03256054578880806,1,435.78922300419066
9344,0.03144614609382728,1,435.8506948861229
9345,0.023222332885697517,1,435.609138285553
9346,0.023909351947932755,1,437.885420747331
9347,0.018712759202448165,1,437.6940296941377
9348,0.01814183406779733,1,437.57433907282785
9349,0.011014702399065114,1,437.2913209538436
9350,0.009886309401566143,1,437.4831708848145
9351,0.006447217106998489,1,437.2422694531057
9352,0.006679911607390008,1,436.7745381264199
9353,0.009765990228577104,1,437.6721947746313
9354,0.010144642109326406,1,436.9615543684667
9355,0.007641801637864158,1,437.04339906953334
9356,0.006763989453301333,1,437.22292464600537
9357,0.004865593938989587,1,437.12000208547323
9358,0.00732856855054209,1,437.12529818134163
9359,0.008364048537707926,1,437.1407284159763
9360,0.008360161430374075,1,437.16512692213405
9361,0.007518330413465668,1,437.34688199366957
9362,0.005834865268789547,1,436.8341806880356
9363,0.007462066397383322,1,436.9030573744168
9364,0.008063138336817894,1,437.1677864764913
9365,0.00825466105830659,1,436.94119470704305
9366,0.007131481379218625,1,437.21595880130354
9367,0.008556136781032704,1,437.2694498290808
9368,0.005554927373123455,1,437.21103807446696
9369,0.005253273000161637,1,437.1840753059139
9370,0.012854869875029587,1,437.56870008176816
9371,0.009554753648130935,1,437.42301511286536
9372,0.02992809831153342,1,434.25510020068396
9373,0.032485240150488405,1,432.5949879315412
9374,0.020575649802970424,1,437.33677256830885
9375,0.010078018162236383,1,437.4591834199054
9376,0.01643612973199679,1,436.9710300223742
9377,0.009195670042084643,1,437.1962352072136
9378,0.009086298829772996,1,437.534581531065
9379,0.012178068031356,1,437.5151369688911
9380,0.010654350092762308,1,437.44967282576215
9381,0.009244714594778883,1,437.36795690763734
9382,0.008306285306077469,1,437.0098747590973
9383,0.012757409603157537,1,437.38541300828587
9384,0.007165453649054154,1,437.3232651367696
9385,0.0077999994726198115,1,437.2499811615065
9386,0.004392490692209257,1,436.88199307134573
9387,0.004667196333623786,1,436.865310124852
9388,0.004740620264966008,1,437.0460994713759
9389,0.008433485819345443,1,437.4103998865067
9390,0.005772842301216106,1,437.23459983703395
9391,0.003739214500614286,1,436.8587766700971
9392,0.005222566103899512,1,436.90751994468775
9393,0.007962823624095035,1,437.4210996488511
9394,0.006052831204156237,1,437.13814630645606
9395,0.009332217333600472,1,437.53597206137755
9396,0.00929950773228892,1,437.5938838827064
9397,0.008922366334882175,1,437.5625018385136
9398,0.009446318770660092,1,437.50189729813735
9399,0.010285662894512175,1,437.6507536742334
9400,0.019711969551641385,1,438.0544466584815
9401,0.013698104520532063,1,438.0005697410596
9402,0.012819282161521176,1,437.97516583289115
9403,0.011780905116609511,1,437.6856991137512
9404,0.009585920797029527,1,437.48967613259043
9405,0.01020704079454354,1,437.6671506654062
9406,0.009273607487287904,1,437.06430099035236
9407,0.00857645578213628,1,437.34590556228824
9408,0.014943872595696794,1,437.42464973146986
9409,0.01848127783670644,1,436.0139517098714
9410,0.010664573146663156,1,437.2691866101587
9411,0.00540258994077347,1,437.01555982966994
9412,0.0061202726181499205,1,436.96975331341366
9413,0.004870767885769777,1,436.8654286236285
9414,0.005106636368281681,1,437.0968272830021
9415,0.0038691361791460604,1,436.8940093041756
9416,0.0038386301429382463,1,436.64514003062914
9417,0.00518894284948959,1,437.08150255523344
9418,0.005404231556137861,1,437.1479275688303
9419,0.004723695085328926,1,437.0320034667349
9420,0.0046168448437012375,1,436.9768854682443
9421,0.007245979446167174,1,437.0408340910701
9422,0.00842529784897396,1,437.31929457181
9423,0.005649575248544371,1,436.9370597737665
9424,0.006397561640076266,1,437.14073484954434
9425,0.008212069258182355,1,437.393835430929
9426,0.0095678272869831,1,437.2551881076282
9427,0.006378797463362228,1,437.2805250811261
9428,0.008300589652333426,1,437.53858250445273
9429,0.009192788568129648,1,437.40332352727154
9430,0.0046786006532734984,1,437.0431173957502
9431,0.007632804381812451,1,437.24960169690115
9432,0.005095755938228944,1,437.05855656712083
9433,0.0050756140990313985,1,437.0442508530275
9434,0.005007535938126234,1,436.8781638225355
9435,0.008229773425955312,1,437.4516250781515
9436,0.010539974015237739,1,437.46670290083347
9437,0.007744056063175314,1,437.37343874705095
9438,0.007449646467050498,1,437.3344542141573
9439,0.006541658114071335,1,437.3029024346117
9440,0.00822650496781609,1,437.45764567166464
9441,0.010886387812630544,1,437.8343224522739
9442,0.00907432342321404,1,437.44596479045185
9443,0.00805496870167065,1,437.36093700105846
9444,0.014668847814898512,1,436.2646891978413
9445,0.012130034565412824,1,437.63872762640614
9446,0.017052196413468227,1,435.7010109369423
9447,0.02496972418428162,1,422.07596096614867
9448,0.030430630485972658,1,427.93647759614845
9449,0.025394203327021674,1,427.31632491604466
9450,0.02367175983415654,1,425.5442175324947
9451,0.014981432302992861,1,435.12815393953
9452,0.019913291526350057,1,434.7067824803727
9453,0.015181268103768852,1,432.48808659204565
9454,0.006149619984502696,1,437.02893791872424
9455,0.004690983440247496,1,436.8955920620034
9456,0.005391389707932344,1,437.0218120875962
9457,0.00559623751604649,1,437.0758807308318
9458,0.008327881003372633,1,437.27513569206087
9459,0.0064440630116057865,1,437.19821851158616
9460,0.008036131148905685,1,437.1994415531731
9461,0.008063540905467709,1,437.4096402711566
9462,0.005904785487566913,1,437.1716146791923
9463,0.006255265731950773,1,437.3057698368294
9464,0.006677130908570599,1,437.36108379404425
9465,0.005579218104618096,1,436.81745312891326
9466,0.005591731380428117,1,437.09356382477773
9467,0.0070868227900525,1,437.38205857358906
9468,0.007684750060848373,1,437.3148915289426
9469,0.006058042514707595,1,437.1727178078347
9470,0.005648582814438108,1,437.2544193070307
9471,0.006928580397400628,1,437.3574298822351
9472,0.009735819599825708,1,437.4217869973381
9473,0.00890109417988758,1,437.58039746551424
9474,0.010211761975086974,1,437.64858424640795
9475,0.008294004143468026,1,437.5969031152741
9476,0.006323781859170078,1,437.16134337693325
9477,0.01259662675914734,1,438.03811608067923
9478,0.014201397072155545,1,437.75383604576234
9479,0.014420371520984281,1,437.84346315368407
9480,0.013754959200734617,1,436.8365479003434
9481,0.02588520831038615,1,436.94232144323126
9482,0.02392471808704716,1,437.66284633076083
9483,0.01677999429531348,1,437.0929693347689
9484,0.016326246366837247,1,438.19699576291197
9485,0.017596615125258983,1,438.1031557593053
9486,0.012106740165465566,1,437.7913624637992
9487,0.012882462293080236,1,437.94335174598785
9488,0.007907001060518748,1,436.86123607509217
9489,0.010797510822547842,1,437.4686359241897
9490,0.026983021612471052,1,433.939656850074
9491,0.023027915207830516,1,435.44617249399164
9492,0.010626662892751914,1,437.72842160061003
9493,0.011375150315653022,1,437.8072413679771
9494,0.01416852868427174,1,437.42088036638376
9495,0.009666151735873851,1,437.2242254048927
9496,0.012042517665006677,1,437.11255097693095
9497,0.007704664955501774,1,437.10203086958046
9498,0.01194974597544889,1,437.2405045659788
9499,0.00854170444080781,1,437.3853078109207
9500,0.007492971874451847,1,437.3061927410126
9501,0.008312032663210294,1,437.1935616017746
9502,0.011426507792449954,1,437.50091695018546
9503,0.005608439460570694,1,437.1661732622712
9504,0.007234987536706518,1,437.01733057715813
9505,0.006387058101761357,1,437.180928167067
9506,0.006718137216714514,1,437.33588421266353
9507,0.004991955091398913,1,436.9642008321535
9508,0.00872898745643164,1,437.32437725593115
9509,0.011290664711765649,1,437.6156087353127
9510,0.008922203687903509,1,437.3912273442821
9511,0.00654457684972174,1,437.17816602830476
9512,0.018407434195018845,1,436.5962787668618
9513,0.015040428301933468,1,437.1237500569408
9514,0.01507168249011162,1,435.883697266567
9515,0.022277511748452345,1,436.9833033316845
9516,0.027708098208920885,1,436.1542407338379
9517,0.030505769957047294,1,437.58885322969144
9518,0.029205187289220638,1,434.78584251349605
9519,0.017830199241494357,1,437.5319750804412
9520,0.02308073698339085,1,437.1752810909637
9521,0.02937558402648897,1,432.4609820178138
9522,0.025075427951816026,1,434.36815526711416
9523,0.016050848577581465,1,436.8643729483258
9524,0.008956672672547702,1,437.31587020961234
9525,0.008378760047310996,1,437.4563667067056
9526,0.003783744873336862,1,436.8967722117153
9527,0.004781003937660361,1,436.9789328722628
9528,0.007629096112056893,1,437.40394090273014
9529,0.0075580701165053115,1,437.44613049899453
9530,0.008593814481556977,1,437.26887740606804
9531,0.0074114083284710225,1,437.0851384379068
9532,0.007778809571106666,1,437.3723789041346
9533,0.00873588336063367,1,437.52587556399317
9534,0.006268329851227313,1,437.07003016617284
9535,0.008575287070236115,1,437.38644466396903
9536,0.012428518441771294,1,437.63843675849216
9537,0.009482298294032753,1,437.374276368217
9538,0.0071856369758314855,1,437.3381489957355
9539,0.005230149149358156,1,437.18038517120806
9540,0.005783346060510419,1,437.1774675020773
9541,0.00640899580185193,1,437.10150948299275
9542,0.00662306035692018,1,437.24739772947385
9543,0.008314950740828,1,437.39971416719055
9544,0.009850184436309977,1,437.41021631949906
9545,0.006031083634932775,1,437.08750771468897
9546,0.003926921203970748,1,436.73827425288266
9547,0.005579370969306284,1,437.01931079226256
9548,0.006429795374006707,1,437.2163085512533
9549,0.005537229480521863,1,437.0297534410677
9550,0.006912227979648225,1,437.02368545167855
9551,0.004129921263365202,1,436.86951298781645
9552,0.004661219492110769,1,436.96806871317125
9553,0.006465204176406651,1,437.287422661837
9554,0.008149192529861559,1,437.47331906612516
9555,0.01398284059604603,1,437.42763587952174
9556,0.015873716537694933,1,437.59995954458105
9557,0.04281515781666301,1,420.61714941487793
9558,0.08288865798253857,1,346.6249205917268
9559,0.03647961928096338,1,427.7965269871678
9560,0.023180207319531403,1,437.53309342320057
9561,0.03137043185060397,1,431.4459810506599
9562,0.017146651357917587,1,438.00233185810504
9563,0.018090844636687375,1,437.8490141321299
9564,0.012142635218530902,1,437.6366060629707
9565,0.010196486758888512,1,437.292287238839
9566,0.009121918969785456,1,437.1553656754014
9567,0.009192359220667837,1,437.3252439457222
9568,0.01046724197290157,1,437.10154733849856
9569,0.00520932819293257,1,437.103706649697
9570,0.0050262360447277206,1,436.98972168187504
9571,0.005389232781196611,1,437.05161915938356
9572,0.006659772611851369,1,437.1951384457487
9573,0.006632132574470055,1,437.08523687883127
9574,0.010987658588131971,1,437.4545177701956
9575,0.008227216879572887,1,437.4015852444622
9576,0.007719827999242543,1,437.347946583818
9577,0.007847884008751476,1,437.25068243320607
9578,0.012424853432614676,1,437.6616501754
9579,0.008215773363688773,1,437.4086407266096
9580,0.007230656400355248,1,437.2272199828239
9581,0.006586636317227917,1,437.29454218068224
9582,0.0063147263467370415,1,437.2315835554496
9583,0.007323181807905336,1,437.13306743592614
9584,0.008227921369697857,1,437.4898989882952
9585,0.009360681782682961,1,437.29129593627937
9586,0.014901519661844323,1,437.73093394247803
9587,0.010313174087097568,1,437.4565757569861
9588,0.005390833079703043,1,437.00107403503944
9589,0.005571020919773609,1,437.05455199023595
9590,0.006647582373996029,1,436.88596350831784
9591,0.007635225206811036,1,437.3527788459882
9592,0.006813324495035135,1,437.28992417375264
9593,0.00427033291117314,1,436.92087362293086
9594,0.005338737201500037,1,437.0183451511315
9595,0.005199138174132515,1,437.04892865574317
9596,0.008004914839009511,1,437.1646167536239
9597,0.0061279335187165536,1,437.0921857633966
9598,0.007839030733572469,1,437.38587600489353
9599,0.0046696579976705605,1,436.9911908340942
9600,0.00715006330759028,1,437.380008030311
9601,0.004799141808105445,1,436.91253071102153
9602,0.006650725881302644,1,437.26891078957067
9603,0.010004263855803561,1,437.453129695619
9604,0.009011050663186318,1,437.35491263250265
9605,0.007038552360447555,1,437.155956420317
9606,0.006813000399453638,1,436.99919576582914
9607,0.010053001370797161,1,437.58953576691295
9608,0.006560739482960633,1,437.22761920085026
9609,0.007305456001507007,1,437.38230786081925
9610,0.007841637820715836,1,437.459230385819
9611,0.0121936529569594,1,437.49088802634833
9612,0.010140745179287756,1,437.3234678366546
9613,0.015408976891929799,1,436.3552468598845
9614,0.015746660796923478,1,436.2648078488461
9615,0.01013694220589967,1,437.2463390155505
9616,0.007914890459570357,1,437.4276364361158
9617,0.010406114282212777,1,437.22907411849434
9618,0.009147090500329297,1,437.2417638494599
9619,0.008696937905659471,1,437.4063247571496
9620,0.00414285109662721,1,436.9128605485981
9621,0.004133305506444558,1,436.9002275324683
9622,0.0054057226048837646,1,437.21849339994156
9623,0.009429455336261877,1,437.54938507998213
9624,0.018114313958875423,1,436.5685155467959
9625,0.024904278244657296,1,437.546202091321
9626,0.021633096063652078,1,437.3713740566789
9627,0.027079261249567412,1,435.0186944206925
9628,0.019611348253396575,1,437.05624117598626
9629,0.016154195789305995,1,437.75610398258766
9630,0.021126672758886727,1,436.9394226811085
9631,0.019723633074962436,1,435.88702282919434
9632,0.021531390834349788,1,436.6199705172419
9633,0.014027796301259235,1,436.7948263485948
9634,0.014873501578232065,1,436.08165782746363
9635,0.012352838065903244,1,435.43456734652926
9636,0.019109751833968982,1,434.4513884718283
9637,0.010396456767248522,1,436.9956231806473
9638,0.009116347493418256,1,436.6912700841807
9639,0.010086927347875602,1,437.5177885451151
9640,0.0154706714554852,1,437.61102291986447
9641,0.011560678309267552,1,437.4352543094335
9642,0.00842306784399065,1,437.09822341176107
9643,0.00665119837832009,1,437.3466903256188
9644,0.006918301698547186,1,437.3036364810523
9645,0.006777777325892784,1,437.3147589416652
9646,0.007947661752173046,1,437.4057052297067
9647,0.005692436033414102,1,437.22497064760114
9648,0.009016340527509147,1,437.55920675953536
9649,0.006052106703446543,1,437.22517032359065
9650,0.005855457105853707,1,436.83267950437204
9651,0.0066118492037306525,1,437.1003756126032
9652,0.006125834395737895,1,437.1903145571175
9653,0.004909075608664702,1,436.96117077348555
9654,0.006929697641342476,1,437.21184623025005
9655,0.01387583899664103,1,437.5064822971168
9656,0.023955043466333478,1,434.41593565223934
9657,0.017665803133315745,1,435.6307293868502
9658,0.013785640641002402,1,433.31129088147964
9659,0.015384763022984778,1,435.38967689763194
9660,0.016213224516137915,1,434.89095653153896
9661,0.01910576095480318,1,434.5595272812687
9662,0.01717000713695459,1,433.7155630662552
9663,0.022165432993272043,1,436.86652113772186
9664,0.023293980775961783,1,436.67329676450413
9665,0.026386340072142356,1,437.17159270358144
9666,0.03449876169783482,1,434.6869405276474
9667,0.035370854237940834,1,437.4534397394145
9668,0.025884180810791167,1,437.1203556924883
9669,0.030077132079928376,1,436.0195584538981
9670,0.030118655824577435,1,436.55142879410977
9671,0.02168327852439968,1,437.6078441260576
9672,0.023003309222810037,1,435.11165762513366
9673,0.019481962147929115,1,435.3229012906052
9674,0.014565239323163157,1,437.044252879887
9675,0.012595345390983318,1,437.55683733924604
9676,0.008142155912974286,1,437.14605980825036
9677,0.0073137391328940635,1,437.2578571376782
9678,0.0054333501962510865,1,437.0196254040016
9679,0.006858636593981539,1,437.3146335891724
9680,0.011322617049497967,1,437.5512937676636
9681,0.029165399719161822,1,435.0526940877654
9682,0.029498588231307476,1,433.40476881208957
9683,0.024808361990089272,1,431.82332893485193
9684,0.02859272013667741,1,432.55950318794476
9685,0.0331276323639822,1,422.5723713022191
9686,0.03535906053473441,1,433.07163437241286
9687,0.027540702762730112,1,437.03611705678765
9688,0.020469864679066512,1,436.1324129981927
9689,0.019442772504261158,1,437.3063340418557
9690,0.015158071796803655,1,437.6981638872166
9691,0.012797615549557401,1,437.5494181310781
9692,0.010895180668617816,1,437.4462608853891
9693,0.008401994549932386,1,437.207886119592
9694,0.00903429345318115,1,437.14743235838955
9695,0.007512090983040379,1,437.0641099523089
9696,0.008778095249363472,1,437.1568970148185
9697,0.019526918499203454,1,436.44140869565535
9698,0.0137625313564475,1,437.4983232564277
9699,0.010990557827243138,1,437.630450645271
9700,0.016293802607237017,1,437.59938067010125
9701,0.023525254808179016,1,434.96878119719264
9702,0.02198639392187642,1,436.3160301890694
9703,0.018593968780225883,1,438.05856658592796
9704,0.01200594013467259,1,437.41461780012185
9705,0.03775316393753413,1,426.2024451356746
9706,0.03283498859126991,1,426.8689611435531
9707,0.0688682376510769,1,358.0756053712539
9708,0.09745361425423295,1,243.93026359875932
9709,0.10497445616575919,1,222.25692422814308
9710,0.09922198054594523,1,174.24075916150713
9711,0.09291801031761972,1,288.14526080996313
9712,0.09512711400084958,1,337.0132702523957
9713,0.06759170950668726,1,398.24703822218316
9714,0.03083244369358439,1,429.2794689001092
9715,0.02628912197429119,1,435.4011217290066
9716,0.01345539198943936,1,438.0169630092265
9717,0.01441141445402199,1,437.82785893113794
9718,0.011211195382816312,1,437.67194220695484
9719,0.011343215641970716,1,437.772894192077
9720,0.012337562271913733,1,437.6165536107838
9721,0.007397848894657699,1,437.1387337972349
9722,0.005984442015552123,1,437.093978438101
9723,0.004746023788555172,1,437.02443610738163
9724,0.007128343808813908,1,437.30306444182645
9725,0.008490861750560212,1,437.3711901881242
9726,0.008117135013070802,1,437.2280671690291
9727,0.00990811644421533,1,437.01173204385384
9728,0.009204270090559638,1,437.242393666459
9729,0.010600413124792648,1,437.5865807090556
9730,0.008169599347267398,1,437.25333414345414
9731,0.008437477345201557,1,437.33458186451475
9732,0.008485806242465675,1,437.1407199311298
9733,0.006238815447252945,1,437.2688520152765
9734,0.006042456805807713,1,437.28667179600825
9735,0.006068278164014834,1,437.20869080575335
9736,0.0062691215281145685,1,437.2331283666558
9737,0.007324888686116876,1,437.4089879396166
9738,0.005926677108298887,1,437.25808165804233
9739,0.007941872493847077,1,437.0817985621948
9740,0.008046651423512779,1,436.5649562589477
9741,0.008400997762757764,1,436.5062476821172
9742,0.007124847693502739,1,437.2319846011628
9743,0.007960873525537083,1,437.4173119944213
9744,0.013641226230509973,1,437.1540095172067
9745,0.016221672090063723,1,437.08298839101315
9746,0.010956642215649532,1,437.3143218575037
9747,0.013889475458911204,1,437.32633483788953
9748,0.012777030674934407,1,436.84467487128995
9749,0.016328742050234463,1,437.11549993444305
9750,0.011544797145482785,1,437.19352487532205
9751,0.018538576245451473,1,435.91754816974947
9752,0.01576148549269812,1,437.0045827738504
9753,0.01376053989585574,1,436.4534402509492
9754,0.013793856801780092,1,437.02813355532743
9755,0.013178647639083583,1,435.67972038989035
9756,0.0232570206339683,1,436.7293830081692
9757,0.022851167951969825,1,435.10167711680356
9758,0.016166710449089673,1,436.9786058232751
9759,0.016713671265843062,1,437.15856640499356
9760,0.013283431661092556,1,437.96063953773813
9761,0.017364925389632423,1,437.8310037791493
9762,0.01602187489211947,1,438.2463934990541
9763,0.016787264192061373,1,437.7690761071065
9764,0.025595998494811218,1,435.79500358068987
9765,0.01808798468989115,1,436.83618825985474
9766,0.017468908405703396,1,436.61013841720234
9767,0.016515861444044013,1,437.48484012102944
9768,0.029937244415560338,1,432.6027468213682
9769,0.019903113606556007,1,433.253165278999
9770,0.015501918277990436,1,434.12093052686805
9771,0.014230007146929013,1,435.1573190670425
9772,0.017011665311774594,1,435.37436270144224
9773,0.013220840525965885,1,434.577802808771
9774,0.012789498232391413,1,435.7814681540618
9775,0.014333873878277757,1,435.7313537647305
9776,0.012654426239657315,1,437.42734996968835
9777,0.00670600915420537,1,437.2219300170278
9778,0.009402219526827963,1,437.4527116547331
9779,0.009721856191511596,1,436.63703679969313
9780,0.014169973283657131,1,437.22747334723704
9781,0.011870857334641233,1,437.0057960981001
9782,0.014203681481639198,1,437.4167706865146
9783,0.009679317169997351,1,436.323760961894
9784,0.010640451491503607,1,437.57493381165756
9785,0.008788907087126586,1,437.3162828817501
9786,0.0063109724352983084,1,437.158663888091
9787,0.006416151127937204,1,436.8089400230467
9788,0.005774119738208587,1,437.14488153883116
9789,0.007383023640357358,1,437.2806492652682
9790,0.0111525114174422,1,437.22766041906914
9791,0.007546827594295737,1,437.09689521462593
9792,0.0072021116744591055,1,437.38984950462395
9793,0.008044050719509466,1,437.4553797055902
9794,0.016039970000717885,1,437.58664618719547
9795,0.02223817316149466,1,436.0589095344451
9796,0.035566088537742735,1,429.884564946028
9797,0.030501488394790832,1,434.2295675605268
9798,0.035784120412103056,1,436.52696091193104
9799,0.030557818556151473,1,436.9615932355583
9800,0.03090593983345827,1,434.0629105538635
9801,0.04137612665518694,1,434.1199343525525
9802,0.049611100174102245,1,434.7849103313272
9803,0.053031742068647456,1,424.0617081170838
9804,0.054139881402468726,1,422.2369881585403
9805,0.04865662140452903,1,409.7452599863381
9806,0.0383939452688825,1,416.29527695216063
9807,0.03753418503288535,1,419.58546351283553
9808,0.035681678735581916,1,421.58845678816465
9809,0.03612865402795056,1,410.78807138572625
9810,0.033437789165221714,1,419.23803972820906
9811,0.032036429540955855,1,427.69410684322844
9812,0.03494384873711385,1,431.62646062469986
9813,0.03215741814320604,1,432.9426308967492
9814,0.022241774878948396,1,437.26351887383896
9815,0.019770320332883656,1,438.1424303304755
9816,0.02704344559493945,1,434.3299136951557
9817,0.04546863036748144,1,394.42915210416544
9818,0.03899032969432651,1,408.8149152425356
9819,0.040543746102584675,1,385.3859288588909
9820,0.040200879703225785,1,397.7368328910128
9821,0.040305990911375364,1,394.05861406148495
9822,0.03874274660424254,1,392.99965597590864
9823,0.044872843704258265,1,403.2478094960037
9824,0.033906448653553106,1,415.64325128709334
9825,0.0254539083595114,1,437.093669769232
9826,0.006801915983763453,1,436.8605882822461
9827,0.00762510194177676,1,437.25882396687683
9828,0.007418359543031028,1,437.33044628111867
9829,0.00912713279823521,1,437.222258440319
9830,0.004249956555973059,1,436.86310811232056
9831,0.00807144963789844,1,437.1014972206537
9832,0.010130177625670029,1,437.35447822780554
9833,0.012841853614751533,1,437.33744300027166
9834,0.011927950957784959,1,437.6176621559153
9835,0.012483020397413589,1,437.3907219283101
9836,0.014713439396659502,1,437.47303654180416
9837,0.011010869063899245,1,436.73169954551923
9838,0.013556347726538515,1,437.31842897327545
9839,0.009927581950131015,1,437.44790074580976
9840,0.008152582986262097,1,437.2243493811397
9841,0.011189974158782843,1,437.244022527057
9842,0.014985289633721475,1,436.12962304521363
9843,0.011390075485430546,1,437.32610526223834
9844,0.009143764952014166,1,437.19793818009714
9845,0.008424328156025267,1,437.43204362582793
9846,0.0071568070682327895,1,437.33679693781875
9847,0.010118961768989096,1,437.09724700921663
9848,0.01616434118384429,1,436.6236995456311
9849,0.015454828242977512,1,436.9275250317233
9850,0.012423466228978186,1,436.5373534162818
9851,0.03856597151605877,1,432.2043145294716
9852,0.05611447848915576,1,368.3854605669615
9853,0.04023102247871302,1,406.3460657287952
9854,0.036557463047409804,1,416.12307512592497
9855,0.0434848661793102,1,409.9228259060832
9856,0.04093911564450315,1,426.5564210545703
9857,0.028090300280599934,1,433.62639354983054
9858,0.021610393868000895,1,436.75244304164465
9859,0.016142326850163872,1,436.9936057103278
9860,0.011702377163464643,1,437.5880191577719
9861,0.006880970700389939,1,437.3017145818807
9862,0.006922242128059515,1,437.1952396925935
9863,0.006954401261065578,1,437.3441463341841
9864,0.007027963420474295,1,437.3639168693745
9865,0.009947460656977884,1,437.37206425179966
9866,0.007842921864933553,1,437.3113627848308
9867,0.006060747109986207,1,437.14856707937867
9868,0.007123926323812335,1,437.2827750843629
9869,0.00809101800114826,1,437.5103999504057
9870,0.007928187407268463,1,437.495553574417
9871,0.009597316435269487,1,437.3367131263792
9872,0.009917105505649454,1,437.74477624655185
9873,0.014708319271065685,1,437.68381045020897
9874,0.010988441779667272,1,437.37491786534787
9875,0.013225496452618371,1,437.1267870997605
9876,0.01166263259187469,1,437.3870581069253
9877,0.005820290105727354,1,437.15618113167926
9878,0.009484932502775783,1,437.4916440420883
9879,0.012176422772259155,1,437.37529165401384
9880,0.012395802341525161,1,437.37546869756125
9881,0.015892996057401448,1,438.0541444569021
9882,0.010172751608433743,1,437.6102930692787
9883,0.018967549200163154,1,437.7250574017267
9884,0.013559579142844879,1,437.73525371194177
9885,0.009091684841526296,1,436.9998217472055
9886,0.008620827407082438,1,437.1612587723446
9887,0.008488215650567899,1,437.312914488361
9888,0.008484604973351318,1,437.45943327341473
9889,0.007400579202996089,1,436.9618089541685
9890,0.008378777717105544,1,437.17333972040274
9891,0.007245164302293644,1,437.12529881473955
9892,0.010492155045812784,1,437.4038441966656
9893,0.005913569071265099,1,437.08740499100566
9894,0.006000465286725535,1,437.1029888774203
9895,0.008440371036808,1,437.2741249028253
9896,0.007941957640049598,1,437.2443518710001
9897,0.005896142701849399,1,437.10322468162843
9898,0.007903801751208406,1,437.42144385250225
9899,0.009785360903010987,1,437.48296399697387
9900,0.01018056482686201,1,437.6531041817441
9901,0.007805400102221971,1,437.40621122332874
9902,0.010467908527936812,1,437.5864173659234
9903,0.014305128570120156,1,437.22186326625746
9904,0.015045959048780033,1,436.6365707839038
9905,0.011696053225830675,1,437.2638033388094
9906,0.005084286606202013,1,436.989305067424
9907,0.009487010227713836,1,437.37076487412213
9908,0.007177224003966119,1,437.2384702041728
9909,0.010869274454704137,1,437.3037789790677
9910,0.006984544949422309,1,437.1705636705351
9911,0.0077281293455395295,1,437.17320168859277
9912,0.011457349470130296,1,437.2310476893519
9913,0.009353717144845992,1,437.18041247212676
9914,0.006077793547109532,1,437.086203388313
9915,0.008506196414691278,1,437.3309341937708
9916,0.010282868578690613,1,437.5115018208877
9917,0.007135201704062608,1,437.3449566220232
9918,0.005868485219632051,1,437.1523270995412
9919,0.007386913710637823,1,437.34251068093783
9920,0.012645014965184729,1,437.58432539157417
9921,0.009002806294622285,1,437.420642730322
9922,0.008237920748563108,1,437.4364016717749
9923,0.03647437884952836,1,412.6683537121488
9924,0.04988539859967479,1,385.4430501279252
9925,0.05358538336465137,1,420.25715359048564
9926,0.07378741720071912,1,426.04084879757374
9927,0.0674359695073541,1,415.86010931775974
9928,0.06791159115810523,1,418.65737940643197
9929,0.0742502108443894,1,414.5405428897534
9930,0.07290831234375854,1,418.45586739328985
9931,0.0873552297191488,1,418.12982183395394
9932,0.08744130816537997,1,414.9899759888697
9933,0.07909760137477558,1,410.9510194562024
9934,0.10596123235567485,1,393.384216131787
9935,0.09645470732443752,1,402.80923137404176
9936,0.11427777679206373,1,328.5423694912737
9937,0.023045857162541285,1,437.3020144850028
9938,0.0295274985646589,1,433.72374347364837
9939,0.01369921406555566,1,437.48537923640924
9940,0.01077221657801465,1,437.06430868745326
9941,0.010368173997370186,1,437.65085525879743
9942,0.006015357983230092,1,437.12501903662974
9943,0.008376902279401223,1,437.47268778866083
9944,0.00872292020922405,1,437.3187744339216
9945,0.00804109867778847,1,436.9321567393293
9946,0.005330983374856794,1,437.0794767952251
9947,0.009293253063057772,1,437.32239199621046
9948,0.009791970687210048,1,437.32715601205274
9949,0.01168638593936874,1,436.85459633399705
9950,0.010500963904708324,1,436.9525907158299
9951,0.014970183043700281,1,435.87933076842694
9952,0.020403688360170813,1,436.403220407157
9953,0.019318670222628318,1,435.23297864396113
9954,0.02113041257164373,1,436.2949737739123
9955,0.022422977937977366,1,431.75461230337504
9956,0.017006459275452596,1,433.9397144609795
9957,0.016153715419645148,1,435.7621008598765
9958,0.019175992705233846,1,436.7040479875791
9959,0.017868153404538484,1,435.7561277287495
9960,0.016720357073051834,1,437.9161154505652
9961,0.015563974489831203,1,437.5091023253633
9962,0.025996751749982037,1,436.84695762943693
9963,0.019141077062172707,1,437.94194084689025
9964,0.03041774211701882,1,436.31138633338367
9965,0.0245426566698412,1,436.00165893116804
9966,0.021669493553848757,1,436.53672579214674
9967,0.04213634113991888,1,428.2826481708536
9968,0.02909170482964832,1,433.69257071965365
9969,0.01881915164673062,1,436.6607029368118
9970,0.024275528543856586,1,435.1477253314903
9971,0.026431575230241346,1,436.46919717478727
9972,0.024889485811035457,1,435.86935644939643
9973,0.026245984485575576,1,436.45104289163777
9974,0.03126904640927184,1,435.20484054187773
9975,0.021603994030923196,1,436.53882096567423
9976,0.015501750488074223,1,434.7937643354589
9977,0.0228841871700013,1,436.04265167984994
9978,0.017093565852256163,1,437.76297031752824
9979,0.014844859429302684,1,436.2405579137225
9980,0.014300224134007266,1,434.765636999749
9981,0.0162314049394199,1,437.30167438913855
9982,0.016659886578975956,1,436.3445563586248
9983,0.016506564172015455,1,436.2154965472341
9984,0.023071440496439898,1,437.09895296955636
9985,0.02360636717448894,1,437.56978780879194
9986,0.028080927791429757,1,435.82194860844874
9987,0.027429838393030568,1,437.38551193320507
9988,0.0258951540584714,1,436.5691296409608
9989,0.03295947950875437,1,431.2021790710623
9990,0.05795420668915594,1,428.481163407018
9991,0.03944363722496684,1,433.8362745471024
9992,0.029596590039324973,1,436.3449986519237
9993,0.031435779382745645,1,434.96831011404834
9994,0.03479144632689172,1,430.35718627884245
9995,0.04196946651641261,1,434.23874408385655
9996,0.029667700254900353,1,436.66280589576456
9997,0.033847210107337926,1,437.26249742157637
9998,0.04150800625747343,1,436.1164753235291
9999,0.05013842157445932,1,433.1047572460478
10000,0.03522125496944402,1,435.968746698976
10001,0.01768050357358465,1,436.0643041587709
10002,0.019141280408740694,1,434.8127400888513
10003,0.02504964405173359,1,435.53179795612033
10004,0.018948584053418614,1,435.71359559050376
10005,0.01805615400639115,1,435.42172937573383
10006,0.016648640841931326,1,437.0773455332565
10007,0.011468171977274136,1,437.4741825683803
10008,0.007905644492233046,1,437.4514951373358
10009,0.007209038721276882,1,437.35942256603823
10010,0.009812604874320115,1,437.5707880940222
10011,0.012091008160690734,1,437.42813855128134
10012,0.009958379398230088,1,437.5135925445361
10013,0.007272462320653128,1,437.3724853944199
10014,0.008184775405542664,1,437.38292848437555
10015,0.004858082903250736,1,437.07916288691985
10016,0.008369144994082364,1,437.22001050902446
10017,0.006821227652734469,1,437.1593691132324
10018,0.012655104097668067,1,437.4447771788524
10019,0.01139001469466049,1,437.2443607489752
10020,0.014774150254688718,1,437.4747704153533
10021,0.026311931475429182,1,434.9320935266194
10022,0.04620181024309845,1,427.3570310304639
10023,0.04131542224915889,1,430.0296038801314
10024,0.028369733990379703,1,435.7200556675278
10025,0.014582400662783683,1,437.4186225097401
10026,0.030316992236956053,1,436.0256812191354
10027,0.02153674911480144,1,437.5966755399855
10028,0.009682502411026113,1,437.51815035634854
10029,0.012990975292457064,1,437.32144369854734
10030,0.01008997762585383,1,437.65588736556657
10031,0.009645151398983592,1,437.2620846187044
10032,0.008564930320864658,1,437.3079869085152
10033,0.008851709826538604,1,437.4833285246965
10034,0.0055710857063307135,1,437.1702836126769
10035,0.011809081592602567,1,437.58544483701115
10036,0.017246515623089636,1,437.5222173578046
10037,0.018495944001370893,1,437.0566431091949
10038,0.015874558120859927,1,437.2829630959106
10039,0.024295425965963405,1,437.2644274615855
10040,0.023983439138541014,1,436.27472305607057
10041,0.02452297985765515,1,435.637833068716
10042,0.025793637874461234,1,436.7842097462652
10043,0.030805159094997786,1,431.96356972745184
10044,0.03583358881446448,1,433.1203466814216
10045,0.025824232291512015,1,433.3706588839436
10046,0.03576402051412909,1,427.4176037403641
10047,0.02680831538231492,1,431.56531236884723
10048,0.03564809146605985,1,434.06997921598565
10049,0.028556677277394832,1,432.8048814955872
10050,0.0237810664097502,1,434.84385958590605
10051,0.0233681139856981,1,432.10994708022486
10052,0.019696085338001434,1,434.3041588224443
10053,0.023307994584875615,1,433.2462624905611
10054,0.043592704274798826,1,424.82284915088445
10055,0.04531410432521591,1,422.7638770389109
10056,0.05100141806818491,1,422.82171234852603
10057,0.05129970460742767,1,426.4598203766269
10058,0.046606340741833195,1,423.4157503258203
10059,0.04370904486457787,1,426.85707801935473
10060,0.04121603187371465,1,430.29400336929143
10061,0.04835997380353713,1,428.05774623329773
10062,0.042145177637649515,1,427.19344805999555
10063,0.03707457083992051,1,436.5866516369613
10064,0.032298669166474794,1,434.91922226534984
10065,0.03865618499977801,1,433.10547203541773
10066,0.055406830878412194,1,419.7710316519363
10067,0.052432560972603966,1,429.0987266326587
10068,0.02872383287798671,1,433.79363540797624
10069,0.017901855565619244,1,437.9032832171905
10070,0.017220424428439483,1,438.0349377786928
10071,0.02784461099619624,1,434.96074350140725
10072,0.01965991323561851,1,436.6258925832331
10073,0.02849988719016975,1,434.58342957070784
10074,0.020115613937738724,1,437.74264219108005
10075,0.01506790916851365,1,436.9877496555673
10076,0.02161369332664955,1,438.1478373075622
10077,0.03397395209987757,1,432.25382797458764
10078,0.03620472246691181,1,429.2548455571531
10079,0.03221027502612405,1,432.3127221899698
10080,0.022759649652462476,1,436.669740689585
10081,0.038968443093801354,1,429.947738064949
10082,0.08254254236685954,1,385.2552009239495
10083,0.14639412278567537,1,303.79067502800035
10084,0.14691678215575443,1,298.33385981444405
10085,0.12044359300952308,1,359.1062596744671
10086,0.13088729844307742,1,353.10637213588655
10087,0.16639104972581972,1,226.65137083497575
10088,0.14258895847618525,1,299.86613617098345
10089,0.12246879442819354,1,345.69063139834776
10090,0.1295715416151262,1,331.44346853919046
10091,0.07710840689617857,1,399.794868666752
10092,0.044178940649400866,1,407.7490272363706
10093,0.036955610314644456,1,431.285163854194
10094,0.039689791604467825,1,434.22528712394063
10095,0.03786774653416984,1,430.0220599132708
10096,0.024662110333876382,1,437.0312285861755
10097,0.022265744678127076,1,434.834231287846
10098,0.023089413936160985,1,435.63322900390295
10099,0.019776338925470573,1,435.7323779303026
10100,0.0202288356893239,1,436.95463505640976
10101,0.012373476787622349,1,437.50483417863165
10102,0.014166646535123211,1,437.3602756149198
10103,0.013359258074098617,1,437.21201872702557
10104,0.009871421472984485,1,437.5493719837002
10105,0.011196528999216613,1,437.6109935184663
10106,0.010675597583878657,1,437.24948378809853
10107,0.013906863843122255,1,437.5756873857587
10108,0.009968870433979994,1,437.49669800617085
10109,0.015390437155687733,1,437.4857305870164
10110,0.009523915884784077,1,437.3292082920251
10111,0.009381212567929256,1,437.5048258875068
10112,0.012195509946510339,1,437.5421369575157
10113,0.012095635545411852,1,437.46886128813645
10114,0.01122573563344326,1,437.5134764951703
10115,0.008791406878063752,1,437.57472001166735
10116,0.008923274550895867,1,437.47730748281094
10117,0.006717203408157985,1,437.2299183232191
10118,0.007835945146936505,1,437.3587481644702
10119,0.007416216672868818,1,437.2837874198608
10120,0.006053781954097496,1,437.27051572956105
10121,0.005239476664771624,1,437.1349546283928
10122,0.008827988084789646,1,437.56687804486955
10123,0.010198128911749382,1,437.748491334199
10124,0.007565280935768712,1,437.42705230000405
10125,0.008989298455535992,1,437.257301741422
10126,0.008425948881943727,1,437.4511161144813
10127,0.008204727863625175,1,437.4429318655569
10128,0.008908279115256424,1,437.4936105077427
10129,0.009812902866060106,1,437.47656083412517
10130,0.007843679573242553,1,437.2157171290517
10131,0.010620722205484458,1,437.2984953071048
10132,0.007116556628845104,1,437.3265633830074
10133,0.007146163066000673,1,437.30951828122596
10134,0.007787216821691944,1,437.4802104962925
10135,0.009217087211222738,1,437.583377586502
10136,0.009043184823832151,1,437.4694417888574
10137,0.008310932471781817,1,437.36902564916943
10138,0.004492911311040934,1,437.02673608393695
10139,0.005736735000203253,1,437.2042569957466
10140,0.007270427261707704,1,436.9421008768202
10141,0.009029164163328603,1,437.2823924245521
10142,0.011995464767223494,1,437.71754980000105
10143,0.010801317844065367,1,437.7260832275468
10144,0.0071166671296535354,1,437.2932185781341
10145,0.006349215091845559,1,437.04933525269297
10146,0.00684269677762976,1,437.2259912711663
10147,0.010950911543685203,1,437.5477254137175
10148,0.012530007278084874,1,437.6433844994503
10149,0.011013943158063219,1,437.52063895571854
10150,0.0074961737486602615,1,437.195368293905
10151,0.009450389631546713,1,437.1612180399773
10152,0.010118850477947198,1,437.4538226709046
10153,0.012037784189163622,1,437.5273008202301
10154,0.009566626922095861,1,437.5676307144249
10155,0.00976960131350928,1,437.4327391796049
10156,0.008642596273485655,1,437.3557350520349
10157,0.008482497644259785,1,437.37301831907564
10158,0.00888748588032397,1,437.6016751622474
10159,0.010412480270947199,1,437.61903967750675
10160,0.007619112962484471,1,437.3904273843037
10161,0.007760117495309127,1,437.50031060897163
10162,0.005102318815204834,1,437.1211274316348
10163,0.007115190203256525,1,437.40887115151367
10164,0.005673694325662236,1,437.00944026722533
10165,0.005528669772450049,1,437.1312103434858
10166,0.004997790156641703,1,437.01817763442546
10167,0.01029683904913373,1,437.69557900652416
10168,0.009468867107114776,1,437.42786080573484
10169,0.008040818833851188,1,437.27681306349785
10170,0.006090479346001589,1,437.0205373350631
10171,0.009898150029595735,1,437.62420303466865
10172,0.007537051225144371,1,437.3161677158768
10173,0.008958868186721758,1,437.3455120185913
10174,0.010512826341859311,1,437.59387959320406
10175,0.010941876427567583,1,437.7376732706078
10176,0.009337375379829982,1,437.42411216897483
10177,0.009158384904040098,1,437.47861510230257
10178,0.01100939085727851,1,435.3915512358336
10179,0.01878132002965211,1,432.147634888306
10180,0.02732842594583531,1,431.60598790435836
10181,0.04019840607783347,1,424.4371294083438
10182,0.055581698158824085,1,390.5736460089099
10183,0.06214402052694552,1,428.48591473434095
10184,0.11198231542879063,1,218.6479506530458
10185,0.3629929424248998,-1,-4628.114618980441
10186,0.173275812198343,-1,-361.6282753038047
10187,0.18591769287056176,-1,-824.9117314496634
10188,0.29375259881455984,-1,-3376.3579367513103
10189,0.19199706959682028,-1,-538.8423220066937
10190,0.08663737177791749,1,411.7127569118573
10191,0.12499848366426466,1,106.55946930506565
10192,0.07255004989275829,1,413.427399874387
10193,0.11673905308294297,1,326.50232035585987
10194,0.07278735881265079,1,415.27890727065704
10195,0.04474957862205386,1,430.2395580558536
10196,0.06602563342959837,1,399.5717694429863
10197,0.04766894297561695,1,426.45423829067573
10198,0.04353270527236625,1,428.0660450725655
10199,0.036564950695372814,1,415.25437762891437
10200,0.06628829798067386,1,397.82009061438714
10201,0.09527590526179718,1,367.96527123390865
10202,0.07249297000625833,1,386.9079919744353
10203,0.0720376927727389,1,299.8976378451734
10204,0.036294308567346265,1,359.4416517017452
10205,0.040336034054967225,1,416.2438405826001
10206,0.06452963825963536,1,423.2052302628258
10207,0.06780572162755537,1,405.9471065585853
10208,0.08257121286820313,1,369.64806380565676
10209,0.056024605828180994,1,355.93359243012736
10210,0.05702897243711859,1,407.44128539571875
10211,0.06019077109784086,1,396.42398830733913
10212,0.09177893330488619,1,389.44820809351694
10213,0.08771407576224939,1,318.723436364496
10214,0.08234459236143465,1,387.2876851630617
10215,0.2752226568252165,-1,-105.04231017217217
10216,0.2505720133764639,-1,-534.0348243486634
10217,0.1023680284436077,1,339.40289284713674
10218,0.10972041459833408,1,403.66910791351074
10219,0.10439338854073264,1,378.92758180012953
10220,0.0721114256825572,1,395.93454379779513
10221,0.11025595490808968,1,350.948132919556
10222,0.06893789601440402,1,402.3760975246484
10223,0.06857496494551323,1,413.9246836659726
10224,0.06456818016528527,1,398.7360236407872
10225,0.061265948651344826,1,385.45967957926763
10226,0.09472210512601038,1,386.14328418936
10227,0.08438890704408665,1,378.55356842775467
10228,0.07513146488338426,1,403.2491229668427
10229,0.0602802533399876,1,371.6845660734142
10230,0.06215327200912798,1,413.97868510660743
10231,0.03607964381952644,1,435.5382185225958
10232,0.04536997467187802,1,430.5285711502594
10233,0.02417015923503745,1,437.892147788546
10234,0.01848411948535546,1,438.34051312048683
10235,0.00712003335837145,1,437.39170214656923
10236,0.00881866809650374,1,437.29240601346885
10237,0.01187189682363549,1,437.2280727013847
10238,0.020575873300269172,1,436.87833777966705
10239,0.04127521321343234,1,432.88485793022477
10240,0.052738696912307356,1,427.8946467725938
10241,0.04546644266309489,1,426.3159420957774
10242,0.056250897525790836,1,415.4433670537095
10243,0.07556505085086096,1,375.1698449532487
10244,0.05803024928552685,1,420.26209851997265
10245,0.05769687911349652,1,425.2442521069139
10246,0.07038110416929981,1,409.79310753422413
10247,0.04134440884603692,1,423.1869774060124
10248,0.046730405203441856,1,425.6642251067466
10249,0.07839479470030108,1,380.1026391070817
10250,0.05619379411099549,1,418.1757897570661
10251,0.07058656829355074,1,421.18430283404433
10252,0.03184328231500929,1,430.10738710153447
10253,0.04573853792819004,1,426.41476383069147
10254,0.049591519598419724,1,430.4193126775301
10255,0.04496023215162159,1,430.11879655597664
10256,0.01595987631276551,1,437.2101593393297
10257,0.018846904284420644,1,437.09794496180865
10258,0.015476099525129126,1,436.6567111547279
10259,0.015114673709992579,1,436.9666997621483
10260,0.017293210152831827,1,436.4823042651335
10261,0.012070438286942322,1,437.0724145171338
10262,0.010548421880876374,1,437.7872333586785
10263,0.010118904996597424,1,437.7521764269297
10264,0.009842434481630646,1,437.42402395956697
10265,0.009048675850526421,1,437.21149067068075
10266,0.018489949907115832,1,435.75898778054136
10267,0.021833042234279336,1,437.99933143792896
10268,0.02084788526503185,1,437.680301423066
10269,0.017653359189795263,1,438.04618363192924
10270,0.01705239175188978,1,437.81471749080924
10271,0.010927730835756393,1,437.1569760079994
10272,0.012689535409122718,1,437.6018775109281
10273,0.011920196251499914,1,437.4007538766187
10274,0.009076026358801908,1,437.5680660750247
10275,0.006869685086752152,1,437.22737608059253
10276,0.004323116574554969,1,436.9168166142455
10277,0.005461038889556641,1,437.16434006978807
10278,0.007933044945038378,1,436.3084535557658
10279,0.007447566956381467,1,436.5538817812335
10280,0.007639771254766859,1,437.01805308592304
10281,0.009950659823334028,1,437.38577370191075
10282,0.008933668165314202,1,437.21248604518365
10283,0.008221147173140955,1,437.38435131650755
10284,0.008952095158889162,1,437.47656295185516
10285,0.007315432728413287,1,437.3993706617155
10286,0.008891567533803643,1,437.1569510521489
10287,0.00738952322803447,1,437.26986779166936
10288,0.0052816899757969615,1,437.15989221752795
10289,0.00401963231578075,1,436.9316766469552
10290,0.006046204591426163,1,437.12289061739557
10291,0.007623370494786207,1,437.2020403999095
10292,0.009534250827313979,1,437.4602492213051
10293,0.008274619789140089,1,437.18582177358576
10294,0.011557778872800255,1,437.3539941143712
10295,0.009278122500100799,1,437.45690471725965
10296,0.01033611167788065,1,437.5829918168752
10297,0.010515981672047982,1,437.5754761446401
10298,0.010022434006635963,1,437.5393597166382
10299,0.008243445696427463,1,436.8534965315075
10300,0.009239145463686555,1,437.5024234003189
10301,0.0077078002086809665,1,437.5107676216569
10302,0.007505135395972582,1,437.42219405550145
10303,0.007833962717929244,1,437.4215301540896
10304,0.010988623865472875,1,437.3424414092697
10305,0.014689686658008336,1,437.5289071172572
10306,0.04393143524035422,1,420.7074292632088
10307,0.06532282542992378,1,351.8138977058759
10308,0.11735757857382433,1,293.4416459451832
10309,0.07851400411053332,1,403.68428715894765
10310,0.047241929472556336,1,429.6750849060951
10311,0.05214092852392963,1,415.731759994974
10312,0.062276763627235644,1,410.1410608416351
10313,0.0742811281313451,1,382.09029815379233
10314,0.06617158576624821,1,383.4428959533209
10315,0.08642490939850658,1,406.0149974704616
10316,0.07537784752478857,1,387.24630506329373
10317,0.08421760229604511,1,361.96048199680774
10318,0.07485637073678818,1,377.9692737419306
10319,0.09848639054573682,1,333.44651247999724
10320,0.06850118035548577,1,372.71260867018424
10321,0.04915171056181438,1,392.0775891239507
10322,0.05785035944203152,1,363.39575447435396
10323,0.07411885799873305,1,357.86402287491114
10324,0.07952957061033954,1,329.36452249673255
10325,0.08490057607187841,1,354.3338539743479
10326,0.07214027560038605,1,353.4816494060646
10327,0.06319818170096632,1,375.95480639641914
10328,0.054202038305087075,1,380.04840205493076
10329,0.04386739748659909,1,410.5248250168563
10330,0.03852944688046484,1,407.09372657388593
10331,0.03947496744566039,1,425.0692192522898
10332,0.023059247734948402,1,436.2212888343276
10333,0.005237035142419909,1,437.18771490409597
10334,0.005708711700558896,1,437.1978632553083
10335,0.007460075701671613,1,437.4512773718829
10336,0.00870347816471675,1,437.5113069266687
10337,0.006975124449905007,1,437.4099025227588
10338,0.008579713221395472,1,437.5077846496383
10339,0.007820589597588612,1,437.23290126761435
10340,0.007762837647358183,1,437.14694285690274
10341,0.00828251189579997,1,437.27575694468004
10342,0.007546087594237957,1,437.0996166443705
10343,0.007198075984225475,1,437.29062172644274
10344,0.008319753384779945,1,437.18879941123333
10345,0.00951039446655141,1,436.94431887577525
10346,0.013367372749650922,1,437.4890523870329
10347,0.01791498650758132,1,437.7441435113293
10348,0.022808539676444257,1,436.7796014063001
10349,0.029266388544071622,1,435.65629393160185
10350,0.019377478608189495,1,437.10175608281025
10351,0.01785034350266505,1,437.3066467475058
10352,0.015416595802896572,1,437.3798362309378
10353,0.012360647553023131,1,437.36006778754523
10354,0.014055284864793393,1,437.66536041509113
10355,0.013921724078235847,1,437.9296662988956
10356,0.007520741252969574,1,437.330540301491
10357,0.008691475103057284,1,437.1187931001561
10358,0.01123083044770049,1,437.0839436570843
10359,0.016728789304528313,1,437.29188225200016
10360,0.028394422850341,1,435.87471936329496
10361,0.039529828474112676,1,428.7544970272253
10362,0.043489543925484646,1,424.97501964667583
10363,0.0335174593679179,1,433.78361213346295
10364,0.01583335387009612,1,437.5597433824933
10365,0.017581617506769887,1,437.9973985047386
10366,0.017464214620171874,1,436.9814552146949
10367,0.00814855773910402,1,437.5066769350542
10368,0.011672484435121403,1,437.6065356298866
10369,0.021996337917909066,1,436.5936462043303
10370,0.020116467572077808,1,437.52765571838495
10371,0.030899843295337393,1,434.1488089391522
10372,0.041460585889562585,1,426.6556269822387
10373,0.025043842397086735,1,435.834289402711
10374,0.03723031867664164,1,429.76113716057296
10375,0.02738266386498936,1,436.3408956861999
10376,0.01811165852797918,1,437.4406029387331
10377,0.011217624463603608,1,437.7456201805116
10378,0.010316656928808541,1,437.6081065023236
10379,0.01578886826557471,1,437.33141122586653
10380,0.023581100881420482,1,436.09935576591226
10381,0.02049832620841597,1,437.62369150332614
10382,0.01932725628923688,1,437.7084446226885
10383,0.016271492260950437,1,436.8278786565735
10384,0.016110965773506347,1,437.83060694358045
10385,0.01780713595688705,1,437.91966407076933
10386,0.019865237692144485,1,437.94880654740024
10387,0.015974258375982802,1,436.91717924280505
10388,0.017783161888784805,1,437.067651643062
10389,0.021881049548690266,1,436.78792650178
10390,0.029083352038946114,1,435.1617281555956
10391,0.016919181533407362,1,436.55732832258315
10392,0.016546933140237086,1,437.22081482368
10393,0.02155030392509503,1,435.9064494093386
10394,0.012920475124346057,1,437.5687913338884
10395,0.015526707517848824,1,437.48039513877603
10396,0.017143639802615476,1,437.5043243160442
10397,0.024601696139371253,1,435.78107306549026
10398,0.020332891922618702,1,437.6928923432946
10399,0.02041819901520286,1,436.9090550803049
10400,0.015767595402480898,1,437.5601952083557
10401,0.01241572345791644,1,437.53901090211673
10402,0.0143769528578742,1,437.4292325537946
10403,0.01641895159610656,1,437.7602997231182
10404,0.01983026513046753,1,436.77103754257763
10405,0.017463905370865528,1,436.44047392668483
10406,0.016717040939404664,1,437.29281131832437
10407,0.021846586587163774,1,435.3772688950618
10408,0.023857498954167344,1,436.10862089792556
10409,0.021473357449324732,1,437.16282472574477
10410,0.01999427394894137,1,438.0294048542777
10411,0.017133074586280748,1,436.79478164605433
10412,0.01919547220248665,1,436.29578230452216
10413,0.01668140969903903,1,435.3652813067588
10414,0.018670460322099378,1,433.7955089781543
10415,0.020711019307599436,1,432.87039564132397
10416,0.012702911885937222,1,435.46873029641375
10417,0.011995471658104476,1,435.0156187245722
10418,0.01232822260640026,1,434.54788300375964
10419,0.015567789120383268,1,433.47687272400816
10420,0.02113649582848968,1,434.7734834982779
10421,0.03685292580096162,1,419.4038133011558
10422,0.07147588217510929,1,385.4821882392897
10423,0.08429624124765109,1,334.53355647677245
10424,0.05978362914873424,1,400.0120223741974
10425,0.06039091658214501,1,379.96242301918915
10426,0.043820112632426966,1,403.3093498581601
10427,0.045213574014767055,1,411.74433609713583
10428,0.06956899549129793,1,409.2744220155672
10429,0.05975289989224292,1,406.39823843317777
10430,0.035921701990907426,1,428.5054995290772
10431,0.027994055164215114,1,434.5080612411291
10432,0.035649917868580204,1,433.1735518445759
10433,0.031198657938831274,1,431.8383003704697
10434,0.029362649692859705,1,436.4638355252903
10435,0.03407951201178676,1,434.029080326203
10436,0.0728687070274533,1,400.6601675802428
10437,0.04224847598078353,1,423.1255521167616
10438,0.06771177113075763,1,398.20770122813803
10439,0.07458094168137235,1,392.62366472490396
10440,0.05740253649971795,1,411.056780896552
10441,0.03421712214436499,1,433.3947934383925
10442,0.030343312124658572,1,431.2666255443366
10443,0.028257360148148697,1,434.0855087297251
10444,0.026108036252174376,1,434.05349365872775
10445,0.022343941813603337,1,435.1476289697856
10446,0.026407179253761487,1,434.08713498865296
10447,0.015621081425711824,1,437.1558468416388
10448,0.015833356800699944,1,436.3644134374604
10449,0.018326701641757388,1,436.7931514206946
10450,0.014945216069857756,1,435.8048575625411
10451,0.014171749528789654,1,437.45110447372235
10452,0.005985517754814587,1,437.19632057736715
10453,0.011498628799424185,1,437.66969402708355
10454,0.01562103726372437,1,437.8049638880398
10455,0.01654658382927344,1,438.18966444769325
10456,0.010930501746509055,1,437.2529903680669
10457,0.014469762556013926,1,437.2773959113274
10458,0.0318307344621949,1,437.8882831598488
10459,0.027170035660647237,1,436.4501549263927
10460,0.027533890149060613,1,437.93439475168515
10461,0.02530850601506227,1,436.7752456941546
10462,0.030073506074821937,1,431.0465226727393
10463,0.04328864121131604,1,432.28061154268994
10464,0.02953996257311895,1,437.11211304946164
10465,0.04105407438239494,1,431.9365125442656
10466,0.049079242907253746,1,421.96023777499806
10467,0.06554560688892688,1,410.24877527141354
10468,0.10423299181530561,1,342.54121463157423
10469,0.15464632585796903,1,271.1612912214
10470,0.14522940399278456,1,288.9342412516505
10471,0.1388175277370211,1,328.1233979134234
10472,0.13016478501313555,1,353.7420142635483
10473,0.12896204780169293,1,326.10133265287664
10474,0.13828005842496655,1,332.1996341820209
10475,0.09228639183861607,1,386.65827721492616
10476,0.0762923461564932,1,409.91085880456893
10477,0.09328769467461608,1,308.0988899360842
10478,0.06215134612857086,1,382.8681361699354
10479,0.063251449152643,1,353.95891698499474
10480,0.060469390244447536,1,357.6199584999364
10481,0.06736921794202931,1,350.5185349957483
10482,0.04901273881321181,1,382.2612959748623
10483,0.024200274208919008,1,429.44582141490696
10484,0.02772303872869127,1,430.84922233088986
10485,0.03012382172089704,1,427.94841081673076
10486,0.01775008303784744,1,434.8672611953724
10487,0.020280789153112908,1,435.5052883564148
10488,0.020765662304314574,1,436.0189250228353
10489,0.015713518829658112,1,436.142087914272
10490,0.02274193310655122,1,432.8239879260793
10491,0.025471217979890694,1,437.007238921222
10492,0.04030118362552391,1,435.7829614706383
10493,0.10591333851195087,1,367.34963111509325
10494,0.1933402753622788,-1,-660.6758542814091
10495,0.3313288528507234,-1,-1273.1448164406283
10496,0.3009150793945351,-1,-1271.6754761474967
10497,0.3510274099904555,-1,-2129.5863092989657
10498,0.3635666271490655,-1,-2469.8833700517735
10499,0.3337761141813906,-1,-2115.8378894239577
10500,0.3399982580729514,-1,-1445.5213799447833
10501,0.2728724967882068,-1,-1169.0225328087163
10502,0.11632198113096322,1,129.53030196256515
10503,0.10543631547199932,1,390.5169676780147
10504,0.08031752772729217,1,411.3880908250284
10505,0.09509923244505272,1,393.7234116750797
10506,0.05420338677102252,1,419.9456331685052
10507,0.05375929184858926,1,426.88407863671233
10508,0.03265917694935073,1,432.8601283605961
10509,0.046808054980919986,1,429.1190170044712
10510,0.031976598748741585,1,434.72147976494415
10511,0.024433744850101524,1,434.8307605920699
10512,0.021842678384037063,1,435.39608260440554
10513,0.01773878183718695,1,434.87419259674726
10514,0.012776429874388396,1,435.7793953653344
10515,0.015620013893123964,1,434.9377949790243
10516,0.012280766010144098,1,435.9205746818756
10517,0.009132020403331177,1,436.831999279336
10518,0.012524904394611245,1,437.6955350782409
10519,0.014555539581827802,1,438.0230942896688
10520,0.017516871281226747,1,438.0753593508732
10521,0.02117252209433143,1,437.42316126497576
10522,0.017412250534549065,1,437.6362309406511
10523,0.022932719306422104,1,436.10804599152306
10524,0.02336625581722248,1,429.96615947935106
10525,0.015248960996055902,1,437.47187470641734
10526,0.020201043516939944,1,435.47577130685954
10527,0.020047309609227338,1,437.7314146272206
10528,0.01872342890550116,1,437.7239711433737
10529,0.014146822276908198,1,437.34621988546155
10530,0.015463426170328778,1,436.8243011875758
10531,0.010270557250496285,1,436.24145494559434
10532,0.00916208078673093,1,436.75493273484614
10533,0.017774583409236235,1,436.3438536197434
10534,0.028743407039604603,1,427.04022016674975
10535,0.030194706422432663,1,427.47448052292924
10536,0.024597036483044427,1,436.06257341669334
10537,0.02954858001662834,1,431.4394295884863
10538,0.03296942130453148,1,431.64797141714644
10539,0.041920726770132095,1,428.76481887851367
10540,0.04221567084154733,1,422.6753881645633
10541,0.05859341756756244,1,416.99468205287786
10542,0.08687962410930072,1,374.45328929219176
10543,0.0840309421802766,1,382.7300515218716
10544,0.04807584267627391,1,424.70654077062005
10545,0.053633006087933706,1,421.7266625834446
10546,0.05487525524486902,1,428.50286552247934
10547,0.03702339489447854,1,431.7642588682445
10548,0.028509628009201347,1,436.86018751149084
10549,0.02896733581649209,1,434.6234458227333
10550,0.02161305004542988,1,436.7993020687073
10551,0.018017531840571917,1,437.7634633366217
10552,0.0157170059205178,1,437.93308107981295
10553,0.01017763274510212,1,437.7416790768227
10554,0.011578675705234603,1,437.50016627266933
10555,0.0232374088900922,1,435.44769493143014
10556,0.027825886553483694,1,433.57575012332
10557,0.018860883365419932,1,435.8675816160079
10558,0.018926666199035363,1,436.7346114931289
10559,0.019775005780825323,1,437.5461373921754
10560,0.024228225824710688,1,436.5881590754745
10561,0.024739928002603682,1,437.11986977113986
10562,0.04536364243995623,1,382.25881202326576
10563,0.050882324844028104,1,419.2914919370519
10564,0.050328889219164875,1,418.5675542644255
10565,0.05534722459827629,1,421.5325510644308
10566,0.050426756139813476,1,424.2095156027074
10567,0.055497233107114616,1,417.2322818359873
10568,0.058126907454891755,1,425.8677238869603
10569,0.08114159886402292,1,404.64312027432004
10570,0.0684822815732341,1,406.07417003038654
10571,0.08596282374436585,1,294.8806049196643
10572,0.0886803912529195,1,322.67380169788214
10573,0.08211737721167374,1,365.5818608347491
10574,0.15946570804270038,1,202.26311444269885
10575,0.12411457876104823,1,368.89440428074147
10576,0.1115389580731567,1,379.2865211959379
10577,0.12176639951003738,1,381.6442616311924
10578,0.07671028712140185,1,418.6772664809211
10579,0.06904565819196416,1,419.11601057994403
10580,0.045223149279204365,1,432.31110905948873
10581,0.046263196356526745,1,430.86334070862745
10582,0.06278792301656375,1,416.796697557633
10583,0.03485168500649658,1,431.2669411007577
10584,0.030894229300064975,1,428.88756866523244
10585,0.028435956826370876,1,432.2687364347893
10586,0.03302061233526438,1,428.36742219295934
10587,0.039946175309559,1,423.3905438380196
10588,0.026131836565886375,1,434.3918299460714
10589,0.031152911541178347,1,422.54178025127675
10590,0.029042762847366184,1,424.78043652461264
10591,0.03026667006107364,1,427.5244889580267
10592,0.028574595560879344,1,421.245045731738
10593,0.03624107456620841,1,418.54360827965473
10594,0.03871057057247153,1,420.79268355244346
10595,0.03086214072256511,1,432.2693879157727
10596,0.026293937018612903,1,433.7126280681017
10597,0.04315899599267044,1,429.3899530857718
10598,0.08405627748055784,1,403.01789260556586
10599,0.06845190578367076,1,417.1658666131087
10600,0.07627561018169171,1,413.08800997679697
10601,0.06087040939453985,1,414.49304389732544
10602,0.09173394703993355,1,351.1693709416328
10603,0.14327288481250594,1,204.8090782009838
10604,0.1619297829180342,1,305.83894535244497
10605,0.1533493059220913,1,323.87946914632244
10606,0.2271091998866722,1,229.99578066592656
10607,0.2719748207035167,-1,-1582.7295863597014
10608,0.28844400978489093,-1,-1752.1771658481846
10609,0.331454826135883,-1,-1232.9080117996632
10610,0.4357763374554767,-1,-2699.9489968655153
10611,0.4683078470992855,-1,-3436.6254754074134
10612,0.1824288900218633,-1,-383.1886073358305
10613,0.22433754639537562,-1,-165.0924700929388
10614,0.2592556675504204,-1,-476.67163381717216
10615,0.1984276577095892,-1,-101.10407714892699
10616,0.18952463345708756,-1,-222.82430902143494
10617,0.2032644634319645,-1,-328.84343740903034
10618,0.14191999565668748,1,17.679125513687552
10619,0.0974146729474593,1,298.68965297479633
10620,0.13922052550854552,1,254.67028501607658
10621,0.09055206141584093,1,344.9830299760522
10622,0.12614015101084416,1,235.67562189895253
10623,0.052713263183639635,1,417.2431706017691
10624,0.07474038501208573,1,391.04621926200156
10625,0.06329648999598018,1,412.85860184218194
10626,0.08311688531434734,1,392.516922640597
10627,0.08104121351513387,1,375.86954948348136
10628,0.053724673072100756,1,417.70928913717034
10629,0.060594700202833404,1,424.8649631849132
10630,0.06412579708402495,1,418.1848918950541
10631,0.03030420079557234,1,435.6095885930672
10632,0.036300745485016626,1,431.4852281960037
10633,0.031238224886006267,1,429.27576587432696
10634,0.03539905966725703,1,432.6482591228635
10635,0.029152351860317085,1,431.80708538325393
10636,0.0346792923438249,1,432.01845465647415
10637,0.03635107424795265,1,432.9208861656788
10638,0.045969401253408856,1,436.05723360376686
10639,0.05131914062114811,1,432.9316082187706
10640,0.0473019173740919,1,427.4893362129633
10641,0.037700842130804456,1,437.1875966834183
10642,0.03349432947228219,1,435.8508536643718
10643,0.026960426161936252,1,437.8280535812759
10644,0.031191030739499515,1,435.0629205891571
10645,0.05148406278122765,1,429.24161013215144
10646,0.036084709924412865,1,427.63368866298373
10647,0.02035330790281226,1,437.0468337219412
10648,0.04642379912393629,1,428.59055982524035
10649,0.04320776016137662,1,387.32711423447614
10650,0.05106280605017606,1,402.6714818897728
10651,0.049895415414955416,1,422.09208944658883
10652,0.07034339442042495,1,423.5345969833771
10653,0.08050987504175085,1,408.72045289530365
10654,0.05795274731872827,1,421.00183936235544
10655,0.04761180919130942,1,420.61885040868464
10656,0.06474707455518576,1,409.671031927118
10657,0.047605999806740185,1,425.19342269623843
10658,0.06449076251389071,1,422.12294859736767
10659,0.040828284319389466,1,432.8108165898646
10660,0.03881439691618153,1,430.7077062936044
10661,0.03881576512150087,1,394.6671825123463
10662,0.0419377919786485,1,404.46011067006754
10663,0.03335864687710014,1,422.0565890687211
10664,0.030965316584036878,1,426.03295160684627
10665,0.039696458808369486,1,424.6707489194907
10666,0.03727441794095294,1,432.90714726394947
10667,0.04296267921869733,1,425.056478560939
10668,0.032861123418722105,1,428.67063892855305
10669,0.03239495137188865,1,430.32793581139197
10670,0.026012255910175617,1,437.1704055143592
10671,0.022631947647278123,1,437.2738334710031
10672,0.022720308839420417,1,435.76556398162313
10673,0.0186263181993401,1,436.64641972441143
10674,0.02147984423655903,1,437.2324712895774
10675,0.025593211360045064,1,435.08637362923486
10676,0.0356170742440841,1,431.4005061752953
10677,0.023708676208370083,1,433.6090090121638
10678,0.025967439101382533,1,435.28603123812786
10679,0.04991723908155802,1,429.9680792268387
10680,0.039981221342597704,1,429.9231540930021
10681,0.05006070787569148,1,407.69180900531404
10682,0.05707329306020006,1,403.74277926403954
10683,0.05020667087184589,1,406.64532858599296
10684,0.03849448925398176,1,412.5085163162244
10685,0.03623132239485511,1,406.13009066650136
10686,0.047558061953340496,1,412.6068864193237
10687,0.05157798039657075,1,423.3822494985788
10688,0.04025705297424853,1,433.5764949858224
10689,0.036845950582649896,1,426.7502728235359
10690,0.04623211040644435,1,420.1441846405608
10691,0.03267172643582466,1,435.6996797040142
10692,0.039573406507369215,1,432.50709545163824
10693,0.054656958573215744,1,406.7192348881049
10694,0.03778687997725773,1,417.6163129633661
10695,0.034210312745796785,1,420.21028544471267
10696,0.03401633144861559,1,421.7851343055022
10697,0.029340386897770413,1,422.5038089696419
10698,0.017187836769298654,1,437.1356052227732
10699,0.03729766522447251,1,434.39941282429083
10700,0.04682443548036032,1,420.2326879479577
10701,0.03200588657671546,1,435.2991753150209
10702,0.018310104565906555,1,438.262030331535
10703,0.0241704107615783,1,437.6585250678713
10704,0.02176224805477906,1,435.65135499167627
10705,0.026765689894283816,1,433.17954501406103
10706,0.039055801513732336,1,428.84233726068055
10707,0.060613526981235115,1,374.8214281224273
10708,0.037610966966393655,1,421.2931632031069
10709,0.05575926453754431,1,422.64681113535323
10710,0.06710334973665426,1,399.6790728236669
10711,0.06987158182635055,1,367.67981995130907
10712,0.05781109621332571,1,404.97923450922013
10713,0.032535959972020544,1,434.5653142922467
10714,0.03983011836385523,1,429.55239808886495
10715,0.029582598513735646,1,437.2434356751597
10716,0.05548246795036806,1,432.66922461824294
10717,0.028745193276070037,1,435.8354927886281
10718,0.03163418588147095,1,437.6320532546716
10719,0.019632856768115825,1,436.4351813376013
10720,0.020865069424590578,1,438.47251861746656
10721,0.019834993564423725,1,437.9313987585131
10722,0.023799995900446406,1,438.35901244271395
10723,0.016917149290785208,1,438.11008119875856
10724,0.01533450169748087,1,437.25694637732676
10725,0.03839209745782338,1,435.0733856759852
10726,0.029796137347866236,1,434.30379764526657
10727,0.027485630858460525,1,431.6764860279108
10728,0.03540893873357708,1,424.7642151989851
10729,0.03479999487132978,1,423.3988035652806
10730,0.03765109687446915,1,424.5401085007343
10731,0.06166371150608076,1,414.38703360065625
10732,0.050804163509645575,1,430.81702015489003
10733,0.03560150477490562,1,435.3279037747737
10734,0.03085184770551541,1,434.1789544790483
10735,0.02386440774752158,1,438.1766832189563
10736,0.021842088499124744,1,433.65827864271097
10737,0.016691027590271496,1,435.41804086788477
10738,0.022047001470967557,1,437.4048695395791
10739,0.012757803055059172,1,437.24709447343497
10740,0.016469713116443924,1,437.7695005502966
10741,0.022571837118299982,1,437.9939140118567
10742,0.020830749579663608,1,437.52766901801203
10743,0.02291252471651414,1,437.97117002853605
10744,0.024901473157168032,1,436.1210480033334
10745,0.01830628385610406,1,436.145508309755
10746,0.030196132248526058,1,435.36371254022157
10747,0.030748264045409417,1,437.1204923250331
10748,0.03717734979382657,1,436.5511954035857
10749,0.033174191519609764,1,436.5180238714461
10750,0.04567606456730844,1,433.72433170727555
10751,0.0382963232059866,1,432.2731410334157
10752,0.039351046891377764,1,436.95697154750474
10753,0.031188450251803248,1,433.4489654319492
10754,0.02216756416443769,1,434.8405966649188
10755,0.024420220755624673,1,436.76469221585336
10756,0.021679322565043426,1,436.0395120921719
10757,0.024391308937075754,1,436.66427283044726
10758,0.03121037629453116,1,437.1196041745457
10759,0.030149744961062257,1,437.132609013147
10760,0.029611264843779208,1,428.6176596542263
10761,0.019578133769146293,1,433.81190221792514
10762,0.023152101877320665,1,431.30040355649714
10763,0.028375989018460303,1,428.1499937682858
10764,0.023252647645723306,1,431.9964366058131
10765,0.045475668920419064,1,427.85381918706935
10766,0.040409541668006706,1,431.53780449381526
10767,0.033877497024654445,1,435.25245899765446
10768,0.03147524528622631,1,435.73551620832353
10769,0.013062571689984185,1,437.82734374801555
10770,0.015651716687844465,1,437.86101535114125
10771,0.016727578317932614,1,436.24398819892144
10772,0.023516745144614208,1,435.09801156398623
10773,0.022484107945828394,1,432.3411061734968
10774,0.024591802509864764,1,432.85807840408324
10775,0.028442108805452344,1,426.06762658873845
10776,0.042659000845452946,1,425.8017871302721
10777,0.04611805301353763,1,423.4984520673663
10778,0.053193062375949056,1,421.258054532151
10779,0.05535860901693608,1,424.41881421838264
10780,0.055095679596631954,1,427.60140751364065
10781,0.04393880613700792,1,429.6853552559192
10782,0.04994107750272896,1,427.8184376407775
10783,0.03758719600489636,1,432.80767285465333
10784,0.04483070220520435,1,435.23696628692676
10785,0.06412551019947019,1,425.01256767644674
10786,0.04838551485060708,1,433.4179299290151
10787,0.03934000652834003,1,434.9563353442317
10788,0.02792876794871561,1,435.89886953282905
10789,0.031714611152821995,1,436.0528107267464
10790,0.018655710178733135,1,435.9962877280351
10791,0.018676650681608186,1,437.1251680012345
10792,0.019830145899394153,1,437.96208405222615
10793,0.017072158104309506,1,436.1291926862097
10794,0.0195959254488308,1,436.97902502714095
10795,0.01414067740463579,1,436.172270922358
10796,0.021081265113219956,1,435.9571582640895
10797,0.028583246662817943,1,428.2244585926099
10798,0.023148554394821295,1,432.105921544886
10799,0.01997394674063174,1,435.91785663238636
10800,0.018485751733742607,1,436.8469458106469
10801,0.013995290388709078,1,437.0878257023669
10802,0.03473349400331173,1,433.9177221941533
10803,0.03234484701536258,1,435.9446698114572
10804,0.03373761764373302,1,430.800944876769
10805,0.029217677134198743,1,435.34785946308824
10806,0.02782664657371644,1,433.0946548942775
10807,0.052381261504886874,1,421.7347965185872
10808,0.04205995448810606,1,424.80711835290936
10809,0.0388658317366985,1,429.09576058869334
10810,0.05224053583896128,1,406.43067500417516
10811,0.044584514307879575,1,420.5107840112432
10812,0.03894159676612341,1,436.00396447591646
10813,0.03929542256287026,1,433.7303258226402
10814,0.04592818603031768,1,432.45259901250694
10815,0.06954076223021907,1,418.67235511979914
10816,0.07520299362872752,1,414.60178051705867
10817,0.12906050169808828,1,339.90275362096736
10818,0.08367747787778138,1,394.99417259230415
10819,0.08104887639990037,1,412.35570826619835
10820,0.13900905917755454,1,210.04649055983117
10821,0.13557377219889985,1,154.5524589647017
10822,0.16918013394712464,1,298.6757410005333
10823,0.21711664117023938,-1,-0.30845939763435126
10824,0.15757332309134764,1,314.7226433861436
10825,0.09600541398736603,1,392.8190261670922
10826,0.14115679476200493,1,324.35671655496947
10827,0.12355252239301898,1,375.5878561202807
10828,0.13465414485717014,1,340.17341780366866
10829,0.127422359346608,1,306.00551151186073
10830,0.12227645001453226,1,370.2209087438275
10831,0.09905126056607787,1,403.3999104544179
10832,0.08078662205283302,1,410.97406091140016
10833,0.05158063657256817,1,429.859587481807
10834,0.05790145624450014,1,429.8246345647322
10835,0.04892310345334858,1,431.97951298644466
10836,0.02821373628914688,1,434.29936714370984
10837,0.034714551514939865,1,431.4094036705105
10838,0.03438958720303983,1,418.23086431085704
10839,0.03186856473990916,1,434.6862553387174
10840,0.025716422714495053,1,437.39599113651707
10841,0.02499432296478932,1,436.8597033940313
10842,0.030413921592342002,1,431.10540102000215
10843,0.03287011351528303,1,435.70868583494877
10844,0.02386637724539922,1,438.3551052593742
10845,0.021715084359211913,1,435.75989410904793
10846,0.026914036956443226,1,436.25013467180287
10847,0.02237349375922229,1,437.84170075211364
10848,0.03709893458326984,1,434.3679655096102
10849,0.04052200155077501,1,429.4072331289767
10850,0.024442023114665708,1,435.67350635141776
10851,0.031855222719821434,1,430.6200952328097
10852,0.012795806186551684,1,437.37772198587294
10853,0.02172979329651778,1,436.3871425538493
10854,0.016594136559075587,1,437.42500179289465
10855,0.013817611067466757,1,437.5489124171134
10856,0.013480311579551112,1,437.2509940520302
10857,0.014579688414181337,1,437.6751662936309
10858,0.015157631414888592,1,438.05028834209355
10859,0.02270380271927048,1,437.82181860614895
10860,0.00957844178707586,1,437.51691322052045
10861,0.01580494378851069,1,437.7311718304408
10862,0.013105871060776644,1,437.94207132800574
10863,0.013173381006460188,1,437.28666003748003
10864,0.01289811337801447,1,437.63112125786495
10865,0.01314206112811912,1,437.6341453503594
10866,0.011261834030274195,1,437.44270953333853
10867,0.010726958559072122,1,437.5582593393668
10868,0.017065139403314965,1,437.8136607699631
10869,0.024490189691922015,1,437.54251336411795
10870,0.02020997047735127,1,436.42417766743114
10871,0.03392234731253394,1,432.26568653726093
10872,0.02476986167867191,1,431.66354202628116
10873,0.03454238210763661,1,433.9861922080861
10874,0.04729284230859372,1,425.6153157458596
10875,0.04129437074837273,1,423.93553882106767
10876,0.04251694584552477,1,401.7391716817458
10877,0.04765976814311583,1,427.3431199796932
10878,0.045577339727746836,1,420.76441260386736
10879,0.046139870203992565,1,426.2702418965511
10880,0.037037701607825,1,434.29887758836
10881,0.03328739011409289,1,427.8730772990194
10882,0.05289019258109565,1,422.36293651440354
10883,0.052389665046878815,1,417.63143012138534
10884,0.06938450418527282,1,406.78818200252323
10885,0.029064106308842128,1,430.68697738101935
10886,0.02395909985540212,1,435.12770077123815
10887,0.033151466535179926,1,431.1243288298304
10888,0.02321531788496914,1,436.04247262979857
10889,0.032762439178664095,1,432.56504023335737
10890,0.015255766590361583,1,437.8562669982701
10891,0.021549557078168517,1,436.6926173125736
10892,0.01588904750117173,1,438.10352385735933
10893,0.017088682621248293,1,437.7978901179282
10894,0.05563778030610532,1,416.44924467828736
10895,0.05434065495199607,1,416.7046993461187
10896,0.04718253225746284,1,420.24037598449826
10897,0.03271422901115246,1,431.43761838246417
10898,0.040268289041802394,1,431.21298612346925
10899,0.020981712002047844,1,433.69066616839893
10900,0.02201551184443912,1,432.6505705258
10901,0.024793528130223997,1,433.27005594524206
10902,0.02580322020096334,1,434.51838143063065
10903,0.01821508744266605,1,435.14618347491546
10904,0.015410920876880453,1,434.94333158456885
10905,0.020324575275803326,1,434.13663464226124
10906,0.018578486449513248,1,436.9649813127667
10907,0.015152013546487986,1,437.40338080643056
10908,0.01523103819857934,1,438.1285734372453
10909,0.014242351018640964,1,437.5232725827595
10910,0.01602591715620493,1,437.6010311470279
10911,0.008847734126034604,1,437.5150453210754
10912,0.010854983544400407,1,437.77769031497934
10913,0.015572820905562276,1,436.54157973701916
10914,0.01669877369277496,1,436.2842009709155
10915,0.015138044402622897,1,434.87105602635194
10916,0.015518253687736322,1,437.2991007066032
10917,0.01668757495508647,1,436.6307971266581
10918,0.019547888047561874,1,437.44069942470315
10919,0.021369779030639153,1,437.4402100638262
10920,0.02047121629355979,1,437.48840382108216
10921,0.021376934418113995,1,437.09370816157326
10922,0.04129081497259503,1,426.90684705124784
10923,0.04582879789937454,1,417.99890691944347
10924,0.044280919538695854,1,402.54864973013275
10925,0.041167254617695805,1,400.2751827953216
10926,0.04720941293800379,1,392.6986862168787
10927,0.02822159107185709,1,408.0507232929391
10928,0.035828667404592736,1,397.4518048178471
10929,0.033765039772041754,1,416.04316279595344
10930,0.0271210135339127,1,424.3877911927895
10931,0.0330455104040425,1,433.157103635915
10932,0.03233462797368119,1,434.9438184349112
10933,0.022417656752698693,1,435.391672602071
10934,0.016948779682488778,1,437.9781996944817
10935,0.017906131376492888,1,435.3094917463581
10936,0.023201707572576804,1,424.6083479712875
10937,0.020402808779130976,1,437.43792306520436
10938,0.013308734419703828,1,437.1615937979206
10939,0.013037972666087078,1,437.53901106636414
10940,0.010413011148626517,1,437.24955596128
10941,0.012173552677646417,1,436.7570153618405
10942,0.012736552849733027,1,436.7387436132827
10943,0.011897429209461949,1,436.97312466145377
10944,0.012112882844592634,1,437.1086695940157
10945,0.010755257145624772,1,437.5424254120045
10946,0.012499148527009852,1,437.76777158279947
10947,0.011076921929716961,1,437.422351316681
10948,0.011414808428638063,1,437.663810233681
10949,0.012715759969403202,1,437.49092765378816
10950,0.01115479753654536,1,437.59346681354486
10951,0.018877112586705085,1,435.92601339585656
10952,0.014707538705909021,1,436.94292217057955
10953,0.014019947122187256,1,437.2337643902037
10954,0.02204703151504672,1,436.1509589247846
10955,0.014046791179755639,1,437.6930834654079
10956,0.022831114653811248,1,436.3682713113091
10957,0.021320182546422557,1,436.30769398766034
10958,0.019521292670579733,1,435.23344892422506
10959,0.02153728579308816,1,434.2379993978205
10960,0.014668692158037741,1,435.6339573104786
10961,0.018537364304650177,1,435.1869078841698
10962,0.009425414730102222,1,435.8468374996889
10963,0.010853909045427806,1,436.6873284538352
10964,0.010427931294302004,1,437.44349196571505
10965,0.018821323740132796,1,436.1178730616308
10966,0.013001031188228509,1,437.750898851437
10967,0.015270508828299834,1,437.14171530961147
10968,0.021185009602359455,1,435.0298010903314
10969,0.03257856361319356,1,433.0548913753454
10970,0.030025562194120333,1,429.72435251137006
10971,0.02656549259627092,1,432.4109495570984
10972,0.030911951380704097,1,431.28411775942976
10973,0.026256539825255908,1,431.2584104564644
10974,0.02543994054210177,1,431.6585865849922
10975,0.029560124291713986,1,433.2379158940147
10976,0.017669579803276478,1,435.9426384066731
10977,0.017345695708009302,1,434.07675027537675
10978,0.022793691147799278,1,435.27258366975025
10979,0.025528234506679615,1,431.60593461387793
10980,0.02819828139522117,1,435.30727179783355
10981,0.02798180057315282,1,435.9884394383267
10982,0.03165348624388224,1,436.6702800156617
10983,0.03520818684393326,1,436.81622551650577
10984,0.034075580485877735,1,436.01623626731157
10985,0.035638955591996584,1,436.0053370570186
10986,0.025896265338694133,1,438.0912291718575
10987,0.026025598419657504,1,437.5767707449969
10988,0.05086412778549364,1,425.3943999859059
10989,0.033477786075291796,1,434.5158070394636
10990,0.034297943420324585,1,434.24540828712156
10991,0.016168062341813956,1,437.7577483360089
10992,0.014473319335760959,1,437.65283996371073
10993,0.019434282234993012,1,437.66341292664356
10994,0.018313214437131957,1,437.49851466376003
10995,0.019512052241403958,1,436.9811404863334
10996,0.022688984945045138,1,436.4184459373964
10997,0.022475978089645545,1,436.83429958427377
10998,0.026741716173644264,1,436.9079394266468
10999,0.04064293411020307,1,426.90101614474634
11000,0.03457807150335631,1,433.40067587574487
11001,0.091687114080632,1,400.2075064722068
11002,0.12278082860218371,1,341.33440450692575
11003,0.18228394468032477,1,205.45737799612374
11004,0.11235255022061244,1,347.5930495311474
11005,0.23845757732187603,-1,-536.199473868817
11006,0.12119632225087697,1,377.37352543646745
11007,0.23325261130131367,-1,-146.67153712422703
11008,0.15496238713802774,1,294.25028028775114
11009,0.09634805774651116,1,371.257567193975
11010,0.13295674914365657,1,279.9755329756192
11011,0.14577904463901775,1,370.8002626723111
11012,0.10773769232240742,1,407.32099323953435
11013,0.11633926371582536,1,335.54115150608965
11014,0.10569439278329326,1,314.19773379597973
11015,0.17673683855433356,1,134.2375297521416
11016,0.14287772842586044,1,247.9774041301988
11017,0.2442486973747918,-1,-769.7391980805055
11018,0.15870057127790854,1,193.02383471051274
11019,0.10339104909406054,1,398.86651039161165
11020,0.15185762498955882,1,91.12227050337606
11021,0.15201581655476604,1,324.8443092788558
11022,0.12219825397865337,1,331.51909757136326
11023,0.1358129878212269,1,205.36589501344906
11024,0.12696220002727784,-1,-45.717698279950696
11025,0.07903019435802704,1,377.0112624924883
11026,0.0933090311787349,1,318.2936495962182
11027,0.11282241718066875,1,91.41938297869586
11028,0.11189410721206479,1,176.11953783887134
11029,0.025306229120104672,1,434.467160645165
11030,0.03141428536248769,1,435.897475954909
11031,0.04581303471384969,1,429.28357513806486
11032,0.028975003818722953,1,435.49742274491376
11033,0.04329936612279266,1,428.01447691459356
11034,0.07394383050270832,1,398.85557753352214
11035,0.07859806920886543,1,407.4423938636686
11036,0.0409302896676783,1,430.86463356623136
11037,0.05605476844440432,1,426.4972970359117
11038,0.0447762715093542,1,430.8150185636065
11039,0.0415871087231239,1,422.4754035504071
11040,0.03919725733011036,1,414.67019267794456
11041,0.057887230199097764,1,367.5786638988498
11042,0.07442230913726473,1,405.39156236560154
11043,0.08934347410831633,1,404.39666345773304
11044,0.08210580197533947,1,398.5427434845208
11045,0.06109959736321847,1,419.6876856786975
11046,0.06247291340366123,1,422.24826444361526
11047,0.05777765687062406,1,420.1240969147283
11048,0.07436247482215874,1,420.0738866083808
11049,0.057698672588263,1,430.50215023288774
11050,0.045150769941536724,1,428.0114852274133
11051,0.019150594447110238,1,437.1114656055327
11052,0.02081975282577977,1,436.91869762635423
11053,0.020249396124548312,1,436.2732555665646
11054,0.021609464058351978,1,435.99071560344265
11055,0.020287998958615407,1,436.6570999395853
11056,0.02183253265434045,1,435.7551869235784
11057,0.02762250693100733,1,436.59378865077093
11058,0.020316554400336837,1,437.0135714602842
11059,0.029783145777742444,1,434.85191599242165
11060,0.03401674609754508,1,431.2200072306063
11061,0.01728514188311011,1,437.6327630548089
11062,0.013399678104221187,1,437.4980495818193
11063,0.022056739522015843,1,436.6484429350205
11064,0.02378713617775986,1,437.18386818538556
11065,0.016390362871241355,1,437.811884132272
11066,0.023461817041075837,1,435.4804308661304
11067,0.029841742185982362,1,434.43274955847147
11068,0.03601218903492649,1,433.3870081166139
11069,0.04084885916682701,1,433.2786109350081
11070,0.04085105602347159,1,434.19121866937445
11071,0.03132476271245859,1,436.5604006845107
11072,0.039639775518407416,1,432.76404842077494
11073,0.02117827480644659,1,435.98848682429855
11074,0.02917893611323834,1,434.71260850937875
11075,0.03365339765901502,1,435.54556186344473
11076,0.03698939060942088,1,428.39559109770164
11077,0.02439435427189316,1,436.1931868983374
11078,0.02662340034232625,1,434.3000583610666
11079,0.02332141745409259,1,435.6986968933438
11080,0.026173372527819226,1,434.4211385524163
11081,0.03553766577528487,1,426.6901062445261
11082,0.0369337193587489,1,433.63343814170184
11083,0.04413650102277126,1,413.67547154005086
11084,0.030056176853623277,1,436.892184701975
11085,0.040852509809932304,1,433.70526227908977
11086,0.042170648833380724,1,429.4470323449721
11087,0.03864537613959872,1,429.37317756046696
11088,0.061418865139495904,1,416.89920768871343
11089,0.045610368610697505,1,435.04945495627857
11090,0.06561795907587857,1,405.77301341694164
11091,0.025287854679592124,1,438.25848521586886
11092,0.03739463134035337,1,434.952425495497
11093,0.021666614786309688,1,437.89197622063506
11094,0.02303641858159039,1,437.80685618701654
11095,0.027895196546698867,1,437.26416472634
11096,0.04041339653885912,1,432.55123609605386
11097,0.062376948763923,1,414.8335908135269
11098,0.04749436812770821,1,427.1372576039467
11099,0.034364950302756936,1,436.83620918641606
11100,0.04820773528694811,1,429.11732517248527
11101,0.02568551065915237,1,436.9655010060205
11102,0.013880695019273382,1,437.9889128986163
11103,0.014422126837817212,1,437.5861345994034
11104,0.02047239610222968,1,437.5229782367426
11105,0.019301987103664292,1,437.7999030373148
11106,0.011317434195514604,1,437.405977651824
11107,0.019007745581462433,1,437.37503344350193
11108,0.03777981438850497,1,427.5222877948578
11109,0.04000430373551476,1,435.1852596439346
11110,0.03665691803906708,1,435.2927985086476
11111,0.035379280283218205,1,433.4112932837745
11112,0.049453160202949896,1,436.81108053732476
11113,0.08579969389072402,1,410.443433551203
11114,0.10253670265280981,1,387.41120414099066
11115,0.11085711545982832,1,370.1734217039783
11116,0.09331544318880221,1,380.9612996690696
11117,0.05711220408615802,1,419.6517748241217
11118,0.07912613905539244,1,414.2303868610808
11119,0.07014767467508447,1,408.46071096052026
11120,0.08520946938335537,1,400.13784437314837
11121,0.062122967845129176,1,419.4872938041562
11122,0.046369673340056906,1,407.18994043172455
11123,0.047635291774003795,1,425.42202922382523
11124,0.08376402681406932,1,400.4517182022504
11125,0.08318106396360632,1,405.84642069790664
11126,0.07429981120197601,1,418.5522387401832
11127,0.038873514953150175,1,434.3923740486801
11128,0.05787276201350564,1,418.7099233982274
11129,0.04120523898738249,1,423.50091027591793
11130,0.0511614862179009,1,430.48719820671954
11131,0.05311776092003824,1,431.7261759627042
11132,0.044542328691533586,1,435.0320118926335
11133,0.05676868992821278,1,429.12638874483656
11134,0.048636567688860315,1,432.6751708917726
11135,0.04554173313552983,1,427.51759717934686
11136,0.04247169763924851,1,430.6773714523836
11137,0.035299095164226336,1,432.9167136098056
11138,0.061115674623993456,1,414.59493112474496
11139,0.08674112347008968,1,360.58898538317237
11140,0.053484563164972375,1,418.14684473935404
11141,0.04709473429223181,1,423.47553762727864
11142,0.06755331356062096,1,400.05108381401794
11143,0.02455753378483026,1,437.19115731348086
11144,0.10262659266902589,1,316.765850628572
11145,0.05353078336681116,1,426.1140609041819
11146,0.024103662583403157,1,437.7183744610849
11147,0.018150137157522037,1,437.5691084719123
11148,0.014110140318397243,1,437.7245722212871
11149,0.013269406234766976,1,437.2310659734967
11150,0.011721631935248585,1,437.55641017451865
11151,0.011142874695254311,1,437.6278113089167
11152,0.010796718403284606,1,437.4468474413667
11153,0.018252296048941716,1,436.4024046618372
11154,0.014786341863314229,1,437.3683666401162
11155,0.012202193966375318,1,436.92318244661476
11156,0.009393674028860502,1,436.9364035454868
11157,0.02100349447065808,1,436.4779940792904
11158,0.02290294864191545,1,434.293753627683
11159,0.019470245225168704,1,436.6234537955736
11160,0.01874974110341287,1,436.6131961573311
11161,0.015704272364282294,1,435.9749655913052
11162,0.020994503946684877,1,438.0276390244181
11163,0.027956958942738617,1,436.974458910916
11164,0.04829638355199926,1,433.48626561340257
11165,0.07929422944434429,1,404.98247076701944
11166,0.060735769431128996,1,409.9428568577771
11167,0.05954558253337716,1,399.7222661535219
11168,0.05237220413575761,1,411.192068140275
11169,0.04599611328408853,1,419.80789810646957
11170,0.03477677897581967,1,432.64271019131235
11171,0.04339507507121997,1,425.91374203621024
11172,0.03788250220423696,1,424.66653011285285
11173,0.0346450604171594,1,426.820949494169
11174,0.03252871937915113,1,434.1630493307991
11175,0.030895497227289747,1,434.24449226974843
11176,0.02390331364618379,1,433.8646428232735
11177,0.02491218145807927,1,436.3850511609666
11178,0.030176755982282776,1,424.4853049177436
11179,0.03824198825224353,1,429.8715995002097
11180,0.06067457384277847,1,384.7888809305323
11181,0.06375081087422446,1,414.0429089607026
11182,0.07736291763975951,1,416.4433393159992
11183,0.07186866338374784,1,416.9124754120929
11184,0.06558899122713177,1,412.55026319183446
11185,0.06009639268654763,1,410.70795266806914
11186,0.06662304853752497,1,417.65672826922054
11187,0.05905075114113525,1,429.792179840602
11188,0.06311679966844787,1,412.77239778726675
11189,0.024552556744777722,1,437.53345127666586
11190,0.023512487638719017,1,437.4940985651856
11191,0.025924642397578402,1,437.42108103582257
11192,0.0294297475958733,1,435.28447733583226
11193,0.04477191845405136,1,431.1288664708281
11194,0.042837101079657436,1,432.1460828048859
11195,0.05067337659840272,1,431.4404401402899
11196,0.03693710230605587,1,436.8055586316959
11197,0.037260791631012764,1,433.1819141803498
11198,0.03615837519326502,1,432.4083039304197
11199,0.03448806247824988,1,434.7644850593277
11200,0.039270758417426124,1,426.90007110051056
11201,0.03478747871553484,1,436.5280900701947
11202,0.023905848803987634,1,436.12824470682085
11203,0.028649220921999414,1,436.4351216195255
11204,0.06374085103128645,1,429.08417975039526
11205,0.09023626714090764,1,387.9798692916045
11206,0.0751488297619675,1,422.01103691832907
11207,0.07196686918115791,1,410.8068162185474
11208,0.09085827634489681,1,364.8384815656601
11209,0.10308880588160384,1,406.54466309084705
11210,0.09759657081273575,1,410.505268477094
11211,0.10979643492270423,1,385.73478632145543
11212,0.12006597091787684,1,370.49132974407223
11213,0.07832463979414582,1,412.2878655989816
11214,0.06982959726007708,1,418.069218232847
11215,0.08077902291801937,1,375.0258777693256
11216,0.07804174278681567,1,364.5319276286965
11217,0.08164852292954358,1,402.85740063763996
11218,0.06692063415141304,1,405.27794203344445
11219,0.04654586419435163,1,399.37375226886064
11220,0.03553519550256467,1,409.3022062169198
11221,0.040732486233587654,1,420.0685525570503
11222,0.034708502999923646,1,435.0938987011173
11223,0.036245162543610855,1,435.27385901511286
11224,0.030967022582030868,1,433.8147357864977
11225,0.0250020734008914,1,437.10037993397515
11226,0.027517129187713405,1,436.23364519625005
11227,0.01738288572732637,1,437.72154544456
11228,0.01860593331858119,1,437.99200156965725
11229,0.012284927725768014,1,437.7100322570318
11230,0.01190220102665135,1,437.32614791531114
11231,0.010983446374572868,1,437.3818538176689
11232,0.007822866494181008,1,437.278961644826
11233,0.009713348787499288,1,437.2742481428007
11234,0.01585220654947982,1,437.25355573808275
11235,0.01778228044649666,1,437.63880399111656
11236,0.016007350388967074,1,437.46039684375063
11237,0.021109454025321373,1,434.40281306209704
11238,0.024411886969688445,1,434.58906913579153
11239,0.02212678563492097,1,433.6269548377058
11240,0.0306257762885944,1,436.5449713066213
11241,0.02645755120497151,1,436.40640152008655
11242,0.03067661734012029,1,435.26615092130373
11243,0.04284641223852155,1,424.6431930280623
11244,0.03706780748588883,1,425.51776860762305
11245,0.045701143806473936,1,412.75019399306655
11246,0.036505287270606014,1,427.3967874484083
11247,0.035168542204832835,1,432.45648295424513
11248,0.051204944715792754,1,422.0490716890277
11249,0.03658059959953654,1,418.6643422832886
11250,0.03657200834343825,1,434.9906997038931
11251,0.038240273056307506,1,430.2227779863098
11252,0.028391392105087288,1,435.9903163917985
11253,0.030964599371857075,1,430.20655881810507
11254,0.02164551619167243,1,434.80883953773844
11255,0.022778056766705766,1,434.3672996530638
11256,0.04255635584441999,1,427.60007102435804
11257,0.026623721730455612,1,434.973193055552
11258,0.029831605262867062,1,435.74362911645113
11259,0.037633801550224624,1,432.02035663848034
11260,0.03681211207258154,1,433.95352198909757
11261,0.046148719957566496,1,422.2328709991438
11262,0.04604851348102046,1,430.62776377890305
11263,0.038046728152278976,1,420.94224386823424
11264,0.05646246942581971,1,428.73199063624776
11265,0.058104506838341584,1,427.8116958523455
11266,0.04778036650365768,1,427.7482945209045
11267,0.03008379387937677,1,434.5694819845739
11268,0.03143889664466865,1,433.1919967827114
11269,0.024131411176305358,1,434.97604419302434
11270,0.020360949028544354,1,437.9849699382522
11271,0.014188412585012229,1,437.1816347706847
11272,0.014935295897537991,1,437.9353872242837
11273,0.012197696832905721,1,437.9598210935136
11274,0.0324066645553123,1,434.7026634092644
11275,0.0324785317600391,1,433.92164266942456
11276,0.0462274662873029,1,431.44447901420006
11277,0.07147940663952126,1,424.5312067008774
11278,0.06398425012878681,1,424.6155629203248
11279,0.04860004419382553,1,427.0199073301013
11280,0.11395077804534992,1,168.57887965200842
11281,0.13278222259686584,-1,-99.35301367961017
11282,0.1278402204725162,1,9.577721783380184
11283,0.10283864249956805,1,197.78728067726482
11284,0.06131046180515033,1,251.04690731195348
11285,0.05868076390527456,1,323.0757982480872
11286,0.04798885027822083,1,350.28363077202846
11287,0.05891145005432099,1,383.700221334518
11288,0.05941225672180299,1,383.03918889036447
11289,0.06527764111865353,1,372.70126728061234
11290,0.04246344468280643,1,426.69954496341194
11291,0.040227657771400964,1,431.187717242695
11292,0.04683859984958193,1,430.83580720888165
11293,0.03545586624040207,1,425.72216764950497
11294,0.04494360792567425,1,423.34952696894254
11295,0.04408390514220471,1,426.8690623463991
11296,0.044918498553206766,1,417.98671640462953
11297,0.043507254573429,1,418.2872409682887
11298,0.03969750424404761,1,422.28562272763656
11299,0.04797521866543304,1,420.7111949693425
11300,0.049334352171277275,1,410.305761110514
11301,0.03773337182486797,1,424.79288506170656
11302,0.021862178720991516,1,429.2024733066345
11303,0.021220390829528247,1,435.8194780465029
11304,0.022061184936766558,1,435.8923371713714
11305,0.01826863796329961,1,437.10420930799273
11306,0.014089251099545562,1,437.3380110075506
11307,0.01825223682356753,1,437.6383737353137
11308,0.03194380821641773,1,432.30803564491885
11309,0.03757874987414259,1,430.9602674565028
11310,0.04284651610659264,1,428.80484265897394
11311,0.03819477146997073,1,434.4211025335317
11312,0.03784489907392292,1,428.3755765795754
11313,0.037596254284533774,1,417.4027947089867
11314,0.04096835534581644,1,404.6635250027805
11315,0.033813959060701115,1,423.70926309593636
11316,0.08505647682419891,1,410.9627440603505
11317,0.11280498736491062,1,292.42688284929983
11318,0.13952521972350757,1,260.9578085804682
11319,0.10683708596125639,1,243.20874923057266
11320,0.09523063878544501,1,303.57168756377393
11321,0.1022847176288558,1,311.9369217642117
11322,0.14353239436848328,1,309.4798599020951
11323,0.22523051722536652,1,145.063327957603
11324,0.28367961208840864,-1,-199.13767913809897
11325,0.35297830211482356,-1,-495.29198429908024
11326,0.10115079481967795,1,331.69688763057195
11327,0.12254970811782266,1,373.8855773367392
11328,0.15580278272383025,1,116.0751218378291
11329,0.09858490548947473,1,397.33725355400713
11330,0.05913152069682801,1,429.82484214865775
11331,0.03838104440247291,1,435.6856902052815
11332,0.021911087087187614,1,437.61441278419306
11333,0.017153551364834572,1,436.76036159728216
11334,0.019603419392591557,1,435.8402430946304
11335,0.0191064087870118,1,435.4394942795294
11336,0.032729213444554234,1,436.8726632770375
11337,0.025129361257009503,1,437.8139442128935
11338,0.01721978086250358,1,437.7200784604825
11339,0.015045895718696722,1,437.85555849497837
11340,0.022741674161483642,1,437.8220109831078
11341,0.014936412709209946,1,437.8047465008478
11342,0.0144207948312106,1,437.94535095253315
11343,0.01575946320174467,1,437.62660440082686
11344,0.011415679176587545,1,437.8280196180811
11345,0.013570227942200532,1,438.09989686830875
11346,0.03946519552670187,1,430.5127792119898
11347,0.032228999659494925,1,435.78809020995294
11348,0.060647263068426376,1,417.7316342935804
11349,0.08823155570142312,1,370.13671865175525
11350,0.12539838044828408,1,39.191869827787
11351,0.10001655773932143,1,145.5965785060052
11352,0.1182539518637276,1,119.57041522509229
11353,0.1250767869217365,1,173.08455344477153
11354,0.07351054709533446,1,378.27772355662165
11355,0.04142785362903867,1,428.6744787216517
11356,0.06106040909079036,1,424.3867557974637
11357,0.0507299723715291,1,428.437045716646
11358,0.02506796266791277,1,431.2501324542701
11359,0.026827563320408438,1,430.0936811439917
11360,0.01617926646899666,1,437.61866060398813
11361,0.01720601775210625,1,437.31819260440693
11362,0.011655223558382971,1,437.82068619083384
11363,0.01010899618721268,1,437.4045744342326
11364,0.01258759307123486,1,437.7950764416145
11365,0.011294728584211116,1,437.91332857751576
11366,0.010515447303074469,1,437.5608748874735
11367,0.014188285686658694,1,435.9015896420301
11368,0.014082224492725986,1,437.2952322566376
11369,0.020747978494410606,1,436.5562212373348
11370,0.036005612600191014,1,433.1251565685105
11371,0.057126790135978434,1,407.1439725443902
11372,0.04771791534198748,1,416.41228873413377
11373,0.06735782211959479,1,393.4067756607164
11374,0.03280232790598322,1,432.9927438214425
11375,0.029730711582138462,1,433.3911100321158
11376,0.011613615851170116,1,437.20037467004073
11377,0.01604680674528072,1,436.72496872381583
11378,0.012878486554905267,1,437.2858736825739
11379,0.01233409346487026,1,436.4273343494117
11380,0.0118610436160605,1,437.230316060396
11381,0.01148162086659084,1,436.98428349875877
11382,0.014900557962660346,1,436.99323111160675
11383,0.05229524577400164,1,373.95233736129035
11384,0.08233346842184705,1,408.8469533184634
11385,0.0837316596003971,1,397.64044988431476
11386,0.07908083111246003,1,396.2409703276478
11387,0.05806373446597928,1,430.4535994724947
11388,0.07814889825536467,1,381.806617030731
11389,0.10675659512375608,1,405.7352984088844
11390,0.05765110304236357,1,402.3237472954243
11391,0.06297462294551188,1,428.82937920169786
11392,0.08199167755364618,1,416.82436347765486
11393,0.062163060457039156,1,422.9254346710792
11394,0.06248377637798175,1,428.68758825790667
11395,0.07180178564429342,1,426.90959419553315
11396,0.06075294704978746,1,415.1316877717122
11397,0.03650017057049652,1,428.3694484988019
11398,0.030626346236362647,1,433.3370710461125
11399,0.035114841463558345,1,428.70597969750605
11400,0.025700374012518793,1,437.4149931664765
11401,0.020902750865269337,1,438.12900810100115
11402,0.011865920190984012,1,437.3142728341383
11403,0.020613701686817386,1,437.7361776089439
11404,0.02867903446799714,1,434.835751723449
11405,0.0341408242943148,1,433.35720382218506
11406,0.05677027430747472,1,421.9962863133228
11407,0.05881930904604047,1,423.1035584016948
11408,0.03881966118540838,1,434.66549474069285
11409,0.036463782771597404,1,434.2361233656418
11410,0.04316054559818738,1,429.57415435874873
11411,0.03779967298323556,1,435.416671106911
11412,0.032037646293596726,1,435.1817480288242
11413,0.025550354299945982,1,436.01493712043185
11414,0.031353603382518434,1,434.8438723406536
11415,0.025255698197602924,1,437.8035700229469
11416,0.019242182430596475,1,436.90582051362213
11417,0.01998691128652705,1,437.60364408743624
11418,0.028415566396588213,1,433.7691148964887
11419,0.025963254223788083,1,436.8820325491617
11420,0.031139340000656292,1,432.15100061411545
11421,0.03222691723760844,1,431.74521120732584
11422,0.031388171081812244,1,435.27642612001387
11423,0.03080991704119161,1,434.40200991552496
11424,0.021200121961995173,1,437.1540526040217
11425,0.027359424843300832,1,435.56211406653244
11426,0.020230301034683564,1,438.0100646869958
11427,0.02483286794093445,1,437.74304636176333
11428,0.032934589106163495,1,435.0229911280558
11429,0.02780492645963061,1,436.2299228268761
11430,0.03141592274513715,1,434.93928731520543
11431,0.01586476527886106,1,437.2577105730699
11432,0.018264302627466814,1,437.0479431842822
11433,0.015964905240343004,1,437.1119473521092
11434,0.01584438806869412,1,437.1525589478144
11435,0.009440983174715823,1,437.01722329569077
11436,0.01299952801032955,1,437.5030194709449
11437,0.009665153587067222,1,437.55755240671226
11438,0.012388414696724736,1,437.4025086239459
11439,0.012436207174314862,1,436.84979132270036
11440,0.022762226682008353,1,435.28685602592645
11441,0.02817768712325374,1,432.5096677720125
11442,0.017470311697083084,1,436.58655303650744
11443,0.010309082710811015,1,437.32441778367564
11444,0.016903960084341633,1,437.42127132609176
11445,0.013025491056366042,1,437.53641109279476
11446,0.022071955078250244,1,436.40275354800525
11447,0.026348888548241918,1,432.9974589599052
11448,0.021665104450956534,1,436.8729457668395
11449,0.039118881040899396,1,430.60178960319126
11450,0.0281164541517541,1,436.2484592123507
11451,0.035315100779761514,1,432.1305717669781
11452,0.02744308028248003,1,434.797091515795
11453,0.01810837098949905,1,437.8127622538504
11454,0.02399949736621797,1,437.2844627094014
11455,0.015922805718459304,1,437.93384575213804
11456,0.0184806922465383,1,436.8022962447477
11457,0.01481665139421055,1,437.7108832598626
11458,0.015100337516024713,1,437.2077010357513
11459,0.015820459873722707,1,437.47490284954944
11460,0.016158255838879306,1,437.19580036184334
11461,0.017155846419909884,1,437.47289317159425
11462,0.02857256865867372,1,433.44168806244
11463,0.05884278960991303,1,407.8684777140429
11464,0.07289447667963057,1,384.1901927523438
11465,0.05933607616494955,1,406.8508080791381
11466,0.031601893363678586,1,435.5447222158269
11467,0.02092268336534084,1,437.77648451104255
11468,0.027827415411062095,1,437.30479651400117
11469,0.01872914321358474,1,437.2220079154065
11470,0.014189732346596364,1,437.7899940314069
11471,0.010735699557015286,1,437.74838034634035
11472,0.013394292837201385,1,437.69046931477243
11473,0.011773558023892754,1,437.651887995551
11474,0.008541910575435586,1,437.3808715865825
11475,0.007252366787580958,1,436.7385186428328
11476,0.00930213238118131,1,437.1866396041011
11477,0.00796406172054789,1,437.19854542535967
11478,0.01202947901114761,1,437.5672887434042
11479,0.010665225544678329,1,437.19735158187086
11480,0.011897133838107804,1,437.48729953389426
11481,0.009240603529744224,1,437.2483435110444
11482,0.008537557316618932,1,437.40352017056136
11483,0.009171882058971166,1,437.4028812132815
11484,0.009842385324422687,1,436.8831949056997
11485,0.021209625848254636,1,436.6869126302615
11486,0.03591636407159769,1,427.1207915734766
11487,0.024630460002789158,1,434.1033575783497
11488,0.02093717818736004,1,436.73575881278134
11489,0.032887406784438314,1,429.42637392380914
11490,0.013817225740367175,1,437.513181125382
11491,0.03886501549485433,1,431.0407703315158
11492,0.05702044084325086,1,295.9642540405647
11493,0.06035353679804978,1,260.6246023944211
11494,0.05042500936759296,1,357.07457415425887
11495,0.038272347883061233,1,396.6889197643958
11496,0.02116762996756776,1,431.87726233700386
11497,0.030496254720804906,1,434.78123659317885
11498,0.020149513661425415,1,433.7403324152269
11499,0.02119246638475222,1,434.76117678461867
11500,0.01392894813081332,1,437.7545227425643
11501,0.0142900662359982,1,437.5246956936351
11502,0.01115484939379161,1,436.89190303067835
11503,0.009924443237224533,1,437.4817548769945
11504,0.010470356301717231,1,437.45229449006445
11505,0.00591561597776849,1,437.1658246415226
11506,0.006620016989816067,1,437.2028144124461
11507,0.007610278881639008,1,437.2064085381255
11508,0.016034410961165046,1,437.04727276010294
11509,0.016495208455244603,1,437.13410447976173
11510,0.028087343368022568,1,431.85005180892546
11511,0.028958735849639084,1,433.1897245603465
11512,0.026935502489055747,1,435.52898573230016
11513,0.017643839602776584,1,438.24473944010276
11514,0.033931174135813987,1,431.34453831204047
11515,0.027023695389572045,1,437.13256385647657
11516,0.037875438225482484,1,431.5853391335645
11517,0.030763401043773543,1,432.9786742209122
11518,0.03844027371275582,1,430.40750761294953
11519,0.02494063320627026,1,436.1306992709761
11520,0.0169493252128059,1,435.7415543558145
11521,0.018994499472736893,1,437.159812083369
11522,0.012948767373646598,1,435.6663722576904
11523,0.011796201639183,1,437.3053506883862
11524,0.012891513921202738,1,437.6078590071603
11525,0.011206968590115789,1,437.8489414566278
11526,0.009476381703141119,1,437.55894958692267
11527,0.010755182995781461,1,437.69740367047075
11528,0.011795755761938736,1,437.9130280990394
11529,0.016794501504607654,1,437.637973551343
11530,0.015649157669693287,1,437.4567611151437
11531,0.01974425384639358,1,437.7086080606274
11532,0.03080197114610056,1,435.42931619188835
11533,0.03023849317923499,1,434.7265148865264
11534,0.02124063281744095,1,436.9453107127632
11535,0.023050266288082273,1,437.73793901002574
11536,0.06799047135928654,1,415.218461787252
11537,0.05377169646308226,1,417.99810624922276
11538,0.024941544371332485,1,434.8513808042314
11539,0.022597466924404976,1,436.2589588784165
11540,0.009942755220683582,1,437.7405408052319
11541,0.01374519312182398,1,437.587540853549
11542,0.011900087949589092,1,437.45190985088607
11543,0.013948273556729467,1,437.8382814337258
11544,0.012401650375018822,1,437.8610043868041
11545,0.014782579423226595,1,438.07127662407504
11546,0.013277994703233586,1,437.6222846927724
11547,0.02961322151700806,1,435.31963374629714
11548,0.05247665322842273,1,420.43061586337507
11549,0.03987758992536827,1,429.43999126761537
11550,0.02567283386109221,1,436.0901217743858
11551,0.03995836425792936,1,425.81842824579843
11552,0.017907157267666292,1,436.59143055863154
11553,0.017500186040893533,1,437.5870096040588
11554,0.011121058688535737,1,436.8459974392553
11555,0.014325753724100299,1,437.9365177607347
11556,0.012847170085950836,1,437.33604388949834
11557,0.023923377481454223,1,436.42902196414803
11558,0.035805110434326694,1,433.5777443729899
11559,0.05686732057458153,1,416.9500133565162
11560,0.04878928199553612,1,429.20399914970847
11561,0.07484238890314397,1,403.00622909991654
11562,0.0814519124683073,1,367.89738804647686
11563,0.06961532427792871,1,367.5315917647052
11564,0.07655411866025541,1,355.8587920283349
11565,0.06400266082856855,1,416.93619462915274
11566,0.07657270757164515,1,400.5969164061926
11567,0.06900720794158198,1,354.57742303823494
11568,0.0652568254752102,1,398.7135135959466
11569,0.07806224991900136,1,370.8135368185673
11570,0.11728367981035105,1,125.2350439021231
11571,0.0556795663879334,1,349.77245337732086
11572,0.08333476980188338,1,209.86225122492678
11573,0.09231947988361955,1,195.50060090745265
11574,0.07972541492409564,1,344.9450988758077
11575,0.036288787108461854,1,436.3403304111666
11576,0.04535590970037519,1,431.35088155577654
11577,0.0549662205277444,1,417.7444366074915
11578,0.023809217408996584,1,436.20418738328874
11579,0.023525001607582325,1,431.59690704477066
11580,0.023043326446455854,1,431.32654507072135
11581,0.026256332151910814,1,431.6705374440796
11582,0.03149632519775037,1,431.9051368462275
11583,0.028229073008763792,1,430.05157095942735
11584,0.03846702035976214,1,431.3770363793947
11585,0.02471915415706205,1,437.02705814232735
11586,0.026747131617220813,1,436.13896548462935
11587,0.02702433897776903,1,436.7748123370069
11588,0.026820361930911262,1,433.6321115128886
11589,0.02306556371110343,1,435.36063566329517
11590,0.02672077720311779,1,433.6829945958371
11591,0.011027889660071486,1,437.6323218764127
11592,0.02187694067582899,1,437.2656000635688
11593,0.011051931969238609,1,437.35995843893915
11594,0.01603769561908794,1,436.7207548986237
11595,0.01211826228333326,1,437.3754820597815
11596,0.012626771586788137,1,437.7517424185814
11597,0.012488299547254417,1,437.5378360638729
11598,0.009409346960607148,1,437.2724681160022
11599,0.012868815228862827,1,437.78159040187757
11600,0.012763485988751199,1,437.85267891780717
11601,0.014154843341712353,1,437.93335332382287
11602,0.01547667919856699,1,437.85041586314173
11603,0.013915724030185737,1,436.9505513618012
11604,0.013173632974457837,1,436.6032938536659
11605,0.024532264438029215,1,434.28504324802793
11606,0.053353873845083014,1,414.2592344095158
11607,0.09580619000122177,1,401.09809701230256
11608,0.06458824277847024,1,429.5687367121727
11609,0.05107840323774122,1,425.22643964888795
11610,0.09676981042866281,1,405.4459144950044
11611,0.09143421927736621,1,401.1569145481154
11612,0.15372745431142518,1,328.6605778770145
11613,0.11615521860616133,1,334.1271806873549
11614,0.11422026010514448,1,229.7516868827992
11615,0.09950270819089597,1,291.38867173167654
11616,0.12493554002856531,1,305.5041371890844
11617,0.11087701909449353,1,240.9493072732209
11618,0.08859559131841702,1,334.13753229621693
11619,0.13306186271435955,1,296.75746290374275
11620,0.041307136096961954,1,434.0685447667972
11621,0.0513797134576376,1,432.34020622364477
11622,0.030803191310878764,1,435.76892696564613
11623,0.039020608877356824,1,429.9884499122297
11624,0.02649717385416796,1,437.14639059821627
11625,0.011300567157875847,1,437.3968516849068
11626,0.013627131466242405,1,437.56874313643533
11627,0.01143012334218972,1,436.85941557324816
11628,0.017800789792110572,1,437.24313197868196
11629,0.020688268443327395,1,437.139602444801
11630,0.018927717567556606,1,437.7109879001821
11631,0.021016700664317597,1,437.22494234153584
11632,0.026191509559919206,1,436.45633544599326
11633,0.023093466557841762,1,437.1461845238173
11634,0.03207925152695314,1,435.2082541151003
11635,0.02283524314950535,1,433.3093593768858
11636,0.017394547424703147,1,437.3589479445174
11637,0.01439063042452271,1,437.05350592867535
11638,0.01982800598785613,1,437.4575741934491
11639,0.01981206418864336,1,437.542365169316
11640,0.01974206655045519,1,437.3247617610022
11641,0.015518731010813174,1,437.8502347439802
11642,0.014833815314357507,1,437.9846401374306
11643,0.01742223963869813,1,437.4688645607237
11644,0.014078066895738612,1,437.5125458288422
11645,0.014680596498204202,1,437.4841155830817
11646,0.012689079084645841,1,437.4507842258895
11647,0.024936390548674286,1,435.8594614553869
11648,0.030485481689332333,1,437.3493389253096
11649,0.029929086122757277,1,436.8054762810519
11650,0.034754965062497464,1,434.2898482643311
11651,0.040864371704919814,1,431.21469973216637
11652,0.04129496773593474,1,424.9862306936415
11653,0.040218218704146214,1,429.7860918559457
11654,0.03578070135272722,1,434.5982549685154
11655,0.03881223721480302,1,429.7852406749958
11656,0.03836211478418522,1,432.0157605683813
11657,0.07387032132419906,1,419.8538242558925
11658,0.08133432034319614,1,418.6774785238308
11659,0.06644936432908699,1,422.0660993893308
11660,0.04078719408960359,1,434.6601226991208
11661,0.04868947905210108,1,431.74620423745955
11662,0.026125282062917376,1,437.1063658875803
11663,0.04910096696210111,1,427.9992190362024
11664,0.05020707661306042,1,426.6677457195896
11665,0.034574112988315156,1,433.63544371775504
11666,0.04318723000718013,1,422.16184801522206
11667,0.032201417378991216,1,426.6783916079335
11668,0.03676935346385156,1,427.0175832735396
11669,0.028043998817321066,1,432.3424664128227
11670,0.03170387460610868,1,431.15869498817784
11671,0.03163010630467018,1,429.60588432209596
11672,0.028813723392966655,1,435.3928978588762
11673,0.023728855810780315,1,436.93416903600814
11674,0.027006411258213858,1,435.11856394818136
11675,0.01892775941940174,1,435.37453413078015
11676,0.013405727550533411,1,435.51735008673256
11677,0.016099974356152288,1,437.70769786093933
11678,0.011390399858241943,1,437.88931319747917
11679,0.014173806257030578,1,437.3034784877961
11680,0.012340305113980833,1,437.5958109148797
11681,0.010959964652872519,1,437.5383636656284
11682,0.01164313479878001,1,437.51832334102454
11683,0.014704554149022647,1,437.7678790954692
11684,0.01633194219664295,1,438.1226139639789
11685,0.01862754868221812,1,437.74950827923556
11686,0.017120676893131927,1,437.67313943565307
11687,0.039134867902890016,1,430.81017011781455
11688,0.027401806892185902,1,436.17916889810897
11689,0.06013133185900129,1,414.7559671645665
11690,0.05913425944208075,1,412.25034223761276
11691,0.05108343570687335,1,405.5441382801892
11692,0.0556781197796326,1,419.11754338139326
11693,0.06326183527292,1,410.13995825652256
11694,0.10095543133009184,1,332.75579875136486
11695,0.08744410893800081,1,366.14201115628657
11696,0.0878142752795406,1,278.24381676836833
11697,0.1462679382549858,1,26.79652843535922
11698,0.0892600498744781,1,209.9419463942406
11699,0.06056164889938437,1,373.83764627003745
11700,0.0864452256945618,1,326.02364371789633
11701,0.11194056399859517,-1,-56.92280206191174
11702,0.1079278637266855,1,104.61388800261875
11703,0.08486200788390617,1,319.7943067826717
11704,0.040992691154121276,1,432.00683261675607
11705,0.043983397748958285,1,431.77327961546104
11706,0.02941909929489423,1,430.0817267349502
11707,0.028085128349261784,1,429.161588976256
11708,0.025471550499010686,1,430.37169276409026
11709,0.02187189768873427,1,435.9901863960746
11710,0.027477065291153506,1,433.68372383490225
11711,0.03756922523083191,1,435.9638976754344
11712,0.034593305783935525,1,433.4043624581666
11713,0.0506786002017689,1,428.23223953943506
11714,0.06770461673381864,1,401.10599705598787
11715,0.05043501853641481,1,426.8149913847223
11716,0.048140748758998264,1,431.185351400107
11717,0.047659844563314034,1,425.04530241218447
11718,0.05559675915779357,1,431.9119735440605
11719,0.09863050522430959,1,336.7793236639673
11720,0.08165255234461731,1,392.76921391266217
11721,0.103937835882531,1,343.0991042304212
11722,0.14360304480979152,1,125.28521424345604
11723,0.1344229447357766,1,238.24530377788437
11724,0.12067998082497246,1,204.97099004284428
11725,0.11579052970262846,1,246.8480648095972
11726,0.13536498720716258,1,241.18460181058634
11727,0.14562188213881025,1,210.72047177657475
11728,0.07002778292332092,1,385.6695277655889
11729,0.06470378500209265,1,420.9181472061523
11730,0.07395047460581865,1,405.9892411659196
11731,0.04680469128327765,1,434.2160252565254
11732,0.03247324330710489,1,428.7498838437785
11733,0.0412730727167255,1,435.04265304589927
11734,0.04407386083821726,1,431.80784737551284
11735,0.058001841882049314,1,421.43324371254835
11736,0.04890738728719159,1,428.29370146655884
11737,0.04677396903584151,1,425.4361427974652
11738,0.03252263698112657,1,429.7852431698069
11739,0.03482233493385173,1,422.6398784022681
11740,0.03796079019034305,1,405.17208405145675
11741,0.05330441397369642,1,398.37883017986405
11742,0.04711388875361562,1,406.70730837037866
11743,0.06899822381110278,1,380.0516622692915
11744,0.06192896662866053,1,415.3914354849963
11745,0.03519239805271574,1,434.5170575795736
11746,0.03298277059845862,1,428.62987268725084
11747,0.026267895108417674,1,435.9249895044075
11748,0.03031192237214917,1,431.3920115287417
11749,0.04762249748555082,1,422.46639288750066
11750,0.028462691965329117,1,437.6263716843617
11751,0.02991392185872127,1,436.894412214799
11752,0.03319200763590714,1,423.95222248319465
11753,0.04308132464854397,1,426.37602519080497
11754,0.04185528230745802,1,434.0057166922727
11755,0.04942456241550972,1,423.92360829836105
11756,0.039275191880066854,1,425.19141893598237
11757,0.024321102841760055,1,433.6398844366862
11758,0.02867606539111801,1,435.81998111982614
11759,0.015709068636911995,1,436.88773692561875
11760,0.018034176834816933,1,437.0034316342181
11761,0.009824436434058646,1,437.24943342298235
11762,0.010373899561402137,1,437.2755519459663
11763,0.008760933460881496,1,437.5494054027939
11764,0.01398093867662992,1,437.5768060610255
11765,0.014517191995842874,1,437.2017200200917
11766,0.01176241328884873,1,437.05695885848473
11767,0.008959550141834999,1,437.22418354879625
11768,0.007715644606893051,1,437.3172257369189
11769,0.007922296568818077,1,437.35792448182053
11770,0.008104144594425924,1,437.37308293778585
11771,0.017475765595751456,1,437.3682148996658
11772,0.017864533374862192,1,437.8656080774147
11773,0.018318615410242177,1,437.7903079816554
11774,0.03066491943835029,1,434.96814826322594
11775,0.06982964938133558,1,393.29675349194724
11776,0.0950057303596058,1,342.4147679967539
11777,0.06346244553656276,1,402.70739623460145
11778,0.019474927272898734,1,437.781933710324
11779,0.028950743351128787,1,434.819488423104
11780,0.012447060250205375,1,437.280806952122
11781,0.01441234868011928,1,437.57588549650075
11782,0.009058661185694233,1,437.4750077773303
11783,0.006838100357629956,1,436.8261419007043
11784,0.007517052730224439,1,436.6772385026204
11785,0.014075634450939952,1,437.99350138148696
11786,0.01351377232492994,1,437.80274367226775
11787,0.01812534926673104,1,438.0388289871428
11788,0.028398236331844632,1,436.338038761547
11789,0.02449974904084257,1,437.4660216985566
11790,0.01879781867516656,1,437.6776594819162
11791,0.027098423965677954,1,436.28055419407036
11792,0.026734710424605696,1,436.5572701454488
11793,0.02306009982629536,1,437.7195446026285
11794,0.018357289357281117,1,437.81824533598
11795,0.014747703119365393,1,437.2885057384703
11796,0.01144864824584335,1,437.18553606547147
11797,0.010883805669014814,1,437.50436172573336
11798,0.024382637630378273,1,434.92127886322737
11799,0.019050245896257836,1,436.86248986607217
11800,0.017869322608187042,1,437.38518110192956
11801,0.011620460449450037,1,437.47075178422267
11802,0.019410109238458883,1,436.65338738328154
11803,0.00899946566773556,1,437.2968125845472
11804,0.011701305816554217,1,437.58991059754203
11805,0.007916109946134906,1,437.34534128170026
11806,0.018062864104582774,1,437.68291930617596
11807,0.01896367643396062,1,438.32290775972507
11808,0.01797970185534305,1,436.6965431782474
11809,0.021245199977203606,1,437.8036553341251
11810,0.040692102281877245,1,427.5335746938561
11811,0.05116074876196318,1,415.72557324491737
11812,0.03361207195784892,1,435.22447103008426
11813,0.04969381386325173,1,429.90775862824665
11814,0.07804429489010145,1,415.4503547086073
11815,0.09987126539150995,1,386.0547741113565
11816,0.0724891578715005,1,417.7409951839119
11817,0.06306684912164678,1,430.18742835763453
11818,0.07170894077212166,1,416.77662175803005
11819,0.0597531398295977,1,431.71912543641014
11820,0.05454335439044355,1,434.05335929162817
11821,0.03480213188216465,1,435.86232481537326
11822,0.03900153844002502,1,428.3406090177907
11823,0.02834575926649758,1,433.8745076272241
11824,0.04177948733093446,1,432.2842147765304
11825,0.028917173245913703,1,433.67192331658293
11826,0.025628424378920347,1,435.2489864740191
11827,0.032446840012020375,1,435.0898563700722
11828,0.03483659512107379,1,435.7743780734896
11829,0.029995547216689383,1,436.3134648962329
11830,0.029548264503292575,1,431.6756660371144
11831,0.028846134752183998,1,432.11669738343704
11832,0.032415247060969994,1,433.09336748513215
11833,0.041428190957780116,1,434.1419193757471
11834,0.06350664060757683,1,423.6279024691559
11835,0.05644287535590554,1,424.02943433606646
11836,0.03352713659456361,1,435.6683409574029
11837,0.034255223641200656,1,437.29483340421945
11838,0.04050884282321248,1,434.4365777561337
11839,0.02570025279976405,1,436.08132224241575
11840,0.031328665024652855,1,434.9485848506597
11841,0.026273994568276723,1,437.28251608003563
11842,0.015921717691514053,1,437.85149554368786
11843,0.01893005556705399,1,437.3817584468815
11844,0.013125202327843645,1,437.78506211823407
11845,0.02099945213151161,1,437.13622566468246
11846,0.019979538824512977,1,436.942556526541
11847,0.028692235407084436,1,434.94448512865085
11848,0.030670517844290122,1,434.5975645494466
11849,0.017864222225874502,1,437.47271962602497
11850,0.019086256470272844,1,438.10138626759095
11851,0.02714663490239122,1,435.433522655003
11852,0.046055642090533824,1,424.8602526629443
11853,0.04926701843525745,1,423.80957808501773
11854,0.04437141100988434,1,424.6202602728198
11855,0.0424714343168893,1,426.4431614513195
11856,0.03776956317540104,1,428.4974274159739
11857,0.02417476328104033,1,437.32400308925196
11858,0.029678942483792475,1,435.396434054372
11859,0.03300030654672337,1,436.0294024181783
11860,0.03168575206590391,1,435.50909876865796
11861,0.018940267075892036,1,438.0768026671416
11862,0.021911394915926554,1,437.50381739446834
11863,0.017490279158502035,1,437.99130296835773
11864,0.01730537258201078,1,437.8603064927402
11865,0.008691022829892996,1,437.33198131825367
11866,0.019358161059678674,1,438.46675123258683
11867,0.03891113074792394,1,428.7175631566288
11868,0.06523580578927086,1,392.4075430600827
11869,0.06122333969298493,1,406.17026490748356
11870,0.04777766684251964,1,430.90139541175415
11871,0.037245141728495766,1,434.5303052871983
11872,0.021233779731449687,1,437.0209369710083
11873,0.020215476473892862,1,437.49912422945795
11874,0.020211116536635158,1,437.8822282041142
11875,0.015165403374493248,1,437.4588211906979
11876,0.015217474806465273,1,437.2131750725479
11877,0.014518206647212584,1,437.60002786047164
11878,0.016557038336861726,1,437.6357094948174
11879,0.02986496620815114,1,433.9015014309774
11880,0.027919452954357295,1,434.2560390263551
11881,0.020926348684140582,1,436.940907775932
11882,0.020743181892995233,1,437.1796016369254
11883,0.021808019609164862,1,436.4172331158402
11884,0.00884574153807208,1,437.5885450662562
11885,0.01728514738309257,1,437.07256515715505
11886,0.01774043157795806,1,436.49923506237883
11887,0.01621084159301759,1,435.4367473025586
11888,0.02020510988544138,1,436.1958245326215
11889,0.019426632765772864,1,435.447756746706
11890,0.023653949441871432,1,435.9931991060536
11891,0.020513617574956688,1,434.77763571670624
11892,0.021103672700957973,1,435.88947806111815
11893,0.020999086153911075,1,431.8876002960943
11894,0.015997550717421465,1,436.8849255415924
11895,0.015085171578318499,1,437.73852137189647
11896,0.010298782120264372,1,437.3418805942367
11897,0.013814513828685036,1,437.42084277331384
11898,0.017846547254093837,1,438.0769795897864
11899,0.01348316642388811,1,437.69603079790767
11900,0.01382816811408217,1,437.87627203616034
11901,0.017627152471019685,1,438.2420724997791
11902,0.019869120331634457,1,438.2582554114178
11903,0.01714087543569803,1,438.34773912522127
11904,0.018228916721215,1,437.8047795122881
11905,0.01402509034061709,1,437.7305821826217
11906,0.01778067325476915,1,437.78142256121066
11907,0.022627819576904257,1,437.3892923168275
11908,0.02263287715653785,1,436.061539511641
11909,0.01884235998258599,1,437.75357687393387
11910,0.01283709537151709,1,436.6945667057969
11911,0.014036438663796832,1,437.25261375788426
11912,0.012374146002757155,1,436.9110656460678
11913,0.013219625108578064,1,436.97143792898754
11914,0.013437766548195148,1,436.9260434825965
11915,0.012791859778979172,1,436.51676786135636
11916,0.014885668449523881,1,437.67155723816705
11917,0.010552083949901913,1,437.63318720183076
11918,0.006680835438249009,1,437.2836390945088
11919,0.0064850932614307,1,436.95161385581974
11920,0.010382319902535261,1,437.5549807721966
11921,0.0305271547300704,1,433.70861541879657
11922,0.06768710673020804,1,391.2446137463168
11923,0.06594972301516847,1,384.13608710316606
11924,0.07332478783578379,1,387.50381843905205
11925,0.05709053872164211,1,416.5474149737443
11926,0.02585514057261861,1,437.2667264484688
11927,0.0759961354461762,1,385.95781138564547
11928,0.04621493482881444,1,430.8019663281501
11929,0.06118253386692529,1,416.96306447683713
11930,0.06011152947301838,1,421.887242710658
11931,0.04904388812763261,1,427.9811349371875
11932,0.03846051420391951,1,434.7969054255216
11933,0.0348951000226726,1,436.7347974304171
11934,0.03729080694435199,1,435.2527567377035
11935,0.02939959826785716,1,437.5642861538318
11936,0.030389503951384237,1,435.22931705667264
11937,0.050060440824868706,1,395.0934275612781
11938,0.031651308201453114,1,436.5911792253582
11939,0.035757163850044404,1,436.485423503615
11940,0.032269315544410225,1,436.09401586961195
11941,0.03263787221764981,1,434.61226422975955
11942,0.05311891964161557,1,417.33145780779296
11943,0.046067046005943975,1,429.2671565048167
11944,0.04632071532782223,1,432.6500748311125
11945,0.04588533342647072,1,425.2977934983717
11946,0.047035580582045836,1,425.4469618313343
11947,0.05010684160734297,1,430.6625395540188
11948,0.05243755977720904,1,430.2362533798814
11949,0.06534115443071069,1,419.9233118087194
11950,0.05881946905433694,1,424.23840783506176
11951,0.045014845266610023,1,428.39719635808154
11952,0.032715475538883924,1,434.90425552832926
11953,0.01815237019036642,1,437.6679571372346
11954,0.03080406959197036,1,429.8943862977354
11955,0.035718441357277676,1,426.7836965721034
11956,0.03904921658317318,1,425.1100713772268
11957,0.027375690599891783,1,434.35528261252676
11958,0.043425079548451075,1,423.1752501798215
11959,0.01933649734028764,1,437.5108173092844
11960,0.01929225100155104,1,437.183053512398
11961,0.011434870755098586,1,437.7302316320241
11962,0.01039657463308968,1,437.47003281612575
11963,0.011569310300092969,1,436.7671011163655
11964,0.011228286207502889,1,437.0697832307475
11965,0.01220746392776151,1,437.4727600993379
11966,0.012277330805748905,1,437.5262694441831
11967,0.008646428735302438,1,437.364948280319
11968,0.009218240581266302,1,437.6272206329111
11969,0.013313827376769177,1,437.8492474402765
11970,0.015936568625278442,1,437.7785646540603
11971,0.01730837658235838,1,437.2848876334043
11972,0.014546513441428353,1,437.5458961587779
11973,0.01225563356065346,1,437.79813363721564
11974,0.030495290324953704,1,436.29189103260495
11975,0.038375773877825904,1,430.92044760802025
11976,0.029997284394799005,1,434.51874354244006
11977,0.05790828785802473,1,424.5942145905977
11978,0.04430839404834419,1,432.400400212497
11979,0.03203561581450933,1,435.9248654093597
11980,0.03054511495472038,1,437.24351558425053
11981,0.035343091001651714,1,436.0890198700764
11982,0.08356011089176177,1,396.5256709794657
11983,0.11658265748138276,1,254.47528033906903
11984,0.10194026957465677,1,366.0535026794761
11985,0.09286990038255014,1,393.2136642780331
11986,0.14579065831535098,1,281.10316369419286
11987,0.11231807385501635,1,341.07805913197
11988,0.12609345695826102,1,326.1562400953436
11989,0.06700928342110195,1,411.28147785007366
11990,0.05368407684086852,1,423.66296533957126
11991,0.045085116582084285,1,431.1429705587518
11992,0.0292819630240077,1,435.3108484428526
11993,0.041160314010521414,1,428.7676642207503
11994,0.031838203795216166,1,435.44828994879356
11995,0.030113425269376614,1,437.50253449384167
11996,0.018225332680426122,1,437.96517252335724
11997,0.014175555148196734,1,438.0424348160157
11998,0.02197225506521765,1,437.6725130066047
11999,0.02421827223700051,1,437.7050791023543
12000,0.026099990971546413,1,434.91144173073013
12001,0.03614673504211007,1,434.86368711872797
12002,0.034122326479395455,1,434.99664895733434
12003,0.04237507519922013,1,435.0256996704642
12004,0.06328712056478211,1,425.00630694788464
12005,0.0748795440006961,1,408.77812498610973
12006,0.07715398616743398,1,412.7266471108653
12007,0.04859032228933243,1,424.18410145756224
12008,0.06428781503900038,1,402.46899762173064
12009,0.07492021819810087,1,343.7546457570209
12010,0.06584386028797229,1,400.7082432898675
12011,0.06475284814665085,1,387.44780296460164
12012,0.07298006474710049,1,387.7716953802656
12013,0.0875032469311802,1,307.5837394356516
12014,0.01813427428836858,1,434.4182034935949
12015,0.027810426881106107,1,430.943768508696
12016,0.025934532605871394,1,428.75096850378014
12017,0.034030610194169246,1,408.9501242306287
12018,0.03858727217393101,1,427.9040731373929
12019,0.08897956279972494,1,372.0880316785233
12020,0.07661404935979957,1,400.424796777132
12021,0.07889275522653408,1,396.5292377531767
12022,0.08168008373072443,1,387.0595092913343
12023,0.08188159473722571,1,384.1318920736096
12024,0.052773468536703956,1,405.8899339070366
12025,0.05778790022854758,1,415.54687626981615
12026,0.06565701744446675,1,399.9563872643715
12027,0.03481333790336367,1,409.66535813819905
12028,0.031436594324565297,1,425.7741037900235
12029,0.0261380848179413,1,422.3091725395659
12030,0.03686287358453983,1,409.63084737590674
12031,0.04168237856689589,1,424.0270811465787
12032,0.018798276398472376,1,436.4227343599324
12033,0.021832990455603052,1,436.486087046399
12034,0.02785596717318226,1,434.1975526635021
12035,0.02081232449270658,1,436.7934477163933
12036,0.03038915921545874,1,434.33703514536757
12037,0.025267500708175288,1,436.62389254491796
12038,0.02161397280648144,1,437.9749725777351
12039,0.013157241933509398,1,436.9958171190113
12040,0.02166979507239846,1,437.3324195658927
12041,0.02021270559836289,1,437.5647057295828
12042,0.018008325408142737,1,436.68601584833135
12043,0.022213048644021228,1,436.1721711876502
12044,0.018085516953482744,1,436.60442818869615
12045,0.02112642333970929,1,434.4681485031024
12046,0.01713621061327242,1,437.3351701563232
12047,0.01632126313844007,1,436.99171488322077
12048,0.01989441138394747,1,435.6129876906128
12049,0.012670006939425587,1,437.3494940783429
12050,0.01359822294652005,1,437.5742072564931
12051,0.009518216597497948,1,437.199567762916
12052,0.010259215265342602,1,437.5479568829504
12053,0.007069081733202343,1,437.38012304902946
12054,0.011753598815744443,1,437.47626474807026
12055,0.009119155595939954,1,437.55436849159673
12056,0.009835410440599643,1,437.5737849828558
12057,0.007585065980864455,1,437.3697428288337
12058,0.008638157234433296,1,437.52081938001817
12059,0.012556768294317344,1,437.53010189287755
12060,0.012567277805703254,1,437.5873221467691
12061,0.011873836776608531,1,437.62714269025594
12062,0.014931272411196942,1,436.7302563329747
12063,0.01760474133307547,1,437.5241414135421
12064,0.027336918877517886,1,434.15397425305616
12065,0.03167164962200218,1,434.4621527271644
12066,0.02343612657986117,1,436.9671112096485
12067,0.025742153818474757,1,435.90760808093427
12068,0.03884631869545967,1,434.298938562478
12069,0.025876796056190362,1,436.3720978872623
12070,0.029403097296868127,1,433.787769069839
12071,0.022730822292780072,1,436.23815161625765
12072,0.009240447759623861,1,437.65181971487385
12073,0.008557093955711794,1,437.4649821567327
12074,0.009555443026323723,1,437.39016647910296
12075,0.008064099810140831,1,437.0825189203232
12076,0.008151858745087706,1,437.2583956220737
12077,0.009268404636916406,1,437.2029184104593
12078,0.009571086335153479,1,437.12261734140765
12079,0.009428307278252909,1,437.62141835417407
12080,0.011898514773561472,1,437.8854607889006
12081,0.011840908386681412,1,437.53667008482836
12082,0.015270011559775547,1,437.06874587255095
12083,0.010594439072456774,1,437.61362569219705
12084,0.014804183246299396,1,438.0836447408027
12085,0.010735941407374636,1,437.5780108871393
12086,0.017002007534901158,1,437.8399195256505
12087,0.01316849217307273,1,437.8885407202203
12088,0.019089381428178755,1,435.9312555131913
12089,0.023836888642213828,1,436.9743061173351
12090,0.013658698914595457,1,437.70754959942684
12091,0.01194453877035,1,437.7464557963432
12092,0.020195453773217388,1,436.58069339062513
12093,0.015776443968137727,1,437.41548855639974
12094,0.013614448958926004,1,437.8003264403671
12095,0.018889693562825216,1,436.6509326861202
12096,0.011738104312184855,1,437.64030521290186
12097,0.014571222516107925,1,437.20045314884925
12098,0.011049278490394237,1,437.3226925542529
12099,0.019576379456767292,1,437.02734101253435
12100,0.02208990261357589,1,436.889682854673
12101,0.019878619063797075,1,437.3866601344183
12102,0.015887326648623336,1,438.2223347488379
12103,0.022204907946501398,1,437.1366796517079
12104,0.013253709944220192,1,437.90592479864085
12105,0.013620081296300114,1,438.0843398799888
12106,0.010601003809645852,1,437.7716395270156
12107,0.015680634630575417,1,437.5036193037818
12108,0.02051846367966782,1,436.6227420756066
12109,0.020389858842515245,1,437.7639458299653
12110,0.013658877398630974,1,436.6513758300689
12111,0.013695996945381617,1,437.03719760932614
12112,0.017781920154771588,1,437.3397320841607
12113,0.016526153129910095,1,437.2227731532686
12114,0.022783646217732097,1,432.43658143070263
12115,0.03523236818419959,1,428.4904081990942
12116,0.028666065808861583,1,433.33325257711937
12117,0.025857756410076545,1,433.6367652352605
12118,0.02750703988042384,1,433.1307936776204
12119,0.022423884944619672,1,436.4598785025699
12120,0.03754786922485846,1,432.75922056536643
12121,0.0986507965693006,1,365.7288897836455
12122,0.06625028561500483,1,407.78606892068933
12123,0.050674061653745155,1,426.8451109411662
12124,0.034251135739885315,1,431.7852486029448
12125,0.03860719202831885,1,428.9644095655489
12126,0.028015385857133722,1,434.445007813294
12127,0.029705099430931265,1,434.43767904014544
12128,0.023908712507024334,1,436.8830994746273
12129,0.018184349652508446,1,438.0159572620941
12130,0.014558872585256389,1,436.94569491995503
12131,0.01742014875498538,1,438.371130394045
12132,0.012912716941578996,1,438.02077257863345
12133,0.018891778759227856,1,436.1072838344414
12134,0.017231270160979646,1,435.8808554876656
12135,0.030421097544782293,1,435.75563072300315
12136,0.025916288670605008,1,435.9039176924034
12137,0.05212016907165496,1,419.7861540057802
12138,0.026807427840277908,1,435.2805730262785
12139,0.042201646744378415,1,423.608033884942
12140,0.07092651532511336,1,307.497822227155
12141,0.09063144105889771,1,366.2303012712512
12142,0.12169539130815396,1,343.8954598627882
12143,0.10226214709140159,1,372.0760042105335
12144,0.0599387235826711,1,428.71486614648876
12145,0.11024273093232272,1,352.0185614321122
12146,0.08900705630096784,1,415.0638048969792
12147,0.15353546774256793,1,334.25277453264897
12148,0.17797606888908696,1,221.30865240104595
12149,0.12905456366886728,1,139.57816392128223
12150,0.1284598361949651,-1,-106.81525311014377
12151,0.12787136646368985,1,196.15335610971178
12152,0.18052921427855634,1,122.24133925126404
12153,0.1722911415388702,1,225.23358270991335
12154,0.15829904765078967,1,256.64356483371546
12155,0.0679618479152002,1,384.61430788421785
12156,0.06778543366424072,1,383.7298161316223
12157,0.05500298121131636,1,387.7934470750906
12158,0.055226501910094906,1,401.43161884603035
12159,0.04095968554980582,1,436.00621970625764
12160,0.09837342696852422,1,291.28429315250514
12161,0.09591208663250617,1,335.3364898248368
12162,0.07477833304838509,1,402.336436284001
12163,0.13168292086714456,1,280.20279583368745
12164,0.08904684878193335,1,406.0647504202317
12165,0.17638630836406757,1,281.6058426965425
12166,0.21692855146495207,1,218.47878232885742
12167,0.198977097080724,1,222.9355577932824
12168,0.16531048945919571,1,308.6647772643414
12169,0.16468262024098182,1,185.08776922267805
12170,0.14274236020860614,-1,-15.44614626610985
12171,0.14969714629601008,-1,-125.32996709170754
12172,0.1688196543559213,-1,-249.79445594034848
12173,0.1563461153682749,1,287.40999369331547
12174,0.15840339953248872,1,219.97605957387017
12175,0.1573063269242981,1,152.77178097917033
12176,0.15312270654925558,1,271.17483302762486
12177,0.10618228267457284,1,295.7133562710644
12178,0.11713058546206767,1,374.53302866936065
12179,0.12985039027161374,1,225.34679418415084
12180,0.08315180482200647,1,392.2725178397555
12181,0.09624552338391644,1,397.00160237650135
12182,0.051682236475931585,1,416.91988624488846
12183,0.09681932868771607,1,396.81751560668243
12184,0.148473031229146,1,314.4734377403961
12185,0.18376538995989475,1,207.51696763472435
12186,0.23895931930581946,1,128.55200052014754
12187,0.13288106919563933,1,351.0390369872007
12188,0.14634692295115317,1,343.23338227192477
12189,0.21324996644972946,1,233.12235910747364
12190,0.24077748052467388,1,193.64534934313428
12191,0.20016416223468153,1,259.31341997921277
12192,0.12028421844522119,1,298.0999921143722
12193,0.10115110968236304,1,398.0472696604947
12194,0.05839842220164181,1,422.02500486314096
12195,0.06542823733445763,1,420.2691165750227
12196,0.08275782630661091,1,405.07659245162336
12197,0.07797025033095487,1,423.0944064183773
12198,0.029938078088845032,1,437.2356400770888
12199,0.027235082570719753,1,436.36655756534947
12200,0.02883595173410994,1,433.6756320630337
12201,0.03197849569473587,1,433.72403072161086
12202,0.048004931614792565,1,436.01869774650794
12203,0.05947914496613509,1,425.8586896662961
12204,0.06671916099467559,1,417.5485667455622
12205,0.04879400194202431,1,409.52618424132885
12206,0.05236116087458957,1,392.6145167959096
12207,0.06563091459445268,1,374.5235505048842
12208,0.06441039239727273,1,394.9401894991063
12209,0.060898202221214635,1,408.3845146998831
12210,0.07661715936592892,1,386.8044295414631
12211,0.07101629758230789,1,384.7062760644114
12212,0.06384545018927593,1,401.19292064445153
12213,0.08439347767633834,1,386.3312064061938
12214,0.07020525944817993,1,415.19012497217625
12215,0.06743255558046234,1,424.2536549347972
12216,0.047117440464290956,1,427.7771667707176
12217,0.05275076458623945,1,423.53174742039664
12218,0.05715743462209576,1,422.97764005104966
12219,0.020281921480176553,1,437.7792493081158
12220,0.023653988505093766,1,436.96460994309206
12221,0.019738953861249273,1,438.0017845603979
12222,0.02249188873204559,1,438.4667601884541
12223,0.024288504976434595,1,437.18037570147766
12224,0.03583089936960219,1,435.57546485791727
12225,0.04292018747140423,1,434.6949966115345
12226,0.07329565580209611,1,410.60790366494393
12227,0.05256936964311686,1,422.59268150687836
12228,0.03735379784405441,1,434.76112407423216
12229,0.0252758026073239,1,436.63852970529473
12230,0.032289145367791136,1,436.36106527616283
12231,0.025271987109876576,1,437.9534425944703
12232,0.030943676710782946,1,437.02519440173467
12233,0.04575044000467667,1,427.25097189963503
12234,0.03403221654780343,1,435.4733537925075
12235,0.024414439989606507,1,437.5028214651306
12236,0.02112885145192306,1,437.0719486926952
12237,0.03584114854892491,1,433.193656298714
12238,0.0216615320753205,1,437.7602441251445
12239,0.028035480590977064,1,437.4690560728497
12240,0.021336107376706513,1,437.769464573236
12241,0.049528222048457735,1,422.39127464050443
12242,0.04234288659848538,1,426.89234102845467
12243,0.03907566736423792,1,429.6278000405139
12244,0.02476260974300104,1,437.0605971957498
12245,0.027093780170180354,1,434.3562301859693
12246,0.012832033270905274,1,437.62742686688205
12247,0.02445916892126824,1,435.3122312188077
12248,0.013541450677007847,1,437.22392893258063
12249,0.0118468776690011,1,436.98184463977253
12250,0.01014030756076167,1,436.6719115409208
12251,0.012283679951165931,1,436.5546396826466
12252,0.011110441996398577,1,437.60266937883426
12253,0.010077607829544375,1,437.49178389958206
12254,0.0069430161205267195,1,437.23934908685044
12255,0.010917372298328383,1,437.4119716987148
12256,0.013200684879193165,1,437.6644620743522
12257,0.013883000863290243,1,437.30642178988876
12258,0.013869413499036634,1,434.02816672534055
12259,0.02267158084248334,1,431.18357212423564
12260,0.023299991009015784,1,430.555558845607
12261,0.025054233389443493,1,428.155187282425
12262,0.01655440532962536,1,433.50768388100784
12263,0.018501110490710643,1,425.5164164608593
12264,0.01861067641534517,1,429.78981113654817
12265,0.020651078692466403,1,429.81290442097423
12266,0.02212309488855423,1,434.6131359360086
12267,0.021563298124266824,1,434.99472263620913
12268,0.021301359577238253,1,435.2823294910168
12269,0.01746071064723429,1,437.1993174603077
12270,0.017477495646550673,1,434.55536377567756
12271,0.014492248505617427,1,437.30106008244013
12272,0.008967737680751953,1,437.1181305347157
12273,0.010099449134648565,1,437.3749769951504
12274,0.012440305629926611,1,437.11151694593474
12275,0.007152740370712697,1,436.9688699397792
12276,0.0111099245293851,1,437.4598629820075
12277,0.009328844268026137,1,437.35050815942236
12278,0.006906829933239807,1,437.1357717919984
12279,0.01010692124031667,1,437.49483907851095
12280,0.019637846729042497,1,436.0422829637284
12281,0.020163564445237182,1,435.41121524561396
12282,0.026297571567681945,1,431.42865730826855
12283,0.017646141435755106,1,435.83347090995613
12284,0.01590140682764885,1,436.57613022715736
12285,0.008611303758160424,1,437.5290833932991
12286,0.01451134711012428,1,436.58382695054
12287,0.004652525464465331,1,436.9794079225942
12288,0.008290731199874227,1,437.4310431300241
12289,0.0076732914654524,1,436.10008040793207
12290,0.011052706079850845,1,435.119760138817
12291,0.009607431392018176,1,435.8572624819282
12292,0.01040846274619517,1,435.04255392486345
12293,0.011519897232680128,1,435.833078860567
12294,0.011076269241413417,1,435.281378413777
12295,0.007898065474376497,1,435.73655671981226
12296,0.008056570606670277,1,435.9247488310038
12297,0.008063135257128843,1,436.6876101805034
12298,0.007531998575883506,1,436.5341696732583
12299,0.008232467940635396,1,436.5768901687541
12300,0.0077815765666387265,1,436.8122819749627
12301,0.00947136836339993,1,436.2000303734653
12302,0.013409265811105986,1,436.760570768337
12303,0.018389596721905065,1,437.17548470319895
12304,0.020518533854427843,1,436.4036670721789
12305,0.016779952045964868,1,437.4024619003735
12306,0.018460497353116372,1,437.59959300145675
12307,0.011705547517675993,1,437.8188547126958
12308,0.014219970022982295,1,437.3637526717698
12309,0.015611873629786182,1,437.5418800051258
12310,0.014333978604498284,1,437.9248291693252
12311,0.013806052789257553,1,437.77829460732147
12312,0.008201352114885313,1,437.39210808630645
12313,0.02341956349310653,1,436.6310813899047
12314,0.02719791592551205,1,435.12912301913815
12315,0.021175221059265902,1,437.8233245087839
12316,0.02466180504496607,1,436.1731524617911
12317,0.043089932276320526,1,422.90583770864237
12318,0.016647429664818796,1,437.0835001928718
12319,0.030177229819190847,1,432.1945608019149
12320,0.009391012705248307,1,437.0896588329573
12321,0.013185672543866933,1,437.227872887517
12322,0.00734043076797027,1,437.2829111671823
12323,0.005735878562709468,1,436.97879417147834
12324,0.00856926154471042,1,437.1695942613616
12325,0.005510698278565796,1,436.77211665281925
12326,0.007034894103156753,1,437.0820590765341
12327,0.0057476497699162485,1,437.2046145408648
12328,0.007259787778855849,1,437.40590844481125
12329,0.01027994785631708,1,437.3293381200129
12330,0.011131501266139515,1,436.74193379855126
12331,0.00910593975001402,1,436.6933875664241
12332,0.009464803378449115,1,436.947729550947
12333,0.012617109628369224,1,437.33964472309447
12334,0.016983466043580423,1,437.19181915107043
12335,0.011390761376449884,1,436.7280204555506
12336,0.019482578602049855,1,437.450063521827
12337,0.027614459333966564,1,435.2103912969602
12338,0.021266931981847044,1,437.262773314483
12339,0.021592297270713462,1,437.1180155576227
12340,0.013560613468378746,1,437.88665878916714
12341,0.014147622446869106,1,437.8651968258714
12342,0.015977024052292527,1,437.52019009375016
12343,0.012292400058838313,1,437.6128475144383
12344,0.011717704644368119,1,437.716688081252
12345,0.008796198534312386,1,437.42286685634366
12346,0.015843512502908,1,436.206242678254
12347,0.017646614084776965,1,436.948383667977
12348,0.01760188681263811,1,437.9488731472918
12349,0.015397902960222625,1,437.7584477257527
12350,0.0215016467338446,1,436.4740922062823
12351,0.014602138702053203,1,437.5485432401299
12352,0.013787102708176253,1,437.769844800476
12353,0.010551992903645361,1,437.50892511708275
12354,0.01424629617919966,1,436.8747085565293
12355,0.013900273249227308,1,435.7837397586069
12356,0.01539998746414079,1,436.75805197107576
12357,0.019868654638668933,1,437.3719491143526
12358,0.015130583801899574,1,437.73498857155363
12359,0.020849912473660876,1,438.0203535652583
12360,0.012326493756213945,1,437.8092117436897
12361,0.020866967908574407,1,437.5223370472955
12362,0.01981740604625463,1,436.5750991784255
12363,0.014763133112503072,1,437.2051308550904
12364,0.01738487417320268,1,437.18681894937964
12365,0.01108144797064195,1,437.75870036632324
12366,0.012175498421128498,1,437.5114839346293
12367,0.00945307458431217,1,436.87556365910336
12368,0.01233252527965554,1,437.57352795559484
12369,0.008991681214288921,1,437.31923220189094
12370,0.011474593452456177,1,437.75653094232075
12371,0.014654137449382905,1,437.3285350709588
12372,0.021978128019177486,1,436.37917710261763
12373,0.03295276757016389,1,433.92428203980137
12374,0.042768894402873125,1,429.6384621673631
12375,0.03743388767273126,1,429.82448892797805
12376,0.028385925709349002,1,434.99894087752745
12377,0.037217333329479074,1,432.2875952009384
12378,0.028966447726653865,1,435.1967739563813
12379,0.030695452556082223,1,434.8875330386011
12380,0.019604634080511562,1,435.7746018739161
12381,0.02721596832035442,1,427.45350918844264
12382,0.0220330352262573,1,430.4151756763621
12383,0.0210594499941631,1,433.7145302378962
12384,0.03647329961973141,1,425.894990022903
12385,0.03905064815516931,1,421.5375211863712
12386,0.04334472668084836,1,426.8171380043333
12387,0.02072379437267644,1,435.221579176426
12388,0.021319218868951363,1,436.2223243627552
12389,0.02735802972026454,1,436.64970957910475
12390,0.029423539615462572,1,437.0807920285387
12391,0.03911071799165389,1,436.3192170450675
12392,0.04323145927341554,1,424.84692100053644
12393,0.02627338235207472,1,435.84646328023535
12394,0.024774812668381167,1,437.0901852461279
12395,0.01662973109634244,1,437.85862916536274
12396,0.02812590027514594,1,436.62039657393416
12397,0.020767770798574513,1,433.41129058606793
12398,0.013381247150975042,1,437.66876869824773
12399,0.011556437271804923,1,437.6557778493501
12400,0.02275547266067793,1,436.67361071199406
12401,0.033470477539883255,1,432.8012506089596
12402,0.017700146765041752,1,436.9449884987806
12403,0.01627510978680059,1,436.51355008021307
12404,0.0214764055738687,1,436.18160495664637
12405,0.013931978969982823,1,437.3379955351441
12406,0.011225671660381718,1,437.13083120980775
12407,0.009060504955220932,1,437.4439249177222
12408,0.010668308032729295,1,437.20559932933196
12409,0.010042594113501172,1,437.4537670045651
12410,0.00774426625038085,1,437.0853892264754
12411,0.009903927773109734,1,436.3962196038812
12412,0.01178841105169392,1,437.39246009885676
12413,0.017786364595467088,1,438.03409680409095
12414,0.07954234074715102,1,356.99767704182557
12415,0.07957482985196182,1,347.31940027393944
12416,0.08235995161588713,1,333.8393198440359
12417,0.11219692628464115,1,143.28965512390994
12418,0.16442710387717321,-1,-150.96419483622049
12419,0.17321306803952383,-1,-116.01609642301173
12420,0.13684802320850958,1,127.37802309933375
12421,0.08102829894077615,1,361.93313774898036
12422,0.04685181576757223,1,422.39883285267206
12423,0.026712237954972018,1,431.219946590989
12424,0.03134698277499492,1,433.23749956984256
12425,0.055224068795780526,1,420.77932813416453
12426,0.028831791251672616,1,433.844342913881
12427,0.05211467736974593,1,417.1406203779433
12428,0.044494358998783574,1,426.9958637520334
12429,0.03984752365516735,1,429.8439503000759
12430,0.02707198609591302,1,436.1332067667737
12431,0.05291228704684991,1,422.82180442640345
12432,0.0274688351295193,1,437.5792031201714
12433,0.021596154710366803,1,437.2358708603202
12434,0.02052414955630935,1,437.45120077890545
12435,0.016991354448660106,1,436.57909056410904
12436,0.011113403055305908,1,436.81790712705117
12437,0.010068832870934899,1,436.65213724846325
12438,0.009335341072324251,1,436.91245932792475
12439,0.009881733862474198,1,437.0291844189625
12440,0.008649601127764013,1,437.34064152259236
12441,0.008787470571943455,1,437.2369427448568
12442,0.006355802740055685,1,437.1253655939894
12443,0.008402050442086282,1,437.30423980819756
12444,0.01018860940855341,1,437.4048157132103
12445,0.008056570799500604,1,437.33133206938294
12446,0.008399981600940323,1,437.47149275391956
12447,0.0070184867585742555,1,436.56257303139597
12448,0.009597067572372494,1,437.5774957171904
12449,0.009502142691182271,1,437.530798531447
12450,0.009449494995746767,1,437.3998007302928
12451,0.016687392096619576,1,437.50523336282697
12452,0.020109670440228076,1,437.59447718502554
12453,0.022378643003218568,1,437.41841515300166
12454,0.018637656861910722,1,436.36032582658197
12455,0.019593989267541443,1,437.460680602277
12456,0.015842135738644767,1,437.84235435481787
12457,0.023616514173027004,1,437.61383128510346
12458,0.019492798611227623,1,437.7619929497623
12459,0.024172716280356575,1,437.83253186600956
12460,0.017397307474225503,1,438.3088797423281
12461,0.0264763158271358,1,436.9834179302157
12462,0.034573532613546766,1,438.2652183373448
12463,0.06032154350272771,1,417.7755201053189
12464,0.06884459158389437,1,382.264437802373
12465,0.09758355769272033,1,149.16295216949078
12466,0.11913655761015406,1,130.894564327095
12467,0.09152125227276715,1,306.69678729275927
12468,0.048782658425962154,1,420.8733204659756
12469,0.056788869977868306,1,416.5187608252022
12470,0.04341806050922091,1,430.15255182097053
12471,0.04209236625110437,1,431.6826526386869
12472,0.04138630671599032,1,433.2574599532837
12473,0.023290473905214295,1,434.3393872059792
12474,0.024248675362648724,1,434.72753603750596
12475,0.019962714626823783,1,437.83859290796806
12476,0.01817749513508553,1,437.337328156862
12477,0.024269554735365056,1,437.052985483703
12478,0.01757702163015977,1,437.61851523680133
12479,0.025478669197757216,1,436.40682240532414
12480,0.02415596405059452,1,437.22746352797
12481,0.030465759551027743,1,434.94742811356974
12482,0.011731277291347637,1,437.28174624134397
12483,0.017014218525423428,1,437.689213458887
12484,0.0216275209329879,1,437.0619543824708
12485,0.020397800303995125,1,436.98643805999205
12486,0.01600061382611911,1,437.3877927253602
12487,0.025117950419852316,1,436.0409154525404
12488,0.018806149492887236,1,437.9059424276619
12489,0.022517831720064087,1,436.40030551029935
12490,0.02663363951593301,1,436.2383313506406
12491,0.02111856946258517,1,438.13710894033596
12492,0.022859952701025577,1,437.73326099215956
12493,0.030921835602846143,1,435.2308446091504
12494,0.0391030504752176,1,434.44465429460104
12495,0.05723386243188512,1,422.54544164074116
12496,0.07223857120174484,1,409.78723054940605
12497,0.06087614360572142,1,424.43723987256305
12498,0.05582827558495405,1,422.1124296582135
12499,0.054384905452620105,1,424.1206980697807
12500,0.05827152709530752,1,426.44783252754866
12501,0.05619672364940683,1,426.01107075912955
12502,0.047974625931646794,1,434.168748172403
12503,0.047823891546370643,1,430.9228460739137
12504,0.05508811779218752,1,373.1825070021393
12505,0.10223203675971564,1,236.27233993469443
12506,0.10757757476375507,1,252.58667313923172
12507,0.11785374108899058,1,184.1589928732573
12508,0.12696152908650485,1,165.40284794250897
12509,0.20451986218622714,-1,-188.58873513455012
12510,0.1102632858785011,1,324.9239313696534
12511,0.0700908464602052,1,383.52790382762447
12512,0.08662456460414229,1,350.2871854510014
12513,0.0667585871802229,1,404.05571997304327
12514,0.06384750944162029,1,398.4282094827746
12515,0.04407414489869434,1,428.0317574225911
12516,0.04859814221758575,1,431.8097256623815
12517,0.04212976498212385,1,414.34833677361223
12518,0.04063226434662211,1,433.58327053577307
12519,0.03309344419243552,1,435.1346079787684
12520,0.03545527190346387,1,436.0281619726363
12521,0.0377189854893382,1,436.4621900521479
12522,0.0519281726792148,1,430.0063759439636
12523,0.07843723346074584,1,420.780195379948
12524,0.21996608889213096,-1,-231.5357130959227
12525,0.2110751373698869,1,61.7213373069485
12526,0.14528611776251044,1,337.5106202083767
12527,0.1472219145565565,1,280.1030661545499
12528,0.17290680244449552,1,90.12985697173855
12529,0.3281147902198449,-1,-1023.4990096483348
12530,0.2084789113194911,1,137.2054658901559
12531,0.18501217096739953,1,14.85647409447995
12532,0.2089741359147026,-1,-484.71122810345446
12533,0.25539601932437067,-1,-577.0073129199395
12534,0.19077741000023005,-1,-710.2139127119426
12535,0.31327370876123745,-1,-1033.3446103660594
12536,0.3104607172271679,-1,-1162.0795258395383
12537,0.21954142580240835,-1,-716.8662104364485
12538,0.10070710113932066,1,288.5330953254454
12539,0.11062567973491555,1,375.17588363498817
12540,0.1318393919641333,1,275.7129348410274
12541,0.12318321657948393,1,329.43455621113816
12542,0.09161957455260247,1,372.03437775126343
12543,0.07309437685041074,1,410.88244358444007
12544,0.05126723533339433,1,431.7790225375681
12545,0.038009183701304065,1,431.46383980926265
12546,0.03215137796471336,1,434.57645409799903
12547,0.022440303590437024,1,437.7029873376448
12548,0.010225514405057087,1,437.70972054433156
12549,0.015217682540575391,1,438.0392718151708
12550,0.014965551019070818,1,437.4631885821361
12551,0.02042267429107377,1,437.33295096118655
12552,0.021221306191102657,1,435.78006381519026
12553,0.03648128300913676,1,433.0454085237982
12554,0.0223040185157292,1,437.7660873249412
12555,0.024137534664224188,1,437.2194675797149
12556,0.01615303665467212,1,437.80622638193057
12557,0.021253520406444404,1,437.2013756586732
12558,0.022172620888255196,1,437.08491506691684
12559,0.00940973254606278,1,437.2998393591661
12560,0.00810069004072518,1,437.38161286599376
12561,0.0088505765784674,1,437.4516029043128
12562,0.008391860296792375,1,437.46299351946874
12563,0.006926100446793028,1,437.1830708035905
12564,0.010525409513565273,1,437.5106196739498
12565,0.012353050169625433,1,437.617364735029
12566,0.009091262705917228,1,437.64649223262495
12567,0.007457556880289329,1,437.34771115611545
12568,0.005982366501841227,1,437.0197687557598
12569,0.009044996337212135,1,437.3799454821441
12570,0.012135824935727482,1,437.5868370685691
12571,0.01948245305506668,1,435.829055825532
12572,0.017349149962874424,1,437.56386316065016
12573,0.012912438850167582,1,437.40483123010983
12574,0.020804429326303695,1,435.72251853101915
12575,0.02299660183631159,1,435.4653180530282
12576,0.024983801482058386,1,436.68337110282437
12577,0.030887939222379927,1,421.3605221268565
12578,0.02376818441193149,1,433.9934342838991
12579,0.026590150772757063,1,431.4704931257176
12580,0.028592523095134124,1,433.084117283761
12581,0.032947351689559104,1,429.16490802870544
12582,0.04106216535514229,1,430.3601558203677
12583,0.0279458417991973,1,436.0113782882879
12584,0.03134740961370237,1,436.3027149364458
12585,0.022835252638929115,1,426.47121606503663
12586,0.011221993088095503,1,437.70524942888807
12587,0.008786757923417618,1,437.538371821241
12588,0.011849533418173635,1,437.91738656301726
12589,0.015400589660088171,1,437.55039086916634
12590,0.015692933261817855,1,437.55285528694947
12591,0.012424901092038285,1,437.9048148767183
12592,0.012829350178449184,1,437.67031014096597
12593,0.017398114228688227,1,437.19217063523325
12594,0.024354056958136448,1,433.68250915955286
12595,0.027758735073190634,1,431.632034977792
12596,0.017026928053799996,1,436.60075707194324
12597,0.015234937015528988,1,437.57584818365
12598,0.032218518552558854,1,433.56426699020335
12599,0.028381911858734562,1,436.51738596876703
12600,0.0473591169170724,1,433.28844488544945
12601,0.035256408803504724,1,429.9880244664856
12602,0.05488976194155166,1,411.8474787044705
12603,0.08259087979774396,1,207.21214229538745
12604,0.09510601019753405,1,120.75368185270776
12605,0.09126913759504905,1,82.71736068016162
12606,0.05471156103129859,1,363.54031537306844
12607,0.0490902268714507,1,424.36376555155715
12608,0.07115108459635021,1,352.3432869679924
12609,0.08585875011559733,1,280.6395687301092
12610,0.04502497235493563,1,395.81144703826345
12611,0.06888790871895525,1,344.7812328154613
12612,0.04754385020900487,1,381.10216870127977
12613,0.043954319112842664,1,410.3037851210623
12614,0.032476525374195035,1,436.68162163497266
12615,0.023579920913243322,1,433.02412140974275
12616,0.03259752445262957,1,431.02249660711277
12617,0.02351492056728318,1,435.72702551561724
12618,0.023699961536075367,1,437.13237728427026
12619,0.0215596080689708,1,434.2047478317611
12620,0.02735446901647432,1,432.4349541834216
12621,0.02055109921145488,1,434.5403662517093
12622,0.017299345576284743,1,435.79616865190076
12623,0.02770379861289484,1,435.0274780313164
12624,0.03675277149330584,1,431.5935485491272
12625,0.029271895960770226,1,426.0801711899074
12626,0.020455059042289007,1,430.7962167080058
12627,0.023734420981678328,1,434.81028887492295
12628,0.024668256878818122,1,435.26398989128427
12629,0.02167883952182064,1,436.1224038834902
12630,0.024745617089510778,1,434.48849301719474
12631,0.018615765703386793,1,433.72499617556446
12632,0.01344418320737685,1,437.8210976554035
12633,0.014312603711658461,1,437.40854921552875
12634,0.024343063743863847,1,437.92402701140145
12635,0.009793421352061859,1,437.21826483211476
12636,0.010596451515913468,1,437.084078903426
12637,0.010459448390919815,1,437.58461355463623
12638,0.014380595896464518,1,436.68892331462547
12639,0.01996524876011423,1,434.7847046644594
12640,0.015265669330004169,1,435.56194892586416
12641,0.01759926186197944,1,436.9411320604895
12642,0.017901538560357262,1,437.1918575383636
12643,0.018768452659716117,1,434.9141958003
12644,0.019246509318221104,1,436.5540704975171
12645,0.017125902598821692,1,434.3332045911339
12646,0.020829388292466982,1,436.8000522013947
12647,0.01897217962759958,1,437.1992819260927
12648,0.01843046144716152,1,437.50580536904863
12649,0.03276561939128993,1,436.16825409791693
12650,0.040426586078234336,1,435.2798696460844
12651,0.02667154614095022,1,437.13203632418
12652,0.016998709568076458,1,437.88088520389584
12653,0.031239033516637642,1,432.57088457729077
12654,0.017765912950241637,1,434.5858925115435
12655,0.03283687580143989,1,433.25182693170507
12656,0.026879732057999234,1,432.55038174403614
12657,0.022992486337006627,1,435.26656946775677
12658,0.2859042971877406,-1,-2404.701457989797
12659,0.3348738423774417,-1,-369.87077963101285
12660,0.26325559933389664,-1,-273.99796119914765
12661,0.27615940967318026,1,47.669575824917786
12662,0.3216626351053198,1,62.12136847882971
12663,0.5543799556073427,-1,-5448.1656849309775
12664,0.2181325370352571,-1,-416.1175216783379
12665,0.19150697510388057,1,83.26876188259058
12666,0.3416409433039182,-1,-719.6134360160031
12667,0.2764016967914015,-1,-1705.7033800953366
12668,0.12793522802148852,-1,-62.17695040965464
12669,0.1692914889013112,1,266.4930155588348
12670,0.13930300071090343,1,280.0022870208304
12671,0.19946115797426497,-1,-84.53989417930984
12672,0.17991537042126554,1,59.465639646036095
12673,0.1509374007825798,1,215.22571649941466
12674,0.08168291225779785,1,423.175091829099
12675,0.05485977775510183,1,433.60596347174567
12676,0.047334429696833054,1,432.76784783955947
12677,0.07231743115755461,1,406.0290896860485
12678,0.0928157769760907,1,350.31641171264715
12679,0.09044749658280907,1,347.359257774474
12680,0.07639486901413102,1,368.6939128771927
12681,0.06652392912200784,1,397.4962100826874
12682,0.05555063238209467,1,424.5674199876363
12683,0.11998174015612281,1,190.274787624913
12684,0.10936257382226713,1,202.07772233506608
12685,0.12045490690464367,1,63.35161527998537
12686,0.0999837200881176,1,284.2930361513369
12687,0.10632732407727309,1,294.3735735703
12688,0.09793919967084834,1,288.6275142281807
12689,0.14954997890812952,-1,-9.97452694325267
12690,0.13785417436605865,1,162.69915648586817
12691,0.11399304908271624,1,262.27269461266405
12692,0.08639039301812303,1,390.131068507237
12693,0.056736133965460525,1,405.1409298507518
12694,0.06529213768273044,1,400.5678872418833
12695,0.07613776492311874,1,390.8458013281789
12696,0.07529147801262327,1,411.4054648175699
12697,0.10036448147768229,1,380.8894403355265
12698,0.08707713535262183,1,387.7961397448666
12699,0.060330395341761454,1,419.0045378508368
12700,0.059239799198725074,1,431.51510801306335
12701,0.09752219180625603,1,392.1445084714958
12702,0.07767274955888392,1,418.6412869680746
12703,0.05944432368880438,1,413.1881219110622
12704,0.05032876285094233,1,412.1042077671038
12705,0.04739325449986497,1,429.12040163601006
12706,0.02326380650858802,1,436.62095060899026
12707,0.023871392749170574,1,436.4135708666836
12708,0.038079471120847155,1,425.8401993113331
12709,0.011149866282409531,1,437.56414883456375
12710,0.017531590369386705,1,437.58242051395075
12711,0.01578744046172312,1,437.38065078522436
12712,0.014529399321653676,1,436.75646633994944
12713,0.019814923004198123,1,436.56200182158733
12714,0.013481274604275414,1,437.46395474108704
12715,0.01843356635651688,1,437.1274816669532
12716,0.017279192913093138,1,437.5726742693179
12717,0.018839716644257442,1,438.0334188077848
12718,0.020237710537197633,1,437.7008472105777
12719,0.036973570765493215,1,432.08837431860326
12720,0.04430631594974047,1,431.65564280119986
12721,0.10584422669970825,1,261.2486988946572
12722,0.09233098790988628,1,360.38162770708874
12723,0.07276762395145951,1,390.78703409798703
12724,0.07133887886176424,1,386.8839392990572
12725,0.09733694248859197,1,344.28559427958834
12726,0.1296160618584967,1,316.5253815378113
12727,0.1320851939570664,1,311.4880239971255
12728,0.10445471850647733,1,348.8287303444634
12729,0.11262794989682391,1,350.7352670172445
12730,0.11232662843343444,1,274.51986966848125
12731,0.10142264251388931,1,290.9473631167962
12732,0.083955663491416,1,352.3446100943505
12733,0.06893992146688989,1,377.1956887241182
12734,0.08041652970362279,1,341.6132023296842
12735,0.07152138425203657,1,386.7843409200886
12736,0.053838292780327306,1,422.86907403014305
12737,0.054626586979783835,1,422.55405187735164
12738,0.050917847724551935,1,428.4552625511728
12739,0.040919624976987076,1,432.60044750356326
12740,0.05665494029394664,1,417.7318398198706
12741,0.06935744317566438,1,427.65695606263927
12742,0.056407139981306156,1,429.4049780314841
12743,0.0732399405779286,1,421.22557767651506
12744,0.031196703478315286,1,430.9614492072143
12745,0.05550665102090891,1,427.79839903453484
12746,0.08314013489792482,1,401.41492804768484
12747,0.07385659620315947,1,416.39136124873016
12748,0.0371339236469751,1,434.6752606502823
12749,0.039091032780276466,1,433.31629018089257
12750,0.03136997501709507,1,436.886555966802
12751,0.04013464839906161,1,433.65022720155235
12752,0.032135264811832494,1,434.3445815369582
12753,0.03756157886068484,1,437.08628606926345
12754,0.013443999861074191,1,436.8325798451552
12755,0.007571331317594879,1,437.49011969419183
12756,0.009371604429118314,1,437.6192077569788
12757,0.013208978786314522,1,437.8505838588341
12758,0.015126468333363948,1,437.13485441816846
12759,0.01779601123673714,1,436.7720882512956
12760,0.030215538758378145,1,431.21880335171846
12761,0.02967849565058574,1,432.2981440549447
12762,0.039724877705061896,1,424.34340196694654
12763,0.025639032158324745,1,435.1041822375506
12764,0.015714496074556304,1,437.20471315545655
12765,0.009073607448334381,1,437.5076224847244
12766,0.011269798635768529,1,437.394696720364
12767,0.01787267389054289,1,437.6822473466332
12768,0.016900310708589366,1,438.2622237409173
12769,0.04101438312529355,1,427.71535800868133
12770,0.06297499911792327,1,405.58898971105333
12771,0.02865802658029019,1,436.96992979841315
12772,0.02072499893195227,1,438.19402429672857
12773,0.022293070477891534,1,436.8287537732657
12774,0.016478487275005334,1,437.9960381118476
12775,0.0186827543294386,1,437.8146583996628
12776,0.015041694353872221,1,438.12555606888964
12777,0.00820219893778037,1,437.36012880052346
12778,0.014605799138808629,1,437.64341877180215
12779,0.01016743927627034,1,437.6800659825004
12780,0.01020352727228766,1,437.5406079878681
12781,0.010425128958162538,1,437.61447661885404
12782,0.014974800199979738,1,437.3267785251062
12783,0.01591497378323548,1,437.71684339145895
12784,0.01721968666716533,1,437.14687717243
12785,0.018769962621781166,1,437.3380978780251
12786,0.02714427018437251,1,437.19932980832004
12787,0.03515542002827974,1,434.5597114427903
12788,0.034226775113298594,1,434.6427716869912
12789,0.04048766605104516,1,433.4154842609278
12790,0.05211015020046574,1,429.21900979169374
12791,0.03569818133310413,1,427.56939618113785
12792,0.030868810577629267,1,432.51140644534195
12793,0.0242460871585752,1,429.91598696555053
12794,0.04135152233606015,1,427.8586087304066
12795,0.03477926220588613,1,424.17337055190217
12796,0.04706507494612126,1,414.7338093039499
12797,0.05634191203419147,1,393.5709752200362
12798,0.05649513359703544,1,380.59900549311
12799,0.04394499955865693,1,397.2503388500285
12800,0.08555694377818612,1,340.172275949906
12801,0.06551094925361656,1,404.6122221895714
12802,0.09816948655562337,1,345.77706057339066
12803,0.10783614800687336,1,389.56728114733187
12804,0.1790042639658769,1,37.47833042317308
12805,0.12787274656474815,1,215.77672304259735
12806,0.1259660033635234,1,281.25791113901414
12807,0.18284300468643314,1,150.65749264740595
12808,0.18544020676862893,1,154.45223852713326
12809,0.1416138062058416,1,205.33406210417095
12810,0.14883289855958765,1,178.32906310710138
12811,0.16364581763773267,1,86.61188448402385
12812,0.15279719027901914,1,101.75181833736298
12813,0.11554800185931492,1,248.23897833338214
12814,0.07241228084047115,1,381.05811227053385
12815,0.06326900764498458,1,412.27189847529775
12816,0.029293241275190236,1,436.0397959763193
12817,0.027294674321512776,1,435.70783865386744
12818,0.019637579313756648,1,435.0679395216938
12819,0.017460612102288713,1,435.59023697700076
12820,0.021960854628642838,1,430.5760954223078
12821,0.032147932544434266,1,434.2177021723284
12822,0.03416815036705405,1,432.97028513988084
12823,0.03725043471353978,1,430.4106413412115
12824,0.0206063046499874,1,434.6614558500781
12825,0.031064380955034478,1,433.1033965617671
12826,0.02543372786395449,1,434.57771866185084
12827,0.026645562080678732,1,435.40031013717453
12828,0.026334435163944316,1,438.3601933718254
12829,0.04152842089924752,1,433.7213591984502
12830,0.03619267576762532,1,432.6575921052118
12831,0.056627791761161325,1,425.72095314143604
12832,0.022443094551110238,1,436.4527519674799
12833,0.021329115201017896,1,437.0209517465321
12834,0.030790388071357228,1,421.09197803184975
12835,0.022765898686378787,1,433.1012101585509
12836,0.02674777563483538,1,433.682418071344
12837,0.03351866097731853,1,415.7585496903957
12838,0.019673541979873695,1,428.8116506432864
12839,0.022103668260868844,1,434.240433668636
12840,0.027403830870173656,1,429.86875445210745
12841,0.025511115486976405,1,431.27610867693045
12842,0.027219662151923524,1,435.65024271422783
12843,0.0366456358362031,1,433.0872779940044
12844,0.02745273026499153,1,436.73695257358224
12845,0.012647993268696053,1,437.72346466410295
12846,0.01987188322742978,1,436.5028181761829
12847,0.014528384948859305,1,437.0660167998073
12848,0.018152341101996896,1,437.16099096552006
12849,0.027641572938728192,1,430.630496644227
12850,0.04394797410862427,1,427.2258814108304
12851,0.026748707136649393,1,429.57791478049955
12852,0.03944448532904725,1,426.0305364692644
12853,0.035794171119291326,1,426.39379591046554
12854,0.040777380315494785,1,418.2221087345753
12855,0.024545964317044432,1,432.2579929793983
12856,0.03543964453184434,1,422.9037726465637
12857,0.04224848793207847,1,431.99711697838825
12858,0.023650446475186358,1,436.6979162843586
12859,0.020931719722816034,1,437.9560720964165
12860,0.027732134555698718,1,435.650491248962
12861,0.039401608180245566,1,428.8816438668649
12862,0.03160424545917565,1,434.2811703304855
12863,0.02841234445910152,1,435.4595503543173
12864,0.019599540667064236,1,436.8660455411196
12865,0.024140138133013765,1,437.4077761886337
12866,0.022759283014822305,1,437.43293750917684
12867,0.01746251644452051,1,432.94443200850543
12868,0.01936668238058612,1,437.01733375281475
12869,0.023064151657498335,1,435.7385378250203
12870,0.021608808542117403,1,435.7089432857541
12871,0.03156782887863956,1,431.75460282660606
12872,0.033499190836058845,1,429.38315204581215
12873,0.037035778186493,1,431.4732504196711
12874,0.07212576200148713,1,394.7319469112817
12875,0.11940446429351818,1,266.5068459128945
12876,0.09777887510018524,1,290.46711030051506
12877,0.09216712434109076,1,288.1708286850735
12878,0.11699613355662394,1,169.1362126094454
12879,0.15331311667000552,1,96.43164363548476
12880,0.15571466018775607,1,251.2198020759589
12881,0.18999611655897558,1,176.51503504751275
12882,0.1658536063942204,1,197.73384306453192
12883,0.15348713677781936,1,294.83410253432174
12884,0.07877000004434384,1,391.4575134641509
12885,0.09417442459804952,1,336.9846537152175
12886,0.0700803547374622,1,383.8010903857653
12887,0.08434269904550219,1,362.3675137046599
12888,0.07859067516292913,1,342.01306843380985
12889,0.05170764142471226,1,408.64460365367364
12890,0.04631167943486858,1,423.4059803609121
12891,0.07800643912754097,1,310.7850127792703
12892,0.07842962887211201,1,372.22662602473935
12893,0.0650402285974578,1,318.3164208912118
12894,0.051507803649416324,1,400.6047577492825
12895,0.08046045994722868,1,365.13329255199216
12896,0.060237026088093185,1,395.778726199427
12897,0.06361404331166107,1,410.25929554144216
12898,0.06761810851917018,1,400.9023037301556
12899,0.06043999109607605,1,377.2595432352439
12900,0.028599684253752724,1,437.5486790725191
12901,0.05631877883832592,1,427.56469079431236
12902,0.05118333595723668,1,432.5317236371027
12903,0.03942303522181702,1,433.711285603897
12904,0.04314462217360848,1,426.6104119002186
12905,0.03926095075610837,1,415.76051426425823
12906,0.04379247752601678,1,405.84452162593215
12907,0.04467692500653064,1,419.37181066679017
12908,0.04030764859050773,1,429.9614255454938
12909,0.03646993087300731,1,434.3132386152898
12910,0.031667183051360806,1,434.0821646909624
12911,0.027966822454759583,1,437.1074769767075
12912,0.027360144861939367,1,437.09401555622645
12913,0.02740418828818927,1,436.8040363133951
12914,0.03907292276384437,1,431.31015096881004
12915,0.03231520348084855,1,435.5266231575695
12916,0.03335659312807761,1,433.1621576245408
12917,0.03833937122840308,1,429.7691446164735
12918,0.03803662202232398,1,432.28191101115885
12919,0.07664852817784197,1,405.7318195373195
12920,0.1319305550168323,1,358.23917877611655
12921,0.15976995911105232,1,353.46279249362897
12922,0.20837922087059776,-1,-244.4633299828629
12923,0.2592297609281378,-1,-986.8807883359982
12924,0.14982993645714446,1,249.04458033373552
12925,0.1690052672968427,-1,-112.89879945656241
12926,0.2310353905315902,-1,-597.3935833424257
12927,0.15437964463346168,1,8.181476557403698
12928,0.13129432049713513,1,253.30973745270387
12929,0.07853677357924811,1,407.8414383764905
12930,0.05708702149884932,1,423.8703474755122
12931,0.042095455224322904,1,430.2253080101809
12932,0.05479655479763412,1,427.2245952237488
12933,0.04580467793785834,1,432.7316780282192
12934,0.07408425714023371,1,422.48479453391843
12935,0.02628355648158631,1,435.81408251243323
12936,0.02896749516347588,1,436.8573242835045
12937,0.02410283004426592,1,436.5563302397017
12938,0.032876271787495234,1,434.696636171094
12939,0.018671564015825832,1,437.61358429696804
12940,0.019445204164354996,1,437.66637649601205
12941,0.03040264013205682,1,436.434591116316
12942,0.02225758560957733,1,435.9118031046172
12943,0.02621883936969106,1,435.5163722500549
12944,0.027064728120872763,1,436.1610253614145
12945,0.0606950725404922,1,350.99503327341824
12946,0.09322306799240934,1,305.94719433863554
12947,0.08922500884677229,1,337.91046473776237
12948,0.09289042247938908,1,307.01407138325357
12949,0.10164723973440795,1,316.9630194258825
12950,0.08347082244402038,1,359.762293329782
12951,0.08663979270248413,1,360.2199213194297
12952,0.0932896427133337,1,348.1068327124425
12953,0.09036070087126923,1,347.7447434066638
12954,0.04598413804857863,1,431.2734460826895
12955,0.04536676612533015,1,434.6955462329236
12956,0.06425160153392398,1,353.52029955630053
12957,0.07465290655004966,1,400.03157226016344
12958,0.08468511988879712,1,421.2289694765566
12959,0.13396287354922568,1,363.1985906565656
12960,0.09662260502181395,1,415.3357415755348
12961,0.11873296733113027,1,290.1197109573709
12962,0.1351413308978308,1,227.00165422255222
12963,0.2231462307680916,-1,-619.817833503806
12964,0.30465315429651557,-1,-2059.937721327342
12965,0.2996603760866628,-1,-268.65860906804414
12966,0.29866786233331527,-1,-267.80540579295655
12967,0.31574612213596487,-1,-298.92295577771597
12968,0.23771485180557747,-1,-4.521200804335024
12969,0.3007046136030174,-1,-83.7611316107691
12970,0.3900607597154861,-1,-228.13246833145206
12971,0.2413075247957974,-1,-70.79458313171313
12972,0.24044730248036594,1,193.56043106486456
12973,0.1947273006474047,1,99.69224111860223
12974,0.1357798066030774,1,320.1747631531294
12975,0.10268037907107079,1,366.4001306993274
12976,0.11324981314982643,1,393.820353772286
12977,0.0988902296607748,1,417.1093670104348
12978,0.06896867147477799,1,406.18031815512705
12979,0.024913376676181327,1,436.135035284353
12980,0.0231523969780431,1,437.09420032863636
12981,0.030623532256618655,1,434.5293714245169
12982,0.025687034864608445,1,436.4444930349667
12983,0.049813188435547696,1,422.4196162829461
12984,0.05934342557614223,1,412.6181565071981
12985,0.04750378020239478,1,432.0063547759347
12986,0.06328496829191899,1,427.0333253618637
12987,0.049717957665770474,1,428.9870913051773
12988,0.05148874909550123,1,426.1979037984174
12989,0.040236891353080916,1,430.5605583095943
12990,0.042174771970486115,1,426.3099706353716
12991,0.04968111716787286,1,428.76986063071365
12992,0.05169690532601255,1,424.9554864841716
12993,0.04705138872334869,1,424.1806572395972
12994,0.04052714737510549,1,435.1386048187703
12995,0.04082461238338909,1,435.90906568358724
12996,0.047870061122768696,1,429.54032321507816
12997,0.0332814867227355,1,435.36558224973663
12998,0.07987345984590213,1,396.6553224126758
12999,0.07532535269787966,1,368.9543535771292
13000,0.09549516860737849,1,235.8346459285545
13001,0.08191766781519519,1,413.1612765621489
13002,0.07877589853284757,1,409.6066296854186
13003,0.10728274334006671,1,398.31804041523975
13004,0.1033637472868516,1,383.34134257131575
13005,0.11673381727972616,1,390.0839453118563
13006,0.09508849510195326,1,407.0196107147075
13007,0.06767890024041341,1,419.94288463189434
13008,0.060199613216661285,1,422.49767730410264
13009,0.05721879935950141,1,425.6001077777807
13010,0.05215056609203057,1,432.41971078273787
13011,0.06260804728846402,1,422.80245859407046
13012,0.05822690459694937,1,427.75041612562774
13013,0.17169981991919162,1,162.5492218294243
13014,0.2005449851288239,-1,-149.65592016022435
13015,0.15288695576099176,1,183.8450679057053
13016,0.13938819239086658,1,235.38818129170292
13017,0.1951852905556747,1,72.13756779189913
13018,0.19427725724995176,-1,-67.03832561813397
13019,0.1601141325785865,-1,-122.8062792077169
13020,0.13940828013991882,1,5.49219664296146
13021,0.06634990695937827,1,400.2562294551222
13022,0.048054105112690204,1,419.0042944348175
13023,0.05955595317292241,1,408.8206909804354
13024,0.058605278902903256,1,428.2598989134066
13025,0.07251021539858905,1,410.6811603745966
13026,0.06215059112533595,1,409.27925044312326
13027,0.032980181856474486,1,436.1477158086333
13028,0.036642897040208254,1,437.3339090351414
13029,0.04990399262146288,1,435.9829978182339
13030,0.07690319975297057,1,398.645059949038
13031,0.12263957117128252,1,378.5557326156897
13032,0.1311420423591923,1,203.22760721212478
13033,0.1446034076248679,-1,-333.0215160758387
13034,0.09857930138486956,1,283.75801110530915
13035,0.08665214202533773,1,388.04900341926
13036,0.11399440116922037,1,180.68987670643418
13037,0.11110658503222583,1,171.2394988428719
13038,0.06617248628800391,1,367.4406817218263
13039,0.07676959187050694,1,378.0045179013715
13040,0.06598679280554866,1,399.64033512495655
13041,0.050850361999269934,1,424.6410739992674
13042,0.06429217835690422,1,402.87838091490903
13043,0.039017734810281195,1,433.24561313908623
13044,0.04268530081905615,1,427.2498932685782
13045,0.03279229102556785,1,435.5810022607481
13046,0.03701727323051456,1,432.20234241952835
13047,0.05428678621755328,1,433.93122551118773
13048,0.1146361709950993,1,304.9052585309734
13049,0.1261026437634713,1,256.10088479958836
13050,0.14921228478936524,1,342.69911300581055
13051,0.18289754011598322,1,326.9376135360254
13052,0.13893575363091284,1,350.7180801154254
13053,0.24518064962392558,1,123.99722703396714
13054,0.15482528303549056,1,367.1745473572664
13055,0.11419853993137576,1,351.0709982461456
13056,0.17217039257798253,1,288.6928295571729
13057,0.12053717414572936,1,351.11174097420593
13058,0.10184428893340011,1,378.41242275218747
13059,0.0888482786657481,1,398.05205481589684
13060,0.0801352208061999,1,415.02568816345524
13061,0.04271757276799319,1,430.08924234641756
13062,0.017639569563530317,1,437.8775088536423
13063,0.02903714500072273,1,438.3750173635795
13064,0.02294942911110864,1,437.67824893978553
13065,0.018134412387678014,1,437.615274236396
13066,0.016449643221789243,1,437.46998428678154
13067,0.013596584656541942,1,436.9093595094639
13068,0.012378686578642065,1,437.0548263231445
13069,0.01292298830767852,1,437.50608599426374
13070,0.013370431318060979,1,437.5274854287816
13071,0.010589018831772821,1,437.35412411719943
13072,0.00828475418518584,1,437.3829767490666
13073,0.008753848712966052,1,437.14129646097615
13074,0.015852314689170484,1,437.0720561942466
13075,0.02228468997596169,1,437.3874418236667
13076,0.02196239425271363,1,435.50305065689963
13077,0.022902923636920442,1,437.30950300667246
13078,0.03852951284040567,1,429.4158061477756
13079,0.03486648799312083,1,433.18588755276136
13080,0.04003989372516007,1,427.3023483404653
13081,0.02946352611126136,1,434.8463698469579
13082,0.023722491548034925,1,436.27059220263214
13083,0.03390102256699603,1,428.5276399389512
13084,0.04703080548830952,1,422.0154716407974
13085,0.031060247054071316,1,434.2774090591606
13086,0.029139385161963457,1,435.1461047570713
13087,0.028831073486714348,1,437.26096756027243
13088,0.053722001193110915,1,427.02638997093914
13089,0.07715399597119235,1,389.78944327650015
13090,0.08674500613592827,1,403.53506479114907
13091,0.06442320982765395,1,420.5016871155057
13092,0.06374752413718218,1,421.41200974003436
13093,0.07694697763275818,1,399.50454832430563
13094,0.0688262167818998,1,410.5468163208768
13095,0.09334651813913197,1,421.19099489376396
13096,0.058599805553377814,1,427.9484479408453
13097,0.050779265299880576,1,404.20882034108274
13098,0.04316488412302468,1,409.6565129949209
13099,0.061595355098195415,1,396.4259354278602
13100,0.05447164543695172,1,386.84857825829926
13101,0.05090832459879561,1,421.6972154108248
13102,0.025490820722831015,1,436.26506241149093
13103,0.030100688924808612,1,436.50389490915046
13104,0.020705373921102974,1,435.75880652402293
13105,0.0299687760356834,1,436.53410899914377
13106,0.023921350160270628,1,433.7454642041411
13107,0.018592083340212843,1,435.28149591896585
13108,0.01042682553123144,1,437.262956224946
13109,0.011332240340154632,1,435.9657923479314
13110,0.014102517856585551,1,436.1170616312769
13111,0.018169316951693305,1,437.2669527274004
13112,0.028632569828135113,1,433.24094235781035
13113,0.03498246661523799,1,432.5178210088846
13114,0.04049787057000546,1,433.21314373200676
13115,0.029532422737797378,1,435.9118868000304
13116,0.018406873381778193,1,437.70585983072164
13117,0.03539058762251177,1,431.73269349044534
13118,0.034300765241701,1,435.2860513255405
13119,0.024667665335467447,1,437.1611557681324
13120,0.033737792197819166,1,434.84881746780013
13121,0.025365521888413355,1,436.4661488111908
13122,0.02278910147146243,1,436.44420315441516
13123,0.011797260060500765,1,437.70978709657845
13124,0.017075921963509728,1,437.5183502835638
13125,0.010369502915335168,1,437.7347264436098
13126,0.010329022146778123,1,437.16687587823515
13127,0.009992745033498854,1,437.2747124022592
13128,0.011947232544436007,1,437.2661366104672
13129,0.014610599820753684,1,437.37804591536684
13130,0.01078349164034786,1,437.7429928740333
13131,0.01270299253993243,1,437.88179122283253
13132,0.014692842330779225,1,438.0522578203724
13133,0.01860796961030884,1,438.11222345781584
13134,0.016241991159076548,1,437.3575824930078
13135,0.0218140529986841,1,436.86324455536754
13136,0.02191350495142415,1,436.1061121595414
13137,0.01673005906261076,1,437.7822419879409
13138,0.012736398930974066,1,437.82056695174
13139,0.02155136386631004,1,437.8677441240576
13140,0.011994478408505902,1,437.2380025737786
13141,0.012819675828364439,1,437.12125083425036
13142,0.010627455151736723,1,437.3008351601053
13143,0.009344970447543384,1,437.44553785774025
13144,0.009792982852385609,1,437.0856265753242
13145,0.012493337460776712,1,437.7640776257763
13146,0.011828659297199059,1,437.64750685977975
13147,0.00773197384655814,1,437.46827179894734
13148,0.00864714303314312,1,437.388694475663
13149,0.009701452344997905,1,437.32757957498245
13150,0.009852222165929682,1,437.54917194818404
13151,0.028652101423487262,1,433.37563198336574
13152,0.023383824658136394,1,435.6721753844073
13153,0.028340164018868717,1,433.6918161284313
13154,0.01538634514968479,1,437.58335588037943
13155,0.017306199065028734,1,437.6259368512467
13156,0.01321831680080233,1,437.88160290748704
13157,0.015394449866591442,1,437.7404757064474
13158,0.02054288372057089,1,438.4500133627706
13159,0.01800618770753312,1,437.16554480008557
13160,0.012806835315057856,1,437.59584477945765
13161,0.008493765758428775,1,437.4446205534812
13162,0.010602663394500224,1,437.1711082139838
13163,0.009483551738023102,1,437.17834815668226
13164,0.015440948026779694,1,436.87234737260144
13165,0.009911022887817375,1,437.72287900218754
13166,0.007321230177124814,1,436.7042983458228
13167,0.009883602087016424,1,437.33504749265785
13168,0.01677470422405957,1,437.5822850912361
13169,0.015383969907340771,1,435.4766163157746
13170,0.016041380015506916,1,437.33576698524166
13171,0.013559853104094485,1,437.76483750303805
13172,0.010490521206952411,1,437.7137958364511
13173,0.008866101801476834,1,437.4958030645177
13174,0.012134219590538455,1,437.6878429827248
13175,0.015126397005715048,1,437.80429599356444
13176,0.01694893352983604,1,438.11466706482514
13177,0.01763783823927653,1,437.83638286922
13178,0.016652145994374454,1,437.8625623552804
13179,0.016425893312430388,1,436.4924161216882
13180,0.019368452020358633,1,438.06182690490067
13181,0.028306647030433875,1,436.44172367653584
13182,0.035384976888205306,1,433.0426018602692
13183,0.04343126997903916,1,436.29778601312586
13184,0.047627907364606654,1,430.8668920427093
13185,0.038938271484076435,1,431.20597788285454
13186,0.04273293502361856,1,424.2676232589972
13187,0.06921298153284147,1,408.1105037114138
13188,0.09447978429972034,1,249.185000986077
13189,0.10045827682928785,1,353.5657676925084
13190,0.08811986901380807,1,417.9399165235182
13191,0.10140706620667331,1,394.7468797512187
13192,0.10764580831683479,1,391.36403169555433
13193,0.08818022379782887,1,376.59391590944455
13194,0.11336842089326195,1,384.04662412618575
13195,0.11939963580991615,1,366.3426453674696
13196,0.06547934930202996,1,425.1740813127926
13197,0.06124802211860716,1,414.9385848629977
13198,0.03729117570863887,1,435.1738174484042
13199,0.044379567442845894,1,426.2699252281575
13200,0.041880082109801826,1,433.9313993775806
13201,0.059576649859245934,1,423.79416177108976
13202,0.041657709667950016,1,410.8655164032173
13203,0.050949340312071656,1,385.0773129821129
13204,0.044262709969197185,1,400.5820742481078
13205,0.04968994399869949,1,407.4396662637379
13206,0.046055987714716626,1,405.3765250394669
13207,0.05544558585520717,1,415.8983056886283
13208,0.030983196965351463,1,425.83629799162986
13209,0.04280828501553632,1,432.92444308502036
13210,0.032840609494873656,1,435.0423864724155
13211,0.020146288075585772,1,436.3058518226603
13212,0.021127400014441498,1,437.00397984180074
13213,0.020793038636972492,1,436.79258450947725
13214,0.019992489064125995,1,436.9510847484256
13215,0.02138917457997983,1,437.3383325738094
13216,0.02208572316395232,1,437.98191846383975
13217,0.015853514076464573,1,437.5385056634821
13218,0.00889891463552772,1,436.48833205636475
13219,0.009857970456067053,1,434.5685409005822
13220,0.011469481793691358,1,436.955679163095
13221,0.02433100751403741,1,435.0946105750803
13222,0.02282617121112024,1,436.20548552806986
13223,0.02236403261705659,1,437.45054138321507
13224,0.030478666089434447,1,436.5350810874769
13225,0.013733797038686154,1,434.1992357494632
13226,0.019966942929965623,1,437.45444736882047
13227,0.025890040882091774,1,436.4042581351999
13228,0.02365286854515955,1,435.23637318017
13229,0.024224659253676697,1,437.57585515097685
13230,0.027393973365118292,1,426.8603862768168
13231,0.025203731727105827,1,424.5592923016601
13232,0.027041233984557482,1,434.5784096140965
13233,0.03381376152104873,1,434.99159254603984
13234,0.03543376970832672,1,432.4222728134955
13235,0.060068582676973035,1,410.9478423185469
13236,0.10296741274394469,1,387.20680096457136
13237,0.049611649479040114,1,415.408409954913
13238,0.06748450356295531,1,386.7999175012174
13239,0.054332928706526874,1,406.866231795859
13240,0.04742619966645532,1,416.3518420578232
13241,0.06585168423913577,1,410.26963491091067
13242,0.07523640746445379,1,373.2938543449768
13243,0.07280292479429604,1,285.7900693487845
13244,0.0808377575245968,1,381.0691350592193
13245,0.0787491936006997,1,394.5306184490448
13246,0.07605846855687667,1,371.8997897681626
13247,0.05941891035312832,1,397.7981084360815
13248,0.05189062871272621,1,418.7489122485093
13249,0.11327515021572694,1,340.2536367158901
13250,0.0851309514691955,1,378.5960341126398
13251,0.05415890651114054,1,378.9494623646491
13252,0.039202570861952904,1,425.98121428966806
13253,0.0399682305362752,1,437.23179327417705
13254,0.0503170485959003,1,425.60862661586265
13255,0.037273675321914626,1,434.18092386994783
13256,0.02756872287307845,1,436.04922821930495
13257,0.03795572029246579,1,428.5758760671885
13258,0.0415585098156516,1,421.9852291385462
13259,0.037987254653614445,1,428.33573590887204
13260,0.03082331863652014,1,435.170734562572
13261,0.027346313758813922,1,431.0877732233395
13262,0.018390507614571984,1,436.78444032004256
13263,0.018044096881817174,1,437.51807824636705
13264,0.017690397094588226,1,437.73835574296703
13265,0.022914488040123113,1,437.231294389033
13266,0.019296162777169973,1,438.2176913626629
13267,0.009227831942007714,1,437.5788418958803
13268,0.013588051071840723,1,437.6496191488853
13269,0.013004665797161266,1,437.98576353598474
13270,0.0154399313621468,1,438.0655920001309
13271,0.015286087567710398,1,437.8409338464075
13272,0.019589619848627705,1,437.71327604230964
13273,0.02294382425930027,1,437.6145852685426
13274,0.023577603031567387,1,436.3698878167374
13275,0.01815079307158232,1,437.1948524481267
13276,0.03005253662010995,1,437.02138646590834
13277,0.03354474505490864,1,434.9674632111914
13278,0.02512045248369521,1,436.9951592518571
13279,0.03130568526921955,1,437.66113735200526
13280,0.033263040315150275,1,435.89448599474247
13281,0.023963207184092283,1,437.5307164723621
13282,0.015989598591951586,1,437.9052597695835
13283,0.017244429042560527,1,438.20139416157144
13284,0.016201963443090443,1,437.90202907134994
13285,0.009028094680736249,1,437.5803581481786
13286,0.0111632180400769,1,437.8785942473839
13287,0.014025071501472534,1,437.69052613118595
13288,0.011240443031074255,1,437.7448955495042
13289,0.010169285215648834,1,437.597409266393
13290,0.01143152060084531,1,437.83225989960454
13291,0.010864903066050906,1,437.62604200888063
13292,0.0071080111880281295,1,437.28448671320183
13293,0.014445367819584989,1,437.3766049426316
13294,0.017416889415575617,1,437.20711404417636
13295,0.012507295927657482,1,437.5258515460017
13296,0.015369428049639361,1,437.587074251441
13297,0.011267646645441663,1,437.1184305825746
13298,0.04110526815981302,1,423.2280785489289
13299,0.04794061798375816,1,411.40286015703197
13300,0.04359862528595167,1,423.04546032638234
13301,0.06064548365365778,1,412.675386482877
13302,0.06295130969102677,1,408.66552699979377
13303,0.06166097199330566,1,393.5647351239423
13304,0.06617985428875524,1,395.8683290562104
13305,0.06608682577142824,1,406.5077854905914
13306,0.06349309336532898,1,375.9066692914035
13307,0.04185577473869031,1,428.43966485047343
13308,0.042778842454783285,1,424.22865497068915
13309,0.07857363284271335,1,396.16857538196996
13310,0.035735470598426945,1,435.801833689013
13311,0.035192928541962085,1,434.18589876330543
13312,0.016267077819013657,1,437.8185451139614
13313,0.029917215239295348,1,434.6731133987108
13314,0.01905572663876883,1,437.8964175389115
13315,0.013982164569510897,1,437.558976634038
13316,0.019016960977014465,1,437.0100736833459
13317,0.02582905820844489,1,436.7646931205497
13318,0.03704077455573522,1,435.9312601714373
13319,0.036792884737108886,1,434.12637347786006
13320,0.02640792194764342,1,436.9402654762211
13321,0.02381495012772145,1,435.6700958268917
13322,0.029250998165676195,1,436.34954942933825
13323,0.023180215889910618,1,437.81893817193713
13324,0.017179845734593132,1,437.6824383249956
13325,0.021397535837560735,1,437.4920689007482
13326,0.03271248867061185,1,435.2893572124134
13327,0.05177077845112612,1,418.18700642989467
13328,0.04567635294480551,1,423.5684854356615
13329,0.04033367429066307,1,431.75916044534813
13330,0.03593971774827355,1,433.8190668148476
13331,0.02249796738553265,1,437.60164915399275
13332,0.016157494278912537,1,438.06462383993727
13333,0.018466721048139106,1,437.9638932043729
13334,0.016272296730090115,1,437.6909523170317
13335,0.013660260473667396,1,437.7202413339357
13336,0.013656350142283375,1,437.4436849844515
13337,0.013403667447832803,1,437.22736852235846
13338,0.01839066858580035,1,437.6624803134026
13339,0.017814376227759606,1,437.70383814365636
13340,0.019889099956658645,1,437.45148495147185
13341,0.0183067461714581,1,437.1195940625167
13342,0.01859136170326486,1,436.65146116265464
13343,0.012742983953990204,1,437.7778526567162
13344,0.01635651968654422,1,438.10532695215034
13345,0.0160844837957013,1,438.091393845618
13346,0.02153085197535065,1,437.6099252840138
13347,0.018281832276665445,1,436.651211268251
13348,0.03965969709393069,1,424.65873745134604
13349,0.0438366803919358,1,419.4317047382583
13350,0.05563409073388185,1,408.2844689869603
13351,0.045481754880618244,1,423.6032104760695
13352,0.06469468416736399,1,401.9657634344279
13353,0.027276238753254523,1,436.43607741848444
13354,0.03897364687107458,1,429.7711415089422
13355,0.017969480045992522,1,437.55173006912975
13356,0.017321101035195966,1,436.92990981695334
13357,0.01647082134434718,1,437.09630433754484
13358,0.015518808807172213,1,434.1465030263599
13359,0.01700159705309364,1,434.1433781192362
13360,0.015472877195655784,1,436.028434137025
13361,0.027928179769263848,1,436.1401589213376
13362,0.042262236185056874,1,433.3783620528048
13363,0.03922184146983099,1,434.4637923435422
13364,0.028217658425815893,1,437.327626347749
13365,0.028559894537471264,1,436.7245383532521
13366,0.022635124791641228,1,435.9644613839372
13367,0.019777889993208696,1,436.74814146033333
13368,0.022603170925089934,1,437.84545979680803
13369,0.022393741932144034,1,436.9121582939736
13370,0.012874326857462341,1,436.90692255927013
13371,0.0251468776805333,1,437.3272795742071
13372,0.03806636757520502,1,432.6221016712305
13373,0.04410001997674904,1,429.4594485592813
13374,0.0414104759961086,1,435.72352774743325
13375,0.030831133614571214,1,437.5425490037539
13376,0.029450628814537777,1,435.82167074206234
13377,0.048146560414971465,1,427.27739674661746
13378,0.054071492499126024,1,423.1670402182599
13379,0.07078755243890068,1,417.510132855298
13380,0.05787592970521197,1,425.1935818617154
13381,0.05295244434646778,1,427.0091021795556
13382,0.051034902248477725,1,429.42945088896704
13383,0.08010437417562344,1,419.60149301872485
13384,0.08793313926324224,1,397.6504852831393
13385,0.07068331212953434,1,400.9615834768086
13386,0.08970745325918386,1,400.071170728603
13387,0.0621538469360387,1,408.08276415491775
13388,0.056394703842781,1,412.46130879515454
13389,0.04127627441265225,1,430.57855766577273
13390,0.03403895661324143,1,433.5949748069358
13391,0.030305316509865263,1,434.1433718215733
13392,0.03589482990971201,1,431.8445771845097
13393,0.03593936136857663,1,434.1555890084726
13394,0.0237288727848901,1,433.9943882934581
13395,0.02157053936177143,1,435.55533276007003
13396,0.04262033803086081,1,425.4720624377196
13397,0.028090521266622148,1,431.92538636099454
13398,0.02557634197759179,1,435.035236096726
13399,0.026975458823881027,1,433.0184179271815
13400,0.03522770252622132,1,433.5421942476014
13401,0.032615461659438634,1,436.601527870595
13402,0.06419394768798263,1,408.9188239799768
13403,0.026324006195358816,1,435.04983423928655
13404,0.034388375534522175,1,425.6029741422879
13405,0.030937908712968833,1,431.0299008823737
13406,0.02273819236213553,1,437.78517011183595
13407,0.026311307222906342,1,436.2761461637563
13408,0.02025925024344905,1,438.4855398959307
13409,0.024239440686071704,1,437.6255228079148
13410,0.019050209114201123,1,436.89940796670624
13411,0.014032423899584145,1,437.9561909808102
13412,0.014108342331968783,1,437.4315067844228
13413,0.019210736594923113,1,437.2197300847452
13414,0.02080943324205759,1,434.08615564117497
13415,0.013645252753228308,1,437.36491120277657
13416,0.02188117627000355,1,435.81111187012607
13417,0.02469799849955402,1,434.8246015898984
13418,0.024035125718120588,1,435.7326866570574
13419,0.035964910279483654,1,432.4201248409188
13420,0.0380109097306186,1,431.3362988979044
13421,0.05066685888233814,1,426.0379655489259
13422,0.01845500876525774,1,437.13336934235895
13423,0.031102102041788267,1,435.4925871039253
13424,0.03654365899556359,1,435.77747422175395
13425,0.025547236954739094,1,436.6123950345656
13426,0.022417387315701087,1,436.4155713883316
13427,0.026096794774945732,1,437.03725920928235
13428,0.029449579726385428,1,437.6707155056304
13429,0.02296934345921476,1,435.8729221633687
13430,0.021625424043436595,1,436.0380663192951
13431,0.011410683539979169,1,437.20333848496153
13432,0.011189604488922757,1,437.45740696653996
13433,0.009652752655373603,1,437.129033091505
13434,0.014667652599848396,1,437.3424188760787
13435,0.02843450826896457,1,435.41977934215674
13436,0.026626545260013106,1,436.78230619899807
13437,0.022406157073067135,1,437.29623290926696
13438,0.03225415713198516,1,433.5181279441156
13439,0.01866063602171942,1,437.17437841996576
13440,0.03275349773930186,1,431.93804910743563
13441,0.018224918383641566,1,435.5532521735205
13442,0.017429105540512788,1,431.6006007587761
13443,0.020653220563525206,1,430.44066890749326
13444,0.021120033949823907,1,429.18025040014777
13445,0.020628562169995535,1,430.20176372042454
13446,0.01981808857260469,1,437.0547295768686
13447,0.016655478697356584,1,435.5634696875561
13448,0.01156249471139566,1,437.2037112987486
13449,0.008071887461817567,1,437.4398683474872
13450,0.008991229460624141,1,437.48474415194414
13451,0.015303395523049951,1,437.20798643572385
13452,0.01708012625850205,1,437.53118787019883
13453,0.015964857929831995,1,436.99025867298514
13454,0.039148689573954044,1,415.3089241988014
13455,0.053623160698398446,1,412.8307805648022
13456,0.047978149905812395,1,417.65700811258785
13457,0.05867140763113403,1,410.72591496865886
13458,0.06784528165020802,1,344.6963094428924
13459,0.057885288296634696,1,407.33198678725057
13460,0.06796410171476273,1,414.457519226261
13461,0.09605122030945565,1,396.700423569154
13462,0.1263828294964965,1,237.602409569354
13463,0.10260737664231348,1,373.34187095741083
13464,0.08111086573885082,1,410.0202723397675
13465,0.08081522046725007,1,392.3384524695367
13466,0.06930001524007681,1,384.31934719910595
13467,0.06616517144552166,1,388.3364121692158
13468,0.050493291981954826,1,425.0003972890688
13469,0.053510003851475245,1,431.06698095240176
13470,0.0351183983757286,1,436.49606372106706
13471,0.08375201327032834,1,346.54669784342354
13472,0.06234776083312732,1,280.66006715739843
13473,0.08045577877447141,1,250.74361137545577
13474,0.08031663349271778,1,183.70846472838093
13475,0.06774722938293132,1,232.26794277683297
13476,0.07267344151835606,1,233.82666428609713
13477,0.08114484891284864,1,311.12536553895427
13478,0.06926672902633858,1,350.581682343898
13479,0.06581920658577166,1,300.76328105059036
13480,0.042686334282532136,1,435.30651137248503
13481,0.023090203436107643,1,436.36011063540406
13482,0.03370314345546297,1,434.76645768597996
13483,0.02828983363521317,1,431.94630972640834
13484,0.028525927276816614,1,434.1738528073432
13485,0.026781636115825486,1,432.9335005116756
13486,0.015633021060496542,1,436.30073065989
13487,0.011575845724459423,1,437.39184450847523
13488,0.00955719201541872,1,437.5597087904492
13489,0.009757472008105427,1,437.31521508567005
13490,0.008704184550177017,1,437.0938809569843
13491,0.01216964582155682,1,437.06239873933197
13492,0.014842303965173772,1,437.4034633244557
13493,0.014492798788654778,1,437.13976239359135
13494,0.011358914403408261,1,437.83244295213547
13495,0.01399852458457993,1,437.8893927943598
13496,0.012203295080702507,1,437.89526293135447
13497,0.01221729450585031,1,437.9191849199746
13498,0.011111143754588822,1,437.6846533296959
13499,0.010502571342174869,1,437.49069562629643
13500,0.010401756373473578,1,437.69423474907467
13501,0.010244172702870254,1,437.78333847747865
13502,0.012700249536248659,1,437.18405594336116
13503,0.009819147215506311,1,437.52992391861653
13504,0.017506448806856766,1,438.10900959645556
13505,0.012252898659897,1,437.91726504664365
13506,0.016621785901832314,1,435.9732635235446
13507,0.01682194995744213,1,435.2062576117322
13508,0.021812342230968416,1,436.2114122898989
13509,0.024102378820942016,1,437.1854182391613
13510,0.01882778253516559,1,437.4064250859183
13511,0.016318693259727627,1,436.51153004031835
13512,0.024181216741415098,1,435.1006439184538
13513,0.02219329392465141,1,435.7501714515832
13514,0.02799447600492422,1,434.5235931283668
13515,0.03759304042388857,1,427.52009096037926
13516,0.05196016594860901,1,425.22566618240427
13517,0.056077534142122035,1,426.5449688263053
13518,0.05591901051812553,1,430.0265853793529
13519,0.04855618142041219,1,430.0765968996216
13520,0.04866208893148875,1,430.8145375294218
13521,0.026299519704292975,1,436.46284741700015
13522,0.01848425447437786,1,437.7974295110361
13523,0.012394722109497335,1,437.72140919783664
13524,0.01236959702076727,1,437.8217988435399
13525,0.00991943898130115,1,437.5026110477935
13526,0.011068235518970569,1,437.758249928386
13527,0.010256171823499891,1,437.6348941783893
13528,0.04295069413289037,1,424.0893695936061
13529,0.04691456986637093,1,422.4077999950296
13530,0.026343446328002167,1,436.3564385939167
13531,0.028889395910167374,1,434.79978369717935
13532,0.07975057338623984,1,369.0434398081899
13533,0.021275655854054023,1,437.51757047281257
13534,0.04898922719817117,1,413.5634603744875
13535,0.028106353228111804,1,435.34671281825314
13536,0.03203674695949581,1,431.8674350295069
13537,0.030601670002978226,1,430.4606242156767
13538,0.02685965238981965,1,433.4921916856333
13539,0.028375393782550867,1,429.93773200003216
13540,0.02088684598854961,1,433.35484751512865
13541,0.028726312001050747,1,431.4434207837574
13542,0.025876784958751974,1,432.0728250978056
13543,0.026202966466045714,1,431.9404727260319
13544,0.017585968113645132,1,437.3796154044105
13545,0.011161049162867148,1,437.79684770476956
13546,0.02140147641661762,1,436.9340219285194
13547,0.010932091999395323,1,437.84059384497675
13548,0.012081659093864562,1,437.8294487351628
13549,0.01435720369779932,1,437.8789658936755
13550,0.013923817856081112,1,437.7771464198276
13551,0.01071527487973512,1,437.83028731529186
13552,0.011893507257727937,1,437.7085126046596
13553,0.011293003167880103,1,437.90347238541534
13554,0.013632978545121242,1,437.97409790024125
13555,0.016301910169997876,1,437.38640082938815
13556,0.034948633742412215,1,432.7517892770378
13557,0.055365791724081785,1,427.4866138654858
13558,0.05664679160471241,1,429.307133211214
13559,0.05065672688912333,1,423.8053107409072
13560,0.07909279187238911,1,388.9872902262547
13561,0.09768950930963274,1,380.3041872940606
13562,0.11259801642813984,1,360.7855017648477
13563,0.11791501485405269,1,334.1982887062392
13564,0.09779780620962361,1,242.80517808979138
13565,0.08230635936983811,1,272.9418529268498
13566,0.07969734433219496,1,404.1329144280496
13567,0.07058583570486461,1,417.075987973855
13568,0.11491395242531462,1,408.5638868052488
13569,0.08695647481417047,1,402.528989683994
13570,0.0396040492812619,1,432.8270880098824
13571,0.03960886938561787,1,432.1415402695933
13572,0.03531205247944975,1,414.33393805307253
13573,0.0344730202451201,1,434.6906040495453
13574,0.03360304991763865,1,427.48410884778525
13575,0.017258693835827933,1,436.96247853784695
13576,0.01895501481464454,1,436.41515448195713
13577,0.012551695245474262,1,437.55523818186055
13578,0.01004566249239934,1,437.62557454855215
13579,0.007408612106594342,1,437.2662162253792
13580,0.01027459354725352,1,437.1626406877375
13581,0.01010301290343106,1,437.4563518137091
13582,0.008271412259131953,1,437.479095954314
13583,0.007995317954870714,1,437.53685913046877
13584,0.009492358944725077,1,436.40407999088194
13585,0.007275196368492708,1,437.07431750818216
13586,0.008696980200984456,1,436.6560472257651
13587,0.007813821749838934,1,436.87274737481164
13588,0.008563562733622248,1,435.8283373503666
13589,0.01017628804072727,1,435.80094155435984
13590,0.009383376726060346,1,435.4550774524656
13591,0.011283764717129366,1,436.35451625191877
13592,0.014958615276124134,1,437.32296356234235
13593,0.026855086878647735,1,435.06361470566304
13594,0.02438010185666578,1,435.8447693815105
13595,0.026961476898346912,1,433.31477613525414
13596,0.030271505653766875,1,431.6318261997725
13597,0.01649844141387635,1,437.61652746174093
13598,0.021575012770927098,1,434.29400692450736
13599,0.07620140201057699,1,368.78169782261824
13600,0.057343390247625324,1,374.71627844854356
13601,0.06102454474893827,1,330.15930190246576
13602,0.05274219575139021,1,378.82296340653147
13603,0.08840256371435828,1,334.19575585756564
13604,0.07012326496698577,1,412.62105960603554
13605,0.05864755172073063,1,427.76282093178025
13606,0.06145067480029603,1,426.9761295844473
13607,0.04404165757211336,1,431.89943504498643
13608,0.0586195952990095,1,425.9601051756991
13609,0.048769544411628236,1,429.36110068329634
13610,0.04917019965664236,1,436.1208899898936
13611,0.03369381729896481,1,435.8920922303298
13612,0.019065414526448526,1,437.3629229680644
13613,0.028587647166758972,1,431.99661853510526
13614,0.013704238490791634,1,437.8571814210824
13615,0.015110196407840549,1,437.81225289246396
13616,0.013697216147440086,1,437.7113823001094
13617,0.015383314939540541,1,437.56902755119035
13618,0.010891631710043165,1,437.6800223651804
13619,0.01045940091632769,1,437.7221290196557
13620,0.01102660972428864,1,437.71784204406083
13621,0.007577842634610588,1,437.2762705599702
13622,0.007871137268710467,1,437.32109151229486
13623,0.005042390592621598,1,437.0407843490763
13624,0.006730261496226797,1,437.2920294531984
13625,0.010829805167179695,1,437.6968877701663
13626,0.013270459528587224,1,437.70730896101855
13627,0.010546825644186101,1,437.5897704730694
13628,0.012951715782284021,1,437.76173385306015
13629,0.01798084080062484,1,437.49469213998555
13630,0.01568692437183917,1,437.8621100596587
13631,0.010417620493239613,1,437.54099901540144
13632,0.010757641760498643,1,437.6634304391156
13633,0.012920123957081647,1,437.8897915646284
13634,0.0110625258840062,1,437.62406717285444
13635,0.010754666112762674,1,437.3877829949881
13636,0.017660441064427834,1,437.5983074616387
13637,0.026130500737503077,1,435.6927896717347
13638,0.02541612472334746,1,436.18567477576426
13639,0.021867713232330575,1,437.2702440445311
13640,0.016685071128707582,1,437.64811864123965
13641,0.015547347142254567,1,437.4107782063058
13642,0.006787218923173315,1,437.16079632230196
13643,0.012397568825055627,1,437.67442325199806
13644,0.018818570132866787,1,437.4395876589224
13645,0.020204058900640417,1,437.5291888580847
13646,0.020187266059683424,1,436.94022436012193
13647,0.014460430539705346,1,435.13995248261307
13648,0.05505276912367375,1,396.57247766903737
13649,0.04482667373609771,1,423.267356740933
13650,0.05803764337487286,1,420.6948246111367
13651,0.06481060945071032,1,385.8246159129114
13652,0.06238955420358246,1,385.43097941844854
13653,0.06086782159897273,1,345.79495387617163
13654,0.08889988345391227,1,272.76213835051544
13655,0.07987127330083134,1,299.2984196544935
13656,0.11605439083761748,1,184.92444919576684
13657,0.05720752025600699,1,414.2941521855058
13658,0.03760356069800273,1,428.7948574958716
13659,0.03290319931595002,1,423.73548801881304
13660,0.04642583291793693,1,405.8973477679288
13661,0.05100293963094452,1,406.9116992918417
13662,0.018184424435240126,1,437.6116112834476
13663,0.012793310028789568,1,437.4377536728425
13664,0.00770031924326182,1,437.2650439227401
13665,0.008709310643503334,1,437.48305923708705
13666,0.0075530139314694935,1,437.2989468757646
13667,0.015800584867976846,1,436.9648284326531
13668,0.01396857631849493,1,436.91337630502386
13669,0.015595396818851909,1,436.5344001583199
13670,0.008262160859010168,1,437.2913718315958
13671,0.008456391793921436,1,437.30070589078844
13672,0.0054509982010121204,1,436.94935916519404
13673,0.007687365933980666,1,437.3754185569948
13674,0.012271828386933387,1,437.5438831792957
13675,0.009832028480134954,1,436.1362863511173
13676,0.012110589090487197,1,435.5484992615748
13677,0.011864091358584548,1,436.50875994394033
13678,0.016182825860176737,1,436.20675111278877
13679,0.015262191198340241,1,437.38180039723716
13680,0.01541893518027594,1,436.7960629749682
13681,0.016441375718953582,1,436.9423766190551
13682,0.017425497230563768,1,437.58240285411574
13683,0.02911077776115672,1,435.15993918962687
13684,0.018668317689044988,1,436.8721808372914
13685,0.020756761786682724,1,437.13688745828694
13686,0.022595606203306803,1,436.5170521469966
13687,0.029548008543115362,1,431.58771739409366
13688,0.037969371375426074,1,432.61662798095267
13689,0.018972949260144083,1,437.58698516001965
13690,0.02333669001420699,1,438.2478468680082
13691,0.01752837966807203,1,437.9924586307885
13692,0.01939958500448479,1,438.3839833732947
13693,0.02588079394558895,1,437.5164864535936
13694,0.02224442324182604,1,437.94991198838187
13695,0.020336502526139607,1,437.8326146582949
13696,0.02599980361988943,1,438.15756147386907
13697,0.01952737897454791,1,437.55968620849745
13698,0.018336604525571985,1,437.42458456154725
13699,0.014628968330480734,1,437.7663819636026
13700,0.013698600258149644,1,437.78041931213784
13701,0.011761927317138179,1,437.6868846769051
13702,0.009531387960201494,1,437.63128734276535
13703,0.011134084115510355,1,437.773212378902
13704,0.005330238689303832,1,437.042084363299
13705,0.016026458971131,1,437.4588147716386
13706,0.01760154177430905,1,437.56320352105917
13707,0.020264484682234324,1,436.3731547650818
13708,0.01524997831272704,1,437.51360506714354
13709,0.031167579189859487,1,434.08204296322225
13710,0.0495112834183306,1,392.73181641301926
13711,0.0636287563618205,1,399.1556434676607
13712,0.04117718723450071,1,385.12080015655556
13713,0.0394995908395964,1,421.2052525349175
13714,0.030636170374256404,1,428.67151034562795
13715,0.03522125303065607,1,426.7833412801834
13716,0.024633633421457673,1,436.2772888102101
13717,0.022811726825700363,1,436.22132915046484
13718,0.021161528468562764,1,435.9437194233196
13719,0.01307835751187522,1,437.83372408055925
13720,0.011803075342687161,1,437.8278689087556
13721,0.012435194087088522,1,437.7799172232968
13722,0.012875295379526986,1,437.60328184230076
13723,0.008744331814965766,1,437.4020667539031
13724,0.011246729331783946,1,437.6628246857153
13725,0.015719476681677575,1,437.6415897282391
13726,0.012150465512204518,1,437.15549454458846
13727,0.009352849930784333,1,437.3154642937366
13728,0.010177806855775368,1,435.26056681552814
13729,0.014817036033545308,1,433.39506954134936
13730,0.013649324448368612,1,434.2882918550348
13731,0.01352592884647495,1,436.304001907723
13732,0.01330915737000434,1,435.0960570068707
13733,0.012772875589385755,1,437.7008759309157
13734,0.031083020869221826,1,420.32248077023564
13735,0.031224103584185387,1,421.79092580082744
13736,0.024172218403973888,1,432.59080888298706
13737,0.027553818972319268,1,422.13745413618074
13738,0.02336653980217072,1,417.2325690011401
13739,0.026287602972600736,1,422.1839349145425
13740,0.027753152166451522,1,419.8128573189531
13741,0.043401794405946055,1,407.8057511210445
13742,0.019220664067798314,1,434.4184073083475
13743,0.020197081905133786,1,435.6072945367206
13744,0.02317692680563969,1,429.72818599774536
13745,0.019781581041949048,1,436.99527366543896
13746,0.0655639774754339,1,397.6488660871538
13747,0.0596057188450268,1,402.8696640706219
13748,0.08713666945076372,1,333.41497198118213
13749,0.09790309118466585,1,311.49782443889427
13750,0.09243937802422046,1,331.4788542309474
13751,0.12212727762042276,1,269.07836916058784
13752,0.09857683122739105,1,292.8357563929874
13753,0.09644461245719053,1,317.71722056499993
13754,0.07896569738645447,1,392.2478702158017
13755,0.07254706307114663,1,365.75664640601155
13756,0.07443221111550856,1,417.0349194081707
13757,0.09392222977352767,1,395.88417038621145
13758,0.06255192478613124,1,403.03078344246273
13759,0.053404627559560325,1,424.0768478886615
13760,0.025402848132155403,1,436.6539601177092
13761,0.02617494025400738,1,426.64893911923394
13762,0.024559623809665716,1,433.97207128259805
13763,0.030021631412449006,1,429.3624839487865
13764,0.030770134879671292,1,420.46386117878006
13765,0.02466862012792761,1,425.323819931192
13766,0.01773637298952543,1,430.72208697942125
13767,0.02156513791909595,1,431.99789010334894
13768,0.0362662891295129,1,426.07633547810826
13769,0.035734169907949066,1,417.66435356757677
13770,0.035366464443378605,1,431.9882422317317
13771,0.0285938186897429,1,435.3903399500385
13772,0.03333546647021105,1,436.7653155908185
13773,0.02012070122814097,1,435.8520816817858
13774,0.026916233743896855,1,436.5792479783217
13775,0.01780938947536176,1,436.6615469678479
13776,0.01788371760906596,1,435.7134729369966
13777,0.01740715559385563,1,433.4421433995447
13778,0.015573144471482045,1,431.9783133881989
13779,0.012251702521189149,1,436.54338883830786
13780,0.009986973437275306,1,436.4673986730539
13781,0.00913340322717541,1,435.7801623765735
13782,0.009596459160448977,1,436.1074303955889
13783,0.009353979544317392,1,437.1032356763502
13784,0.011851461577178559,1,436.76784093685774
13785,0.009392903607529339,1,437.4658290329736
13786,0.01271183331553742,1,437.99803847595564
13787,0.014196553792187257,1,437.80321661005047
13788,0.013873025643006302,1,437.5733036952346
13789,0.017850244566588142,1,436.49768682080423
13790,0.01697270453876411,1,435.94583778615504
13791,0.015726311618384704,1,436.87290120810883
13792,0.01834675707623682,1,437.4338246752179
13793,0.018959380619432833,1,437.34144177328506
13794,0.014313012932350702,1,437.56382222968546
13795,0.017403470590918232,1,436.3886959347209
13796,0.026796205995120385,1,433.04149468121693
13797,0.024376514474451556,1,431.48220355926014
13798,0.022916575693173253,1,431.3002968059282
13799,0.02208797145795126,1,429.97659608826626
13800,0.015663543375978684,1,431.3192543608211
13801,0.015294977070692264,1,432.45464054272713
13802,0.013951792319451654,1,436.42080227264887
13803,0.01720288932305129,1,434.7531293067649
13804,0.017273922576981564,1,436.9026943677267
13805,0.01105993033491734,1,437.03558767849177
13806,0.01122017915674355,1,437.47401651984813
13807,0.019106778930822098,1,437.20039586895484
13808,0.020295857391240846,1,437.1856138526819
13809,0.024808122783932567,1,436.3479149798414
13810,0.014037202740168977,1,437.43387639795185
13811,0.019996549798515794,1,434.7504596163087
13812,0.01760332001682627,1,436.41845414378247
13813,0.015727155994996578,1,437.78809943593996
13814,0.017066895774177863,1,437.69461028398507
13815,0.02410265749570394,1,437.27259660124423
13816,0.01393312227172181,1,437.342357478998
13817,0.011157903266419812,1,437.24018789749266
13818,0.011119404457122697,1,437.7168609387733
13819,0.01630422672302233,1,437.53307776144106
13820,0.008122453680135802,1,436.9920523246347
13821,0.011130282632484986,1,437.75857111691306
13822,0.012067158233129649,1,437.5136127722788
13823,0.015182152054305956,1,437.40550743039677
13824,0.015796924505489255,1,436.9655354408875
13825,0.01212049703835222,1,437.18828514393726
13826,0.008492539378876911,1,437.4948945918675
13827,0.011317980494782536,1,436.9501485174809
13828,0.006089060913254561,1,437.1901484071108
13829,0.006132087519024449,1,437.1885889331459
13830,0.007695065438531301,1,437.3979159231525
13831,0.015023087179687427,1,437.1999924389892
13832,0.018401340541756805,1,435.97478900462744
13833,0.01769401519781543,1,436.80585625097893
13834,0.01690384622186091,1,436.7418790505371
13835,0.011142071692729802,1,437.5818831948627
13836,0.007641935596656824,1,437.4387592911932
13837,0.013671453036594242,1,437.40007368986187
13838,0.015378291911084915,1,437.1210382832334
13839,0.015584057334323692,1,432.4539501517582
13840,0.01303375487157553,1,432.1342953268329
13841,0.015504939317402914,1,429.7302389296796
13842,0.020279334100744836,1,432.6241148266924
13843,0.0253628166977447,1,431.5106094287008
13844,0.029219611626503432,1,427.6000110337391
13845,0.027066792822872745,1,419.75611762790726
13846,0.06028187818839042,1,415.9743337464267
13847,0.05448706213056455,1,418.3940390604274
13848,0.02163304211875335,1,436.6651550075882
13849,0.016684004772080797,1,437.83821641274244
13850,0.009930911784612514,1,437.73287942298623
13851,0.01033454624338925,1,437.6656648218417
13852,0.009705510876629566,1,437.59834508013654
13853,0.007883980028844986,1,437.3585417697789
13854,0.00902496066684203,1,437.19169743566664
13855,0.007382533147506791,1,437.2130122571315
13856,0.011143266171572182,1,437.2920453695428
13857,0.01688845144194631,1,437.1635256340538
13858,0.023407314451481524,1,434.1634655764087
13859,0.015575857857278361,1,437.19258064886986
13860,0.015896470438560902,1,437.5755904192578
13861,0.019363053140767215,1,437.7861819997857
13862,0.013443399106048802,1,437.8741843738534
13863,0.013542999117313862,1,437.739411647028
13864,0.014055199435289123,1,437.26990761050405
13865,0.015024585678246742,1,437.4864718432599
13866,0.014314508197862865,1,435.71472442026237
13867,0.01481042243388983,1,437.0118262581273
13868,0.01534008678161745,1,437.362378435471
13869,0.015157143149264921,1,437.7342610099859
13870,0.013639586488584732,1,437.3337910107063
13871,0.011623527790263547,1,437.2085126256246
13872,0.01886145424237066,1,437.430309924953
13873,0.0163791081294495,1,437.85913427757447
13874,0.017281506920016072,1,437.72367761594154
13875,0.01651581366062619,1,437.49367783825113
13876,0.018656933648852524,1,437.3171669573058
13877,0.013750498016786043,1,437.6245281918222
13878,0.01522282998359348,1,437.5592201301571
13879,0.015448342243583312,1,437.79026244060685
13880,0.012759680427543019,1,437.4961455640542
13881,0.00989433991875363,1,437.2455074324704
13882,0.011134304720913757,1,437.5939273582956
13883,0.010728209251513372,1,437.31547416011136
13884,0.009358469478712883,1,437.29294059286116
13885,0.009927958466948942,1,437.368827048394
13886,0.006940940377823309,1,437.14124788990347
13887,0.00650975623713757,1,437.25015701760304
13888,0.005783140422776092,1,437.2083715861204
13889,0.00563448697503302,1,437.2397674658679
13890,0.005215136381103797,1,437.07714667880833
13891,0.009104580274137427,1,437.52102827417724
13892,0.008872709118817875,1,437.526111356498
13893,0.00797859673436007,1,437.40894413354465
13894,0.006635257624778137,1,436.86921192698236
13895,0.011482747072503538,1,436.9160434405795
13896,0.011371500233867942,1,436.38784407874294
13897,0.014530550477284316,1,436.4789942753772
13898,0.014880105749043292,1,436.7287668724629
13899,0.016556230938106348,1,436.95433011407613
13900,0.015221374144416638,1,437.2842746352235
13901,0.013528432513052897,1,437.4299973480572
13902,0.022001327406814968,1,437.44649148423366
13903,0.011621305617883599,1,437.78572737863885
13904,0.0221773005022922,1,437.7846505757321
13905,0.027805805646771008,1,435.6525456998167
13906,0.030848929710454488,1,435.3643417752514
13907,0.047195478276970335,1,430.1721557960705
13908,0.0643844032284444,1,417.15369822458155
13909,0.05435226897933843,1,422.6773492971588
13910,0.03542068051880574,1,434.1060622342594
13911,0.040290678260973156,1,432.1212547068002
13912,0.032173431917719916,1,435.62394615007855
13913,0.0167579445945087,1,438.1516668528992
13914,0.013182128806612356,1,437.0811437555635
13915,0.0088122213778642,1,437.1742934744887
13916,0.007949475620386752,1,437.3791585577365
13917,0.008629337599308503,1,437.53245310384006
13918,0.014862166927284185,1,436.9493022768141
13919,0.0173297591383683,1,436.26752740283507
13920,0.016028948695036026,1,436.37310362229084
13921,0.006226205363726344,1,437.20702852557315
13922,0.010002553976375051,1,437.35002837784145
13923,0.0073982434234014715,1,437.11251961732603
13924,0.012546862922127953,1,437.17890520841
13925,0.011782193441316374,1,435.9245036088712
13926,0.010905506788295636,1,436.3534794000998
13927,0.015193444897248729,1,435.46454288458887
13928,0.014686010569139648,1,435.22695258973437
13929,0.015390682355363795,1,434.7517395542411
13930,0.010768664235471364,1,437.29571385323663
13931,0.011123900628839611,1,436.7206498795235
13932,0.007499483666916472,1,437.42015136911857
13933,0.00597261669507139,1,437.22076773791565
13934,0.0069890694445247595,1,437.3946224560511
13935,0.006696547210629529,1,437.3518216858307
13936,0.010858264221875195,1,437.82972468117896
13937,0.011400318457196395,1,437.7228167308642
13938,0.014748945773834423,1,437.7255157012499
13939,0.009591929850728235,1,437.47654307785785
13940,0.010767416394484976,1,437.3350654108748
13941,0.01127705044514836,1,437.49233559404155
13942,0.013538815047543649,1,437.0411771215996
13943,0.013433432761693648,1,437.59754015765566
13944,0.01576141876335821,1,437.77848864262495
13945,0.022042585017475712,1,435.77447895982647
13946,0.018091564661786852,1,436.0235648648513
13947,0.017773448216962837,1,436.3439562735676
13948,0.007707556402578486,1,437.3975691326374
13949,0.014813165110022708,1,437.6369108796123
13950,0.010300211538075728,1,437.6056537664401
13951,0.016293692643960862,1,436.8790246307759
13952,0.011639921906035248,1,437.73583267470974
13953,0.014735573023265365,1,437.8884498981596
13954,0.016765306397832688,1,438.1106430137678
13955,0.019131507569486856,1,437.0017290164644
13956,0.017111235306636184,1,435.75418632510804
13957,0.021673269165549243,1,436.63890776816913
13958,0.02247705353870769,1,437.2926181040583
13959,0.02023162285581074,1,437.72066838990816
13960,0.014732508020100168,1,437.30561422628455
13961,0.012524058699353299,1,436.61604724873337
13962,0.008666822125528178,1,437.2246473464675
13963,0.014861088315163565,1,437.61723425241354
13964,0.012809864983487044,1,437.4556701642782
13965,0.014410804784083353,1,437.92467144178784
13966,0.011337389256234584,1,437.3039238294726
13967,0.015166303003044206,1,437.5069015858259
13968,0.01628377850525138,1,435.6208829405694
13969,0.018461638276161003,1,434.95396648021637
13970,0.015123646050166095,1,436.60794973109836
13971,0.013506199421017972,1,437.528882990962
13972,0.018731260963810205,1,437.47849694479845
13973,0.018477827751302845,1,437.58230620710935
13974,0.011077413052004884,1,437.60850519952595
13975,0.013261573640218394,1,437.76703428482796
13976,0.006505058440550922,1,437.1922762019744
13977,0.005723644067233624,1,437.25925374638217
13978,0.006856899984065905,1,437.35037206369543
13979,0.007506200678011449,1,437.4186322196117
13980,0.006088644017831995,1,437.3095492542187
13981,0.005488111829535505,1,437.132124863967
13982,0.0043277325928486685,1,436.88147452008747
13983,0.004506451413606697,1,436.91198650617093
13984,0.00461852762556726,1,436.9391358127637
13985,0.004091279097987827,1,436.95942009538976
13986,0.008996075459179654,1,437.63257614759823
13987,0.01041872876971794,1,437.56313152103365
13988,0.013996944140238913,1,437.7315719074797
13989,0.016943342711475292,1,437.6096514886813
13990,0.012326921657108122,1,437.88765539509126
13991,0.007500392815358907,1,437.38509115153903
13992,0.01005595686580413,1,437.5722826155988
13993,0.010937648141181408,1,437.5374128654061
13994,0.01100707938293867,1,437.79776021324193
13995,0.008391590628611804,1,437.4376979957604
13996,0.0061017979584662,1,437.2475218279759
13997,0.005353544958858773,1,437.1717851925953
13998,0.008296083247143442,1,437.3730683485033
13999,0.008009468100202801,1,437.3797390229226
14000,0.009344592737043494,1,437.24050358577705
14001,0.012496411471596651,1,437.3250598455045
14002,0.01175574784453125,1,436.34963207013914
14003,0.014203705613811774,1,436.9690512834307
14004,0.01589512362602924,1,436.54550235151703
14005,0.022676253420741983,1,436.6469623973875
14006,0.018824588629667665,1,437.24581893483713
14007,0.019726197021038918,1,437.33628119417
14008,0.017925332828826905,1,436.9789391254503
14009,0.016650755580802413,1,437.61311143253147
14010,0.01473564930961598,1,437.9278673203982
14011,0.01290936232003095,1,437.319122240707
14012,0.02464234073601212,1,437.8787102485662
14013,0.02184996831822812,1,436.52353434052435
14014,0.02358555541038463,1,436.3298546004336
14015,0.01579827065436876,1,436.24556731579526
14016,0.02185280905233249,1,437.092471411822
14017,0.04234629282385922,1,427.43727514822905
14018,0.05097163878666918,1,408.5535678827426
14019,0.04447532041375895,1,427.93382350637825
14020,0.04758366442698684,1,430.5335241358078
14021,0.03509027956094298,1,430.9479800961354
14022,0.04154903801657658,1,431.67077751400217
14023,0.06406176033667575,1,414.33042285425574
14024,0.05083268813609863,1,405.7718921400289
14025,0.0676295600926652,1,402.7748850836361
14026,0.07020951117715223,1,410.41620955681344
14027,0.07830804503250044,1,387.7653275254257
14028,0.068754997492528,1,394.50283469870055
14029,0.06780753119083631,1,358.15679292589874
14030,0.06861780355736881,1,386.4392981805002
14031,0.04023363427586659,1,430.8490558417055
14032,0.04221800428084058,1,425.3820406691141
14033,0.06475527804991928,1,405.56685920392613
14034,0.07194936789585869,1,407.74164687463815
14035,0.21331187997624543,-1,-768.5719002594997
14036,0.49584259293747773,-1,-5100.356478271285
14037,0.4276522552792698,-1,-3608.953979838204
14038,0.6980921671294872,-1,-6320.080631528617
14039,0.7429868170957447,-1,-6455.304606314021
14040,0.9403357668412164,-1,-9537.422192902852
14041,21.87942034137208,-1,-28448268.06255348
14042,18.196301898651406,-1,-19592720.132021718
14043,16.676894125929348,-1,-13114400.268360106
14044,18.316520022947437,-1,-16100398.529058127
14045,17.443577227766717,-1,-13574976.494944336
14046,20.575766302580213,-1,-20942654.745889705
14047,21.568088445371025,-1,-23862776.18970308
14048,16.293907323409567,-1,-15431664.874594977
14049,22.081061157896876,-1,-35169761.526393406
14050,12.231376150092201,-1,-8190125.131262357
14051,0.486543500913184,-1,-1477.9797889163856
14052,0.43109482815200206,-1,-968.5593099741227
14053,0.318493250794714,-1,-624.8237359381067
14054,0.2632247361955126,-1,-428.6142582363325
14055,0.14520724018953132,1,174.6450095093308
14056,0.1817987060596828,1,164.5584754651282
14057,0.16607493886692687,-1,-9.82388125536363
14058,0.136411918780414,1,249.91077974889637
14059,0.14166991710909754,1,221.6363343728763
14060,0.12706140433639607,1,295.72478590994865
14061,0.15690702033098095,1,210.29927691456925
14062,0.13717057303347635,1,236.4822883964583
14063,0.09508699825311563,1,345.7825274840919
14064,0.16846446367489334,1,190.33992851829572
14065,0.14765099086401004,1,170.6166136259937
14066,0.2023867360355362,1,16.003043756767966
14067,0.13408301888448143,1,347.8126559370871
14068,0.1771844488296023,-1,-69.35681658797313
14069,0.14674070660693433,1,58.927262541323955
14070,0.17593405957976602,-1,-376.5493625197573
14071,0.09856456649999361,1,358.9356145129934
14072,0.13030480865338806,1,213.75303709094896
14073,0.21211768963073885,-1,-425.04525036965197
14074,0.12870444420252716,1,303.1194300348345
14075,0.1067433179686058,1,296.3980487115814
14076,0.08922132000915892,1,376.2670010804445
14077,0.09050076468379263,1,368.1766471237894
14078,0.086050791475726,1,380.02449182120347
14079,0.09257808368817964,1,383.89298014885975
14080,0.15248669960601763,1,59.55197522930871
14081,0.12782453562677717,1,82.39918292493792
14082,0.2577044845629553,-1,-132.71754239663835
14083,0.2193022848689981,-1,-1.012279991426908
14084,0.2474675755827802,-1,-86.62536554804501
14085,0.3141980567993315,-1,-1046.239198371747
14086,0.2438939092193732,-1,-145.1534138189046
14087,0.3068963168381941,-1,-72.59635233948342
14088,0.3839670459199275,-1,-1991.5266816928154
14089,0.4835772223704703,-1,-3014.1870528214695
14090,0.20673004145862126,-1,-834.0202748260847
14091,0.12112369699800477,1,275.3295623796364
14092,0.12958606360974143,1,337.332076300479
14093,0.13175745029915978,1,268.8010111374301
14094,0.15676202980417214,1,174.54917751408732
14095,0.10634172100485807,1,376.5163186475477
14096,0.17950225694909255,1,150.53642693104825
14097,0.11256273280520736,1,264.2421059545124
14098,0.18606868425770845,1,173.7341510339125
14099,0.18277344844956067,1,100.1458316629122
14100,0.2295572280358407,1,111.61355120606402
14101,0.32479206503462527,-1,-1839.3435280428819
14102,0.7783174645210472,-1,-5970.071174275343
14103,0.6408837878260191,-1,-2044.0803594513607
14104,0.7326037035893399,-1,-5477.057090572294
14105,0.7466272750217448,-1,-3231.9688227694323
14106,0.642646444475212,-1,-2549.8039825076185
14107,0.6022609422580307,-1,-1738.1633158505313
14108,0.5520125145553382,-1,-2055.438288768659
14109,0.3112424635177793,-1,-236.5177834121074
14110,0.23865233585440335,-1,-341.9977218443606
14111,0.2582648208112599,-1,-706.8127860969296
14112,0.11695345395629382,1,339.4159099926637
14113,0.11912018290490523,1,319.72839910986846
14114,0.15370988250630477,1,294.3606195428032
14115,0.12302713589260135,1,281.32126277249336
14116,0.11528471302313258,1,302.2992884954757
14117,0.10496889908985696,1,193.31922790520008
14118,0.10772743086919344,1,222.63633998565322
14119,0.06849729363236126,1,390.6029166362051
14120,0.057341399298350575,1,433.9813422649026
14121,0.11665849330148534,1,361.18350438637447
14122,0.1808459202656281,1,297.1281841813362
14123,0.1495752634312255,-1,-168.6578823680278
14124,0.14388848463407153,1,99.73056206355125
14125,0.09217910128038964,1,187.5317080977911
14126,0.09417667521969297,1,324.6839790159107
14127,0.1268082425995844,1,198.14596302675113
14128,0.2471937891395323,1,57.10612033241239
14129,0.17748724429577215,1,53.532332795193895
14130,0.23318351653259034,-1,-487.5283317322202
14131,0.2202535143395647,-1,-154.93460421819066
14132,0.21571736473653713,-1,-902.440770556713
14133,0.22750220508402652,-1,-1105.9705807749551
14134,0.1873949926020634,-1,-99.64640824863727
14135,0.15547029324469994,1,234.1525182700152
14136,0.150850114682154,1,319.15924856879764
14137,0.07638627590910822,1,343.24672908855916
14138,0.08398800436341998,1,381.9573380198093
14139,0.08924720092128004,1,415.18583933146215
14140,0.13551657878488932,1,387.2208757180551
14141,0.10067743070191836,1,392.81980845571536
14142,0.11624714009301249,1,319.482260215217
14143,0.07804145690796484,1,383.0440668043758
14144,0.25280170662450924,-1,-204.35543969042305
14145,0.3358490673976479,-1,-1780.9266419474131
14146,0.3370384090591651,-1,-1871.348345052894
14147,0.294855665708182,-1,-892.3176796986463
14148,0.26454535295509324,-1,-605.8243984401888
14149,0.26652768875499516,-1,-407.9530607597318
14150,0.3631224463571704,-1,-1056.7952343307093
14151,0.4953359237908957,-1,-1555.7187043742063
14152,0.36199421753638183,-1,-971.4632098661316
14153,0.36479375718477375,-1,-930.1923047754117
14154,0.08919719860104834,1,322.63288762060114
14155,0.10417455910601224,1,226.80710469103508
14156,0.1047933890763043,1,371.2594474508791
14157,0.14880050318018775,1,272.2707211554915
14158,0.13752997180697007,1,252.95687762968237
14159,0.09850414445524548,1,329.15721763618023
14160,0.08192851542004001,1,313.1152418331455
14161,0.06966645063592443,1,390.0934426319249
14162,0.09977616760282579,1,343.4094878180133
14163,0.10152306413805864,1,300.3847125564896
14164,0.1230999444579082,1,220.14279553566752
14165,0.1719308446112738,1,270.20170212036635
14166,0.1426408210485229,1,290.31224497105165
14167,0.17148360198251936,1,219.73294698925633
14168,0.23772122171093524,1,6.871192446557757
14169,0.23889422610991431,-1,-582.6290953664486
14170,0.25479405650785625,-1,-197.10800052345314
14171,0.20777194854258377,1,186.5072013525019
14172,0.18318262864743368,1,245.9496474409589
14173,0.18463390041965091,-1,-21.79607415341104
14174,0.198251004374077,-1,-298.51285526199536
14175,0.3729773840341651,-1,-2194.6205458284194
14176,0.3520978835558361,-1,-1592.7472766320113
14177,0.3755833523399547,-1,-680.8212849435479
14178,0.3637672877633939,-1,-3382.018054703045
14179,0.6421300855423266,-1,-3704.4197187596537
14180,0.358796844297928,-1,-2529.825024907729
14181,0.30245486299404567,-1,-1799.104390669251
14182,0.34067977718869397,-1,-2795.5968746791823
14183,0.18897357552012134,-1,-301.7349601418806
14184,0.15771651916293247,-1,-231.02051656889842
14185,0.18033006360968765,-1,-170.9919144687949
14186,0.11092263603489697,1,390.9511301095372
14187,0.19901361526791342,1,188.93508817432286
14188,0.2140469649052392,1,119.87974951971438
14189,0.126870086484019,1,357.30390687985755
14190,0.11021217573582832,1,378.40348016423746
14191,0.13579147711953335,1,280.3545116846157
14192,0.31430626146883095,-1,-380.93346659645204
14193,0.2921179340761912,-1,-166.18012123441372
14194,0.24283069497318482,-1,-131.38996073740213
14195,0.33578155183381053,-1,-280.7876519574776
14196,0.23108283575120406,1,58.47652715383276
14197,0.1813134478650594,1,277.4588958928599
14198,0.1785998934920439,-1,-203.80897472470838
14199,0.14289533338026386,1,232.16872068319455
14200,0.1735253281948484,1,290.8372808014112
14201,0.15011526045988882,1,339.8940799656321
14202,0.17219429376683532,1,199.87733924439488
14203,0.1312007704458285,1,368.49466431681674
14204,0.13927302524795493,1,350.76533952496504
14205,0.13344874386036115,1,346.77690878702344
14206,0.09730436516163943,1,388.7676810245861
14207,0.10349967108399945,1,408.08019487081737
14208,0.09744440378273449,1,393.8851130498175
14209,0.09914906167423786,1,405.77091003724536
14210,0.19181929662139424,1,205.6561587806756
14211,0.1619566874433554,1,333.33076517668013
14212,0.07056173364357927,1,421.5785791383769
14213,0.06153817879816973,1,425.8859356993603
14214,0.06527297046233715,1,422.03736096234763
14215,0.0985277524549273,1,390.43381220214445
14216,0.10007989079011556,1,386.50772561717486
14217,0.06547384030987953,1,415.25850939012946
14218,0.05180469892727317,1,415.26623267703917
14219,0.05043801730241942,1,422.7772323448452
14220,0.06683306555131525,1,413.94083069510293
14221,0.06160101468456676,1,418.7306502081673
14222,0.06902580347114746,1,419.6738612605468
14223,0.06681523553137267,1,414.66083660494667
14224,0.07494737459926985,1,409.0558677820383
14225,0.06354299979683652,1,416.4979925087872
14226,0.13700800926694331,1,266.1582445408631
14227,0.2116505505542314,-1,-26.19909082326774
14228,0.14500630432703204,1,235.22519782135547
14229,0.12412347581151226,1,323.74335074250985
14230,0.1581270648420407,1,236.03406487623036
14231,0.11426175974483184,1,366.89804997145984
14232,0.07782971815769464,1,382.7678613413872
14233,0.08617740869538394,1,371.1677300014304
14234,0.1124864673350647,1,327.61840780156706
14235,0.10436309901515857,1,325.64826282549797
14236,0.09901166638096122,1,300.7137988201647
14237,0.13715448518904658,1,203.4283511492291
14238,0.12805191434222613,1,279.8286093913097
14239,0.08410251922200197,1,310.56889775977373
14240,0.07071363175449301,1,358.40223444190764
14241,0.05066240732892752,1,416.5320753064483
14242,0.0621127093810724,1,410.7572428829936
14243,0.12142064265306722,1,346.61926438289106
14244,0.10741168081526797,1,358.50793754747144
14245,0.13266669417051222,1,314.3034051582736
14246,0.15105654755253115,1,324.09403244973015
14247,0.13202870148344423,1,361.5769747244028
14248,0.18039050653896352,-1,-124.60698221381972
14249,0.13528583599470817,1,286.4229422290055
14250,0.10774363943363373,1,294.6319756261476
14251,0.12803082073268474,1,213.93039147010916
14252,0.10887686044035283,1,377.43702964848353
14253,0.10390640030924993,1,318.5452994954956
14254,1.2892551236535434,-1,-50843.46937799638
14255,1.6890764266550369,-1,-270467.45365518524
14256,4.709551204430818,-1,-1024776.7282659425
14257,5.304509911569958,-1,-1216014.8408687243
14258,6.923491310414347,-1,-2100116.278737935
14259,6.767623247759415,-1,-1809471.384891618
14260,7.647216560058993,-1,-2295136.1811311557
14261,8.51150188462514,-1,-2305165.0080114035
14262,9.530961364196633,-1,-2952692.4626759067
14263,14.34549932399985,-1,-7796810.648995423
14264,11.748255780324996,-1,-7094909.76281898
14265,16.130480125174635,-1,-11256791.15379547
14266,24.66792141520496,-1,-24629829.47984931
14267,22.494343387724573,-1,-42719005.96305208
14268,20.255184682817394,-1,-28090090.193763774
14269,17.648194042605912,-1,-22074429.442692734
14270,15.297784328505017,-1,-16367328.464003753
14271,13.58092915201106,-1,-10156342.828932483
14272,11.159930557420434,-1,-4536593.293018029
14273,7.53878892390117,-1,-1987774.2929974135
14274,6.463012677917467,-1,-1201970.0904488508
14275,3.420504286805035,-1,-494585.20937535464
14276,0.0452033408300546,1,419.86727826787575
14277,0.03585962505896734,1,434.7424142411597
14278,0.04412137563980966,1,431.6304405158003
14279,0.03489232528245554,1,430.0312084129319
14280,0.06452430878264795,1,406.5750034241277
14281,0.07503813018511053,1,415.0366958453799
14282,0.07993458307621536,1,403.6862770203534
14283,0.05904095275817639,1,418.3352102763747
14284,0.05652811147840508,1,405.7736916385786
14285,0.052380801258969746,1,425.05873018064744
14286,0.062347646367442285,1,431.0029352317497
14287,0.06504296143192091,1,429.85366849407865
14288,0.04120005532167591,1,430.1821164516994
14289,0.042664985579169805,1,427.45538736395656
14290,0.0481223900120293,1,422.138059565425
14291,0.05380752374960487,1,420.84215800120325
14292,0.054388909466037465,1,414.6227381621906
14293,0.03380760432294319,1,413.147981323846
14294,0.029313077628139488,1,418.59291734618984
14295,0.02494686866156675,1,435.7404935093826
14296,0.02751545293858201,1,428.6371535841071
14297,0.05579203314585312,1,417.16656651909733
14298,0.0697654792080952,1,406.8656448160118
14299,0.05854714506214053,1,416.86319263158236
14300,0.10316728442725968,1,326.9367876992021
14301,0.14291224596096183,1,181.4268635187729
14302,0.0820788255575027,1,388.79824089133984
14303,0.17028385390851825,1,88.34893443985345
14304,0.08680684795648262,1,371.45939454501377
14305,0.05379507743240019,1,420.5266942680707
14306,0.031913091176784654,1,436.0473982088748
14307,0.08786443409190765,1,373.92939119203174
14308,0.09010220756104147,1,380.6412328474971
14309,0.11619928875298756,1,296.063525434901
14310,0.06378542575272014,1,422.428153568911
14311,0.133961355510311,1,232.04933411527148
14312,0.06610962007225794,1,418.67111310628206
14313,0.03946526755206148,1,433.87304779208745
14314,0.03883251105631723,1,435.62197360050703
14315,0.05497384675343349,1,422.33023288636855
14316,0.052151420040691676,1,426.9615941930107
14317,0.031184952984638664,1,434.71526208341385
14318,0.028063250563819746,1,428.03612982025726
14319,0.02659409463364432,1,436.34767187139465
14320,0.023444651316860934,1,437.6017156226155
14321,0.01892049242821821,1,436.8430446213962
14322,0.018657424300005537,1,436.83150959792385
14323,0.03734660915396677,1,425.39899102032894
14324,0.024365655412088988,1,434.8299828299457
14325,0.013865099022287006,1,437.4615729059187
14326,0.01787860048515181,1,437.14614351828726
14327,0.042836636700707593,1,428.852474555798
14328,0.040232187317420745,1,429.6987172952429
14329,0.0412258149909412,1,429.0884003221668
14330,0.02461458091472745,1,430.18852601386436
14331,0.021983500091744046,1,436.0942453879542
14332,0.03808925777593613,1,430.850559509535
14333,0.04378835111864566,1,427.44459885149354
14334,0.04977263425413851,1,426.8366144274804
14335,0.09251898818046278,1,370.672300838609
14336,0.09457153785736039,1,340.27931520045263
14337,0.07470695312330078,1,407.28530078453065
14338,0.07126396171894196,1,401.8463077795287
14339,0.09525671412629186,1,386.70966650343917
14340,0.09056913148138805,1,392.6766124397024
14341,0.05620294243745174,1,415.01540043320506
14342,0.08223657950664467,1,391.655744865835
14343,0.11506798754554089,1,357.955483915122
14344,0.1125564450393129,1,359.4423178345625
14345,0.09008081777367073,1,383.7884222829026
14346,0.06436954217077699,1,412.9214132956735
14347,0.046630984642428576,1,429.1178310122936
14348,0.02721091908661424,1,432.46269075895714
14349,0.038516897231175524,1,437.42279331570404
14350,0.04594990830994585,1,422.06620969305226
14351,0.046491785372439684,1,410.74203552127057
14352,0.0735419158771312,1,352.9640463179828
14353,0.07020210565438888,1,359.20169199872885
14354,0.07226329637364419,1,296.43627874191793
14355,0.06393298450164973,1,408.88628036537034
14356,0.05850967732611313,1,419.56300042979984
14357,0.05496686321886688,1,421.18511811212005
14358,0.04327938146707577,1,435.12524688970336
14359,0.04539952392445223,1,427.49565472570475
14360,0.0717399147098459,1,407.65446628772037
14361,0.09681405142427679,1,382.6387430305369
14362,0.08865799693874421,1,386.4934823375168
14363,0.10140390383884675,1,382.34064180864465
14364,0.08998181876371578,1,390.41725859919785
14365,0.059697751269696994,1,424.9290148044097
14366,0.060427916537432576,1,422.33365178731975
14367,0.05049026170674859,1,425.90239760933395
14368,0.03741857306751173,1,432.5238441191563
14369,0.06299111721947276,1,401.7322962180817
14370,0.029688620080749507,1,434.09113423459814
14371,0.03559910331812706,1,435.8484440304815
14372,0.04192699059985885,1,429.55549755179135
14373,0.06685162725245,1,410.0607678556714
14374,0.10503578514474056,1,331.1078037034775
14375,0.10496885533445775,1,335.6077623540598
14376,0.06796481049626858,1,407.9873801150058
14377,0.05316220315290259,1,422.0363757788581
14378,0.0396467499761378,1,429.67310400110676
14379,0.06491245827675897,1,419.4746385589691
14380,0.043731321411110365,1,433.42380163701483
14381,0.043480849338997894,1,433.88159010896663
14382,0.06953795596770755,1,426.5724464214771
14383,0.07918256465976173,1,412.1950655986059
14384,0.08649785744695561,1,400.31380661692884
14385,0.04637646956094914,1,430.28555422621224
14386,0.04349215420566817,1,432.5937977425482
14387,0.023786331636015245,1,438.0569419044317
14388,0.026290413081717288,1,434.4035691261966
14389,0.02535410798833559,1,435.4671548416877
14390,0.021586404446100955,1,436.66506669466827
14391,0.029395218947913103,1,437.3137559370268
14392,0.027247766448352535,1,437.95786207942376
14393,0.026154329462889172,1,435.07132786492815
14394,0.021410619498814225,1,437.55939253414255
14395,0.027871781397319363,1,408.3390525318346
14396,0.04234313649728457,1,392.4590471498445
14397,0.06969742345484273,1,381.8183627689804
14398,0.06292548076507312,1,343.70453623080317
14399,0.06928621408784462,1,245.98836876007368
14400,0.0765640887477793,1,289.2202398580673
14401,0.07594940161480657,1,315.3127900246109
14402,0.07130419981735515,1,355.78237043218417
14403,0.07187743410015121,1,343.0121119986828
14404,0.08326025030080948,1,251.44683861789107
14405,0.07226145119208914,1,354.64803312052857
14406,0.06371934110299561,1,396.9559147083082
14407,0.06618678619356282,1,409.3624758916335
14408,0.053265491704173794,1,405.0158300773363
14409,0.05423835538303159,1,416.7368553788191
14410,0.06870566862998964,1,372.0074971085262
14411,0.06286113739806966,1,389.87736438565634
14412,0.06933279606962371,1,352.6083278088459
14413,0.058872332538593176,1,404.5106232847396
14414,0.1145105121757396,1,239.1437091414126
14415,0.10819267269879963,1,229.5218922201526
14416,0.08080733119324855,1,357.47489202051224
14417,0.07608319582038976,1,375.30160667960877
14418,0.10110525028425066,1,251.6286920793061
14419,0.07427105458977669,1,198.48213089236128
14420,0.07310821103074913,1,240.7613853089302
14421,0.10131543353424566,1,305.9584231757514
14422,0.0852790475516859,1,331.68516815597025
14423,0.07933804440352492,1,326.4530725530914
14424,0.06564539590543048,1,388.480269876808
14425,0.06507807069119828,1,405.8752157792718
14426,0.08389702262003138,1,391.02702483631913
14427,0.04563346201538603,1,428.50544232124366
14428,0.05850293913156875,1,418.7988322175529
14429,0.060173252523536745,1,414.8202238563009
14430,0.043485188401768245,1,432.4265465702139
14431,0.06588103741303124,1,405.7513269738162
14432,0.09221720058805938,1,365.8747500575456
14433,0.13716540717626818,1,238.51688120385262
14434,0.08134882920442417,1,361.3305596885436
14435,0.0560364871006717,1,405.66263624646115
14436,0.056189973771780664,1,409.4878979165026
14437,0.07005503110299745,1,398.22477607974156
14438,0.03940797558261026,1,429.6758452862963
14439,0.07539842909303773,1,364.63293008592393
14440,0.07474580872359497,1,368.0376158304473
14441,0.052952715228173575,1,407.90989934322226
14442,0.06836380832710597,1,393.5754504325316
14443,0.03527362058717018,1,433.049111495919
14444,0.033292911736482446,1,432.4615714012723
14445,0.016459893555561256,1,436.94946070449225
14446,0.022476640957007236,1,437.1865040892608
14447,0.027847969798644685,1,435.7942742579299
14448,0.04120280349461018,1,430.3162894160838
14449,0.03927584423852169,1,432.53546775959006
14450,0.0837260020399945,1,377.0660983591941
14451,0.07492308167252286,1,386.8965554492352
14452,0.06277535463106762,1,407.8270554929464
14453,0.04402113137639522,1,427.58250786503737
14454,0.05261984557636718,1,417.63264095561703
14455,0.0711933779269672,1,404.68114386128366
14456,0.05776053308902755,1,418.4028721928677
14457,0.06188441634477411,1,402.3928344789175
14458,0.05754366633294199,1,409.48230795027126
14459,0.05923854723092721,1,405.1711039712012
14460,0.026393452116121274,1,436.36910469528056
14461,0.05669792354154888,1,400.07769933704856
14462,0.018405608600958228,1,437.0436049644405
14463,0.02496879801520482,1,435.6125550891044
14464,0.052766392392783565,1,428.05572649148127
14465,0.05209729378261719,1,422.46236767383715
14466,0.05377544339771062,1,418.7473729923424
14467,0.058345692638242276,1,405.0589838762324
14468,0.038852879610054784,1,422.32202549172484
14469,0.04343166571838348,1,421.29099456059953
14470,0.0415404400433042,1,419.9459252386935
14471,0.04854533140401957,1,419.67730391898255
14472,0.039778290817852766,1,429.9022466259515
14473,0.03634092237543252,1,431.7042996680534
14474,0.015902430147367464,1,433.16547089191766
14475,0.015065737183118424,1,434.0088721441863
14476,0.008214770728151136,1,437.5544109316358
14477,0.010060259658933705,1,437.60081738293155
14478,0.007754300020742669,1,437.47908359173863
14479,0.00916760205756728,1,437.6699814009488
14480,0.013415509041864728,1,437.98288287654464
14481,0.030865459654739764,1,407.9503347027414
14482,0.027234028430744343,1,423.6407580213563
14483,0.02657808280100354,1,422.2743366992817
14484,0.03194283472169523,1,407.55668386386526
14485,0.03723912417489833,1,405.97576576505503
14486,0.031936050719716905,1,405.7932673993646
14487,0.06875193879056274,1,417.59693017983557
14488,0.134059389890646,1,306.94906411485533
14489,0.11499337999274616,1,341.4884296390218
14490,0.09905555072993477,1,371.3996513328902
14491,0.10796963215448899,1,372.7129195018143
14492,0.08242214694702897,1,403.8556859629439
14493,0.06596259212591087,1,410.2961485520086
14494,0.08260547130604044,1,380.1605301087267
14495,0.07839513602018618,1,417.9364596199514
14496,0.048216449572042866,1,430.83753948352535
14497,0.04208827707446367,1,435.3603945014705
14498,0.06748368125447962,1,425.47449471185814
14499,0.05602759299159751,1,412.6143131335454
14500,0.0860926714095668,1,394.2519104023905
14501,0.043070193752407455,1,426.05990866937987
14502,0.04763428772309807,1,426.88512742915304
14503,0.028573419798225592,1,434.10565918011224
14504,0.028366422571198868,1,435.0319027202903
14505,0.0217968520910474,1,435.4782431402988
14506,0.018249214267122078,1,434.44961817138994
14507,0.019419610659630358,1,438.0119217625035
14508,0.013020612484651879,1,437.2949392046078
14509,0.017640445473734136,1,435.9085424206557
14510,0.015992017878073462,1,436.92643024355937
14511,0.02344013895347054,1,435.7310328353239
14512,0.030258835534718146,1,434.15788871471295
14513,0.050608821936753354,1,421.7178881260039
14514,0.05217816499816719,1,422.53710929476955
14515,0.043835819161292276,1,429.2783530653097
14516,0.0606362335163167,1,417.1895718654228
14517,0.06242440192821665,1,412.96714479690553
14518,0.04409525059551964,1,427.9763810738614
14519,0.023375340542839206,1,431.50814279259527
14520,0.03559035556548369,1,435.275136627593
14521,0.054161716390488834,1,418.13991218776385
14522,0.04321367806654551,1,430.5167145695203
14523,0.043668750109228605,1,431.1800698122102
14524,0.0770442770936725,1,388.47523910779313
14525,0.06429741705810056,1,409.8372784793729
14526,0.07517880787334685,1,395.49613212335163
14527,0.0774161002019024,1,303.6395348683618
14528,0.0710953428231266,1,354.2538681111999
14529,0.07785792150176532,1,360.6044181489822
14530,0.0805565980814326,1,377.4737651295156
14531,0.08439086245311352,1,352.9421790238897
14532,0.11027031843697084,1,249.26309357260266
14533,0.12194044849911652,1,189.0371688609992
14534,0.14780970792886178,1,132.11780055460036
14535,0.10487949812629187,1,215.73669092568446
14536,0.09374035188693176,1,314.8696707053243
14537,0.11913785367222365,1,346.0277958652216
14538,0.15193950665444378,1,256.87210451518695
14539,0.18457332509331417,1,219.35705378886937
14540,0.17008317816126825,1,116.85976369335037
14541,0.11819581335285563,1,207.5186931222438
14542,0.05811149664551779,1,339.21411953835286
14543,0.10321316655915788,1,328.53704411640587
14544,0.13262810313101234,1,205.3043442567219
14545,0.11661103742875227,1,222.67814458944326
14546,0.0816368145017394,1,385.66131079647784
14547,0.09248475318291538,1,332.60758055410736
14548,0.09097442210870012,1,366.2080598885701
14549,0.09052150797326988,1,289.9132927714716
14550,0.09019408526873596,1,218.2465940677667
14551,0.13387140695139993,1,240.75973898939603
14552,0.09678980047730572,1,62.32698754504685
14553,0.10628842508533198,-1,-50.23712261255395
14554,0.12476915576089316,1,176.33253228586767
14555,0.12440436512630172,1,226.07071649164692
14556,0.1369941568377987,1,353.4235043084179
14557,0.09786065559531269,1,402.06543915510036
14558,0.27669370854620984,-1,-1042.1564606069908
14559,0.34100026573414766,-1,-670.3271560666553
14560,0.40220431857109473,-1,-692.5582921755488
14561,0.23389711495028334,1,33.543800123829556
14562,0.17175205208509467,1,298.9202657146848
14563,0.15891075996934292,1,286.8890210348024
14564,0.17860458648997096,1,55.00282573879821
14565,0.08492062942297342,1,390.03737715314674
14566,0.09648958279869765,1,352.501471103661
14567,0.09485548718764274,1,333.3991558714643
14568,0.07580469718678964,1,395.08464818238804
14569,0.09062589033028819,1,362.0315418608965
14570,0.10933280674266313,1,361.70316916689586
14571,0.07902024980727686,1,417.9880425901932
14572,0.0679800327554624,1,427.18146836640756
14573,0.11780382510946681,1,336.63695567930455
14574,0.19864679621990455,1,9.04591617134679
14575,0.24546998088858316,1,75.72989815335052
14576,0.16715676112413735,1,277.0844254435234
14577,0.1369703449801842,1,287.79015187372954
14578,0.15790655712249366,1,322.83475151258324
14579,0.1282203945953669,1,344.349173661137
14580,0.162396270475029,1,183.64123000122103
14581,0.09519412385955804,1,205.76023672583563
14582,0.14176560787142875,1,137.04679130714788
14583,0.12898353704249133,-1,-107.44723129643967
14584,0.10983712255082903,1,238.3890577733817
14585,0.25545105651092104,-1,-404.52349575163817
14586,0.22535698153416303,-1,-339.43495568455944
14587,0.26799011744809687,-1,-719.4301503855422
14588,0.18867385004557882,-1,-509.15595058904444
14589,0.17033804082314624,-1,-502.51732696151123
14590,0.17867633126257032,-1,-300.61402116139584
14591,0.18035383264956256,1,322.58420882448263
14592,0.19463598817760672,1,263.55762905837673
14593,0.24411504105322135,-1,-236.61450535085976
14594,0.15835620095356215,1,335.15806833750696
14595,0.11216399339421079,1,336.187937090934
14596,0.1279549091576294,1,322.47227374048026
14597,0.12320251216018854,1,335.5089734274275
14598,0.10281410293748558,1,384.7287743275359
14599,0.06269104261898681,1,416.7246856971207
14600,0.0644048261097065,1,427.4712492688744
14601,0.03478042186596455,1,426.40862462750414
14602,0.04616066057573565,1,420.11210266464775
14603,0.033030260473477104,1,436.1008410522914
14604,0.05935275727130337,1,426.9882987827226
14605,0.06164169748599633,1,426.3879501249246
14606,0.07097141577936418,1,418.77012685782677
14607,0.046128888478114104,1,430.7759076045231
14608,0.07336511908009115,1,400.94106166519055
14609,0.08085286273270773,1,397.8712321587895
14610,0.04832292978443203,1,427.6910016701167
14611,0.025853905483856018,1,434.79399237368517
14612,0.0302817761208963,1,435.781144611736
14613,0.03540836277093247,1,427.07072832092746
14614,0.04081481979912538,1,412.82118370777323
14615,0.09352892675829275,1,313.3206444210006
14616,0.08451181801526762,1,189.6953758019384
14617,0.08589470700393323,1,326.29266562362494
14618,0.08620664823133142,1,252.17365909296413
14619,0.10332903978274992,-1,-396.43327873492194
14620,0.12338140697650803,-1,-624.3209733076533
14621,0.1071728479691121,-1,-404.64143233838365
14622,0.10271211039462426,-1,-330.31220943240817
14623,0.1257079021462648,-1,-446.3229250638841
14624,0.1925876454509434,-1,-264.26100079747596
14625,0.1451740152172449,1,44.42996816969901
14626,0.2340296825247103,-1,-299.617626348616
14627,0.11609912799278574,1,230.20333505702592
14628,0.10675090206422666,1,268.0571041811694
14629,0.08836657921945208,1,192.90787450116326
14630,0.12608841713933197,1,280.1634618043713
14631,0.2965302704020832,-1,-621.860943545993
14632,0.3488943454594162,-1,-1226.0610894094239
14633,0.3439933390449412,-1,-1144.2284923210404
14634,0.18931219205578145,-1,-41.18598618185604
14635,0.13782445421803363,1,59.568566643737825
14636,0.172355149119761,-1,-233.87301574335754
14637,0.18575771949689,-1,-124.20590017787708
14638,0.1645315769227968,-1,-210.56155529867033
14639,0.09673378044793392,1,169.36885475650053
14640,0.11002384614367132,1,111.51669575033179
14641,0.058332784511169335,1,388.14832447425357
14642,0.046434395036479684,1,413.7177876403776
14643,0.04415834811355531,1,422.30011959533357
14644,0.19408786212016774,-1,-261.2794606374674
14645,0.6777139999315759,-1,-13974.220400640046
14646,0.6203356660528024,-1,-10846.729487380608
14647,0.40566996888005213,-1,-4691.202017871099
14648,0.41620605438768943,-1,-4089.338119735795
14649,0.38001926814622283,-1,-2712.352244110508
14650,0.284017968873534,-1,-1456.247719920467
14651,0.285696435284314,-1,-1906.7246234405072
14652,0.3602838558721671,-1,-5139.3896429424085
14653,0.09538402157724268,1,404.6857841473589
14654,0.03184611341229433,1,431.2253094610518
14655,0.054880283037580316,1,423.2370730191265
14656,0.0558238722342082,1,348.587381028412
14657,0.05639644483862588,1,390.22070278349094
14658,0.05848244538888802,1,350.24717664599
14659,0.09946557289634943,1,156.2441264052424
14660,0.08847967082110442,1,274.50828061211246
14661,0.11992737710208017,1,209.68969396412723
14662,0.15769571092708184,1,16.662223101804784
14663,0.16587947030155373,1,219.31902744106338
14664,0.12450348045994049,1,217.788547875452
14665,0.09556053980717218,1,372.14811870686697
14666,0.08408223466996319,1,393.61288942409954
14667,0.1057388068520674,1,335.6450321231208
14668,0.09721261034567075,1,371.1381553165394
14669,0.07734439261597752,1,381.7291808618911
14670,0.07701548836830241,1,424.42733944576725
14671,0.06505900758197945,1,419.2601814432561
14672,0.07959021016119065,1,345.9890480989543
14673,0.057598412248365496,1,426.67248408066115
14674,0.11861194162293086,1,235.81577891898695
14675,0.17795275219776,1,85.66539583940335
14676,0.11241162373546591,1,357.3885679276734
14677,0.09985365330495417,1,356.0072946588297
14678,0.07987360300277087,1,374.4536283183538
14679,0.10076413441342898,1,405.7430195202604
14680,0.08384180922318203,1,372.34329636819933
14681,0.1435707026962694,1,276.3294517903936
14682,0.10358792072414756,1,351.5905192084813
14683,0.11069295127939258,1,309.2277507284193
14684,0.0763005513391405,1,396.1647804703575
14685,0.06918713826903122,1,172.44765294486592
14686,0.07854892556508626,1,201.1500732833798
14687,0.08425360344617035,1,268.3236510781629
14688,0.06058990261428264,1,297.2515827189881
14689,0.04972185507321504,1,336.90824145785643
14690,0.04725752642240252,1,389.819919446393
14691,0.05451800587584806,1,390.0972953531474
14692,0.05239657983314935,1,396.651162061535
14693,0.0721723529162589,1,284.2664100105585
14694,0.0859115487081232,1,153.1328054442048
14695,0.07974504644896954,1,233.44308719617877
14696,0.07799041579828435,1,174.05669599823733
14697,0.08314133671554709,1,120.70895720254697
14698,0.08867043450076342,1,242.18080648827566
14699,0.12488072123065776,1,138.67507376263404
14700,0.11081127191471682,1,198.82334878692652
14701,0.0742668773116204,1,251.29842408710903
14702,0.06801822438079415,1,312.5705516115571
14703,0.042628264486895835,1,390.3785447495146
14704,0.05341735432522287,1,419.8038206262784
14705,0.08937680323813199,1,338.6234907130909
14706,0.11374983622529107,1,259.50852827117603
14707,0.0699498914644409,1,400.2485022213949
14708,0.08645923183924219,1,362.72669159808584
14709,0.1279293992826604,1,317.17586610233064
14710,0.26118688633979786,1,27.272706186159382
14711,0.2725636649914927,-1,-73.93290536918676
14712,0.2483671925229877,-1,-111.86633732285304
14713,0.21689286445185724,-1,-215.8616678904849
14714,0.19865055856017794,1,24.59170457668955
14715,0.38274620571068496,-1,-1863.102326310435
14716,0.23063189093915945,-1,-79.90904788018247
14717,0.15825340578958214,1,170.04201626879217
14718,0.15122346272881118,-1,-23.66122234905538
14719,0.11960456478497161,-1,-154.08465528232148
14720,0.08600093566724261,-1,-132.45090687975403
14721,0.10183720549266843,1,47.21915450480168
14722,0.073387170438317,1,71.25229832715536
14723,0.060981116943196696,1,386.6915492769574
14724,0.029947455220670483,1,419.0845024023361
14725,0.036270280540617435,1,428.14281073427287
14726,0.046401932889778216,1,378.1162881316537
14727,0.04452210055842887,1,415.2747967716735
14728,0.04289467830072885,1,404.679862131321
14729,0.058426670151179784,1,417.1161117111364
14730,0.06290090557518103,1,384.9191250075598
14731,0.06251841484628567,1,424.15518144647586
14732,0.054258236500697166,1,403.64168697369524
14733,0.06090165348864494,1,390.69353369854696
14734,0.045450264987712596,1,396.5785158455987
14735,0.02870385216642448,1,435.27662168522806
14736,0.038024485248491426,1,417.95686696414003
14737,0.040049975861246756,1,414.44729183193135
14738,0.04131318649684803,1,429.65967313163776
14739,0.046167751692810996,1,434.1191417538487
14740,0.040059537484385385,1,435.74285454111583
14741,0.034724608276625255,1,434.93496047622506
14742,0.036439475474402114,1,433.5802294496439
14743,0.05050735970834934,1,432.07789630102354
14744,0.06131846830610886,1,430.1521137432971
14745,0.02586127969693277,1,431.4372055998522
14746,0.026858488813268466,1,428.5738350791522
14747,0.03447332118929029,1,433.8620942922071
14748,0.08956460918898088,1,414.96877604057676
14749,0.11072391304963634,1,372.11806386626415
14750,0.10880300637992793,1,318.76336419403736
14751,0.08175889582640661,1,381.83765680541916
14752,0.07675648729386264,1,387.5483409888551
14753,0.09258903334796954,1,337.527018560295
14754,0.09955682663141825,1,297.4630731945099
14755,0.09361621204816517,1,266.5269440249561
14756,0.03538640119167663,1,427.5574680817846
14757,0.06553379844939256,1,362.8329190970715
14758,0.054776770210323796,1,399.82330154993076
14759,0.06405070960028063,1,382.96166085009395
14760,0.0656183103002882,1,380.6528273475211
14761,0.059944757425104314,1,414.9150548916994
14762,0.06154425363334576,1,404.2694705405033
14763,0.0982625213005774,1,368.0909503716729
14764,0.10681460604869253,1,365.1054037698734
14765,0.09697397797087062,1,316.5955414796999
14766,0.08630200653377985,1,337.3851882552973
14767,0.0838868574769115,1,405.60382681438267
14768,0.09134859237264466,1,381.03060123812975
14769,0.10330962748806902,1,373.7282268825623
14770,0.13514868101139196,1,153.35553852426835
14771,0.11350919798721319,1,147.88077200063645
14772,0.10902497073551454,-1,-61.10964334968929
14773,0.10191809038583263,1,379.4508338281879
14774,0.10569706990040861,1,396.9154051087913
14775,0.08939659460813743,1,374.1752057169566
14776,0.13839925358045402,1,340.1412721668992
14777,0.05954610573318482,1,425.2368364948451
14778,0.06491476585711979,1,408.104634415588
14779,0.06380475480145545,1,409.58628685030277
14780,0.10320806377673646,1,339.38267544062876
14781,0.0829716756887816,1,358.8168172499062
14782,0.09431040347257387,1,305.059831483499
14783,0.1489630600701682,1,82.67029635022612
14784,0.18564163280173246,1,90.33883610639208
14785,0.15196216265452733,1,215.12509473025295
14786,0.12789006211036485,1,167.82456033288128
14787,0.09656443892543533,1,322.1673474895834
14788,0.08967347343185941,1,226.5680271961191
14789,0.08158164620052255,1,232.26123737329354
14790,0.07619342463213741,1,298.9758857220362
14791,0.05432143890918171,1,361.50160458428763
14792,0.05223473006983871,1,321.53668855303357
14793,0.04540351676075666,1,352.0764516122964
14794,0.04063322556752226,1,392.89105339517107
14795,0.03566566903028382,1,402.1528432095316
14796,0.02520884410273813,1,433.74562302486595
14797,0.040070657284519154,1,429.29562091212546
14798,0.05985550140813275,1,418.3064643002835
14799,0.08223156548627389,1,402.4592081366779
14800,0.10934762237910031,1,253.82006862728025
14801,0.19938126888368138,-1,-146.06040980405214
14802,0.1347465360234878,1,138.64946900672555
14803,0.10759370299852797,1,160.11346849467998
14804,0.08080725215419028,1,324.3266103485
14805,0.09247454366986343,1,288.52565597049283
14806,0.09937312202715923,1,397.74983997946515
14807,0.053299391475269624,1,429.09420872497265
14808,0.043240367205288247,1,432.3990297418317
14809,0.04766271317104722,1,433.866403185473
14810,0.04614728721125678,1,430.5745450020783
14811,0.04502942604840714,1,411.46591964669636
14812,0.043001658657522326,1,418.0414492402815
14813,0.04654766599405893,1,424.71109999010434
14814,0.028416730409296268,1,431.70440170925764
14815,0.02717724175387498,1,435.85622361165275
14816,0.03450900706042844,1,426.9466337975361
14817,0.04310192520863982,1,416.63664851762485
14818,0.05481691731354389,1,368.44215280749495
14819,0.07282171764051674,1,396.7197703439353
14820,0.05869352348082476,1,409.1116707415477
14821,0.0875746062663459,1,387.0166961602062
14822,0.07277770062227086,1,384.47500638320867
14823,0.06837614297725593,1,403.0881478701175
14824,0.07903273618657668,1,374.91682062129826
14825,0.07886723222299229,1,364.503910391426
14826,0.07991857344563758,1,334.703532189672
14827,0.049956387105842125,1,417.3710411110709
14828,0.04082615620812403,1,432.40951506504297
14829,0.030056349128726602,1,433.67133654749523
14830,0.024825979773923108,1,437.70849739504035
14831,0.05412530151453256,1,409.4306182312771
14832,0.06511877131333794,1,304.70335710557856
14833,0.06255935163826166,1,332.3194643177907
14834,0.07580335290203662,1,348.48046738463427
14835,0.07242262251923577,1,377.60743447000783
14836,0.09212643065297768,1,274.5284034472571
14837,0.08334521750679044,1,358.5108428292301
14838,0.09245373280962224,1,303.04389396484055
14839,0.12873543038417662,1,316.57281703356443
14840,0.11900116508331839,1,348.70507156894007
14841,0.0699392199949478,1,384.4985613289777
14842,0.05930600512279565,1,410.4518806534194
14843,0.06832055467705664,1,399.91249045512865
14844,0.05928417673900109,1,405.547562323968
14845,0.060701017454746,1,426.7194619148846
14846,0.06205909844104749,1,424.01523051293776
14847,0.06881735100854305,1,396.2368658245284
14848,0.07318709777733237,1,397.7101243357985
14849,0.1256167457386121,1,353.28072712353566
14850,0.23321852551479122,-1,-710.2316361046117
14851,0.18013576653448507,1,227.22996320481417
14852,0.12944176670750082,1,15.779559265842465
14853,0.22475018321489654,-1,-300.4243335138385
14854,0.2875745179854738,-1,-3.8040081621302875
14855,0.24768436558953497,1,126.85064495132093
14856,0.21986798423509388,1,60.08112831195717
14857,0.16550016582280375,1,180.16627314230743
14858,0.2295230690927996,-1,-334.71958887001597
14859,0.284849209612766,-1,-608.7668168413511
14860,0.161363475852704,1,87.3226767363895
14861,0.22783914385481327,-1,-186.94470349302117
14862,0.15454729964030325,1,104.4889309003799
14863,0.12452588109898095,1,234.05158111126266
14864,0.15524690303240024,-1,-13.666493553582939
14865,0.1368900436325017,1,206.42758996347254
14866,0.20996290280257246,1,147.86144969181998
14867,0.12213016547222143,1,207.96037610512175
14868,0.1688545960830247,1,177.03263149932525
14869,0.11500392237224098,1,291.6959104774836
14870,0.08807556347859538,1,326.96430582062305
14871,0.0546916529307183,1,387.52850676549895
14872,0.05909501834474274,1,378.59810040318496
14873,0.03216548826927235,1,435.44720458200646
14874,0.025472998836481093,1,437.7859323396047
14875,0.03322219430783572,1,433.8360336384315
14876,0.038697398306614665,1,415.19233437964556
14877,0.039322731566613076,1,391.8219300698815
14878,0.03652912499054704,1,406.6546579096054
14879,0.040066919459500125,1,409.87573484886724
14880,0.0375692602663707,1,418.886862802314
14881,0.03577763239069696,1,419.1968982650704
14882,0.050938308833831936,1,409.13759773768004
14883,0.051325881968761984,1,374.221436801375
14884,0.05499272528005845,1,364.99201883707934
14885,0.08469498174830802,1,364.8837831468902
14886,0.12998519524059454,1,119.38302426547017
14887,0.09682149215886784,1,319.6582695213659
14888,0.10637837633195626,1,307.32011348226894
14889,0.08957402232292055,1,328.1128488414949
14890,0.11853304481854458,1,258.12120065618114
14891,0.15109053537885075,1,187.89587605542025
14892,0.19000789995773634,-1,-62.14788991425115
14893,0.148073967130818,1,100.04088615210361
14894,0.15050250782811866,1,233.53721567062294
14895,0.0701158469516928,1,404.5156181717389
14896,0.07808178187933064,1,326.11584530264884
14897,0.07305540863845181,1,366.95396766162673
14898,0.10837875856005645,1,343.1931999828942
14899,0.12283529430552195,1,385.77778681743337
14900,0.11245967497401203,1,362.05029517593044
14901,0.18618676867266815,-1,-48.24612685756176
14902,0.1884593081870171,1,23.93260271860794
14903,0.12533269242505343,1,249.3256050570862
14904,0.2143826450651701,-1,-224.58973923512872
14905,0.2932309378636351,-1,-395.6582593526309
14906,0.35234880875059355,-1,-2160.0172428414135
14907,0.2776425776134486,-1,-271.443406546393
14908,0.2774979641915451,-1,-786.4383138594021
14909,0.2199092609402659,-1,-208.11802993246567
14910,0.19622581746291634,-1,-623.9647052589978
14911,0.15669113084277891,1,47.485425269762004
14912,0.19293285320784265,-1,-324.0442467519399
14913,0.16860601158148536,-1,-223.67257526301808
14914,0.1627471641565064,1,347.59157222365883
14915,0.16415073318791035,1,259.4127073838256
14916,0.10227295615551989,1,392.022259569833
14917,0.1155354321184888,1,312.91463296182525
14918,0.10567084294179958,1,367.24369115784054
14919,0.10348109442973584,1,395.0014842304428
14920,0.09519263903917163,1,390.32708405866657
14921,0.0770870910772951,1,367.42314258162867
14922,0.12669184528771144,-1,-17.192720398484084
14923,0.12007530298591051,1,271.1185437875905
14924,0.1191747509084606,1,233.24447883568516
14925,0.08669700451232178,1,295.4862896297618
14926,0.07565019779019432,1,345.22548531115274
14927,0.08065803676315508,1,235.16097988925233
14928,0.04745485645746683,1,418.33814028649294
14929,0.04522835055207056,1,396.5449817774307
14930,0.03820536772364358,1,406.84759149182514
14931,0.049159253788570105,1,386.9368884018978
14932,0.07085832914507542,1,372.8556499793505
14933,0.05936465576262575,1,419.6345768299132
14934,0.06313272299489353,1,411.66020011330727
14935,0.06377584209556583,1,427.9432333113401
14936,0.0968630083571528,1,329.0524993783855
14937,0.09739573762021561,1,321.61630013058607
14938,0.13427224251882391,1,300.0583966241617
14939,0.14344672652198365,1,219.23748905708237
14940,0.13147785884021568,1,300.99060162583794
14941,0.11800575733641457,1,255.13890688805924
14942,0.1520017691509302,1,224.33080982540218
14943,0.18595074405318965,-1,-118.9570111415677
14944,0.1625976457560631,-1,-80.68694125622983
14945,0.14188974708102703,1,71.42500633251615
14946,0.13412747653943866,1,110.19919222817725
14947,0.1179949370157882,1,153.46335698438003
14948,0.11967534022928326,1,187.96853373939769
14949,0.13868732269951806,1,156.07092245892358
14950,0.07395806920240879,1,366.66582738285894
14951,0.05926536519325759,1,425.7663718625295
14952,0.05100517308608659,1,426.172629702558
14953,0.0565658210487612,1,423.44588494188343
14954,0.061801018777680364,1,412.8298060298627
14955,0.049563790113265095,1,421.88549710266506
14956,0.07112060323321297,1,417.52024428230004
14957,0.138909053332187,1,135.5034949205451
14958,0.09732394357238795,1,315.77102912316724
14959,0.17389058290927806,1,164.45576170417974
14960,0.13139768888671266,1,236.75919112242198
14961,0.12918730968283776,1,249.11409129648982
14962,0.1355006393030996,1,216.95112431779904
14963,0.1303748890576464,1,226.01140543123168
14964,0.1400908180190091,1,231.2142578779525
14965,0.2175196323265308,-1,-435.4660510798242
14966,0.20348936082736704,-1,-277.7554039052542
14967,0.14017157047067877,1,23.155447391644373
14968,0.21935464286888057,-1,-234.1354605816839
14969,0.253608833839758,-1,-2034.0712631641338
14970,0.25644400441955734,-1,-1848.1012367422957
14971,0.23388956806398267,-1,-1428.0081642920707
14972,0.14403096584866318,-1,-263.86847623226504
14973,0.18678494835816634,-1,-33.46660264340926
14974,0.08276236905450436,1,390.3527436150508
14975,0.07626112546215782,1,405.2850674085287
14976,0.08196926991877591,1,401.8869493108904
14977,0.06100345769468411,1,399.76308950595865
14978,0.04595716527987853,1,410.3599055065246
14979,0.03995704001363302,1,404.72708003452055
14980,0.05984078836072253,1,348.46751769679724
14981,0.06090927310872644,1,414.3294077224423
14982,0.05474432228288874,1,398.4447858149965
14983,0.04797599550482142,1,411.9315222670612
14984,0.052969850170142996,1,411.9068917371553
14985,0.0484085427136521,1,427.3806377759914
14986,0.07289416877666514,1,413.82555598788156
14987,0.07304808672360448,1,419.7050062259312
14988,0.054611096057549616,1,429.46788932139185
14989,0.0551589291739925,1,424.59754762897717
14990,0.04975113688592631,1,423.8859543850967
14991,0.05217908609394498,1,423.4126078973947
14992,0.0660883353365729,1,420.4153008879381
14993,0.06502734405460855,1,407.3794299638711
14994,0.055428764644787985,1,430.47451861418074
14995,0.08232266226933715,1,95.15205164953875
14996,0.10559229207713827,1,147.0396440454544
14997,0.12034958349019272,-1,-27.813793366296295
14998,0.12657006401395457,-1,-218.58871962739886
14999,0.13951247317299453,-1,-123.53949154100849
15000,0.1085625527111868,-1,-99.60357863371655
15001,0.11047739318557008,-1,-248.21209731378292
15002,0.09073649079549644,1,191.83181153831904
15003,0.08497340225282778,1,266.66990425615097
15004,0.12385283255021325,1,371.6433076542535
15005,0.08853249452813632,1,394.9674774472857
15006,0.07036963917138554,1,409.9733316292707
15007,0.049138358878257814,1,424.56524207656446
15008,0.047135127181852074,1,426.94012640817
15009,0.04614137915704435,1,429.73627876942857
15010,0.029442391657672047,1,430.411247946994
15011,0.04185096561538664,1,433.41735539457204
15012,0.04317770426719073,1,424.806488726654
15013,0.04900079285086376,1,424.73146178748453
15014,0.045134639914936055,1,432.9774447093746
15015,0.04631190455734187,1,431.5000524569168
15016,0.06421308906936826,1,392.39717456476023
15017,0.09838101588844457,1,313.94178244981276
15018,0.08981846516245888,1,361.5888237380281
15019,0.0960526578187086,1,366.37305954058
15020,0.08166790151481755,1,402.7357268430265
15021,0.0615944434350224,1,417.1848605626218
15022,0.04223676752534634,1,432.81031732892205
15023,0.032932317914457776,1,436.3133385034054
15024,0.05828744110065931,1,406.27204677150746
15025,0.06131263812441007,1,416.7698979055247
15026,0.059818381183484017,1,397.1891360062648
15027,0.12365362696870905,1,330.8067722648265
15028,0.10726649513661601,1,351.7992218244259
15029,0.10783949675031561,1,358.2470755410078
15030,0.11111927440010483,1,353.76304473209404
15031,0.09036280656763955,1,384.0533878304509
15032,0.1459212800870416,1,268.20307963836535
15033,0.14457875795212985,1,356.0855370190382
15034,0.18504050830108593,1,60.50038202809975
15035,0.14636942881066126,1,260.939455560009
15036,0.1037939083110699,1,327.01057067988523
15037,0.12987129197206887,1,356.88958161968196
15038,0.1127068271903808,1,193.99764282602936
15039,0.11431712737751108,1,112.85473380427902
15040,0.13166014445225413,1,182.26537814183393
15041,0.08821072616106444,1,344.0263240025745
15042,0.08113861357401977,1,403.56744308965494
15043,0.11971412658756064,1,366.40029954729437
15044,0.10218426972131045,1,363.03369988177684
15045,0.09102114968343998,1,381.534269216269
15046,0.07624569442082894,1,395.71569189392903
15047,0.07074603914617364,1,411.5101168108392
15048,0.09902707788751242,1,349.26215652552924
15049,0.09064153503156916,1,384.0071283462597
15050,0.06608456051380043,1,410.9418255736182
15051,0.06427379803949361,1,420.0772261869502
15052,0.046796816705173105,1,432.01536214884925
15053,0.07584206427286258,1,422.726005650804
15054,0.10704795586638663,1,406.03890136721253
15055,0.0727856615305857,1,422.4492840532154
15056,0.10237168151697798,1,409.3999213507815
15057,0.14451634370610175,1,306.78177307234364
15058,0.11843718737908372,1,354.86414751348343
15059,0.13018445147631402,1,217.4376329094338
15060,0.14434170366508667,1,374.55042923194713
15061,0.1291363275484916,1,371.1321706093759
15062,0.1551798585938274,1,370.06486470033144
15063,0.16128415724360698,1,192.03047190891579
15064,0.26227227384318635,-1,-341.7485845169706
15065,0.14082875010621249,1,331.9465481187843
15066,0.13862023654054373,1,239.57792895870463
15067,0.16386190367593204,-1,-265.9791754169628
15068,0.13577354721561227,-1,-251.36590142887712
15069,0.11760983536574811,1,47.34947539668934
15070,0.1676956005926336,-1,-343.77646278239604
15071,0.11124106728966247,1,388.2840160860775
15072,0.08789306241258744,1,382.3186180157336
15073,0.0681151975905598,1,417.12820482926963
15074,0.10131278302521052,1,266.4363886040002
15075,0.07615836316947873,1,386.7098488424679
15076,0.10052856943564761,1,388.6744336327333
15077,0.19907331334848852,-1,-76.83736929183851
15078,0.16474168577061904,1,299.7877528943602
15079,0.10578844220884524,1,390.3801302341013
15080,0.0752496250146258,1,416.4984500122283
15081,0.11635247751387208,1,390.0371061958273
15082,0.11161606093924341,1,383.99259763475527
15083,0.1033260202688643,1,312.0531901151243
15084,0.07317254167184804,1,386.76856527505464
15085,0.076362482983338,1,374.42386837647757
15086,0.07911150172874755,1,376.255775330448
15087,0.08096226497726967,1,357.51123897481983
15088,0.14406916861903646,1,169.24475444765682
15089,0.2439130260492332,-1,-534.0731343543857
15090,0.16570935038754134,1,145.68618990594
15091,0.15125126115352247,-1,-93.4640056205451
15092,0.11403896296545142,1,162.87631076565623
15093,0.14815412486684482,-1,-101.6926449551803
15094,0.10831648521522745,1,351.337849992682
15095,0.1456450899250477,1,312.77191768216505
15096,0.08487710174315219,1,201.04391856884078
15097,0.13859488157645847,-1,-16.224270975154695
15098,0.057633108972695225,1,418.5599873979803
15099,0.045728838890588944,1,407.67224083411816
15100,0.0407521213676059,1,419.435713738849
15101,0.050426014874122585,1,395.2593855044728
15102,0.05094441111978102,1,412.30081543391464
15103,0.061112872492659634,1,412.49081100832717
15104,0.07478217525082079,1,376.51284513515805
15105,0.05855066886681348,1,403.21253349930663
15106,0.05742364675332553,1,427.22241348769575
15107,0.07835693582674189,1,423.646082043803
15108,0.0634430746526774,1,412.49284928696886
15109,0.05470314585103157,1,416.26473336917786
15110,0.0458177209410356,1,428.4580516534319
15111,0.057723342143674694,1,407.47247677665524
15112,0.06622267632096726,1,410.74516898563706
15113,0.06015256170202118,1,393.22357381749976
15114,0.042461364223397795,1,429.89468266217506
15115,0.05632420685825335,1,412.4172212147727
15116,0.05587035653822187,1,415.5410612279396
15117,0.05900788427035848,1,412.7819693048679
15118,0.06011412716721527,1,386.13010858719525
15119,0.07049850976654663,1,340.15649186242496
15120,0.09573317071823605,1,189.36901655549852
15121,0.1088023448135382,1,238.75829635379506
15122,0.09493123960056474,1,224.32483401874745
15123,0.10238614477791852,1,339.8326700107671
15124,0.09331285220094168,1,358.55910917319443
15125,0.0855032608100169,1,399.2662692308943
15126,0.1145193667322072,1,239.9976908627423
15127,0.10836555877726994,1,329.85006135862716
15128,0.07450452285047819,1,322.3065236936169
15129,0.14843904186643747,1,318.190601344203
15130,0.1607575004604029,1,321.42047914752334
15131,0.14853193271236895,1,319.0365785006093
15132,0.1662493078010079,1,290.39920630819563
15133,0.1376155783665578,1,323.49498929770357
15134,0.17931029932161277,1,210.98947249437742
15135,0.20644513830585126,1,210.513173275213
15136,0.2372333830620012,1,116.52911423289635
15137,0.21653293698888018,1,172.1829731857211
15138,0.2052223367465868,1,136.03545130433616
15139,0.13951591705718988,1,261.18572627917206
15140,0.15826096917763469,1,188.2525920011165
15141,0.13860152316883764,1,283.6615171538772
15142,0.1242024434978345,1,278.8530578623385
15143,0.07758917473084989,1,337.84344397833604
15144,0.0728484985366019,1,403.8590873544936
15145,0.06769950030336744,1,402.54165277465427
15146,0.052721160769781346,1,412.9399657600247
15147,0.05989864797235014,1,383.9738684093978
15148,0.04708950671612599,1,405.9077677469387
15149,0.05912172580937191,1,412.1088144849965
15150,0.07254567006589845,1,408.84697134264917
15151,0.08755147135924972,1,399.71082310525344
15152,0.05096812087747067,1,431.4902598371358
15153,0.05026664128785002,1,409.2710346323296
15154,0.07550356658844226,1,408.9102363527271
15155,0.10961741034219934,1,337.27758488606594
15156,0.1600354901123504,1,40.93049916665791
15157,0.17866755717352995,1,133.34850947002843
15158,0.1494763258954597,1,220.93707576203133
15159,0.09329440741689068,1,351.65528086659174
15160,0.09123856694305943,1,358.3221876803906
15161,0.08373543431855301,1,360.56892052113676
15162,0.11038241634482168,1,192.9869734394836
15163,0.04748926949208364,1,401.85946449555314
15164,0.06262977167772298,1,339.9437313246327
15165,0.08642706876214902,1,269.3095589748632
15166,0.07528814021616337,1,402.0621534838309
15167,0.1179412257578207,1,373.21448561432567
15168,0.1100780571442345,1,359.5884598616928
15169,0.11626360390284744,1,354.39753570337984
15170,0.07742588322140247,1,413.9209895606538
15171,0.0772346003314732,1,406.70384002251643
15172,0.06678825083302795,1,422.5432669782599
15173,0.06639380324488846,1,418.4011329513621
15174,0.03936981151938868,1,430.43715868923783
15175,0.032011873198174855,1,433.4135805596903
15176,0.034446290783446444,1,429.0165464530428
15177,0.02614558651761484,1,429.24756908197514
15178,0.03670201454708633,1,410.9264047683511
15179,0.033377401737196014,1,430.43776803298596
15180,0.04242305929315393,1,420.8090752661599
15181,0.051578352919383265,1,432.2510556455086
15182,0.0430449146465462,1,432.73098530885375
15183,0.0351894417035197,1,433.2205412754946
15184,0.03010756195164124,1,434.7390500295976
15185,0.034066224053180896,1,434.72695552343964
15186,0.06542001560515268,1,413.46241916415266
15187,0.05488277398841577,1,431.16864871149886
15188,0.03221032493086741,1,434.26234531649243
15189,0.040171352850145156,1,430.5933216895225
15190,0.043918132189504556,1,425.31737093551897
15191,0.050401736194000644,1,418.85952580392694
15192,0.05657518960160988,1,419.06250712837334
15193,0.044184351810670944,1,418.7292390923853
15194,0.022666716598779724,1,436.3082045594213
15195,0.03230451347391323,1,426.1434154836812
15196,0.03293044386050778,1,426.29227356803233
15197,0.03956971191543561,1,421.6391081155553
15198,0.021490025342220127,1,438.44384467877467
15199,0.04985883532304691,1,401.3748030989033
15200,0.053881633109228465,1,408.8287071358211
15201,0.07409991121637027,1,364.23357508003437
15202,0.12605613533070945,1,220.16163969221782
15203,0.1370796671368766,1,203.16090945062905
15204,0.12593676415860203,1,173.1892729856595
15205,0.18695686897375483,1,115.28731643204554
15206,0.1676041275917748,1,151.45747390711847
15207,0.1387400493712389,1,93.05570038026502
15208,0.10772036253377712,1,336.9656065510695
15209,0.08538698508865299,1,360.59790912781534
15210,0.06639237858619423,1,399.2458018688669
15211,0.08091765109386795,1,371.949189348147
15212,0.050463960641758336,1,401.64638897439994
15213,0.06016714725695373,1,418.87092354399573
15214,0.09908625637990232,1,350.0512182815101
15215,0.0696257435479284,1,412.9273404932134
15216,0.057981373489547364,1,416.26725388589097
15217,0.06337070570056716,1,416.9401978424701
15218,0.046338278848835325,1,433.04224446174163
15219,0.057367268238730194,1,422.8070958075196
15220,0.028087339740153327,1,430.4792753107633
15221,0.02879996749458036,1,423.4333227519
15222,0.033998779048474426,1,432.73746760049215
15223,0.030091329488358333,1,434.4875922604729
15224,0.025285334200120062,1,430.3703383236251
15225,0.027277432953244054,1,432.1358226302282
15226,0.03787590407091843,1,425.52300173149126
15227,0.04782887896843922,1,419.98074232056996
15228,0.039726980316645656,1,426.7381684808118
15229,0.04206493820947606,1,431.08708379795746
15230,0.07323216681691569,1,328.9442828113689
15231,0.06613837057209677,1,404.05409863152056
15232,0.0815574144320443,1,407.42187669002817
15233,0.05426793653459011,1,413.09717183288996
15234,0.06976180764152998,1,394.34406233200394
15235,0.08368864540636353,1,338.5829233924905
15236,0.08686679113539353,1,365.495544158149
15237,0.07061253498987423,1,386.64036864185044
15238,0.07282971979757627,1,398.2376792344819
15239,0.08516899026008781,1,403.40107507355293
15240,0.12082161673471539,1,309.69013786767607
15241,0.09551464185506302,1,358.01205824609787
15242,0.1152163431081129,1,382.6068026353596
15243,0.10770041766565232,1,354.2972347547036
15244,0.06271458850578386,1,414.59660342716523
15245,0.073568358698046,1,419.2874593229011
15246,0.09282755225153706,1,404.9305943389903
15247,0.07062244889137848,1,404.5700170767265
15248,0.05279581363933528,1,433.27541257785646
15249,0.058795097695418116,1,432.1457049901218
15250,0.07236447070011896,1,422.574295036798
15251,0.07668560415441081,1,404.97204717253635
15252,0.19935278939659445,1,69.19606026017306
15253,0.24222756674376278,-1,-1176.4616523873726
15254,0.2517090746761065,-1,-1847.390004892569
15255,0.32500412871421275,-1,-1307.0871871491618
15256,0.43052462478247194,-1,-1265.4768633560743
15257,0.4807970728236664,-1,-1658.692728923411
15258,0.4770200847195753,-1,-2107.254446222719
15259,0.48156102817727076,-1,-1637.6572703309878
15260,0.28614324625981297,-1,-403.31608109326316
15261,0.297447484992566,-1,-71.95687853201673
15262,0.19374520861059638,1,102.22827995777709
15263,0.1330213103449929,1,358.20643859391555
15264,0.15756384731515088,1,268.67035826130893
15265,0.10649191554048622,1,370.9647117219221
15266,0.05355846948242748,1,395.6634496882791
15267,0.052115264771890095,1,416.3325644354508
15268,0.08085968698912281,1,350.19660675263
15269,0.06433306663571864,1,353.8568314472958
15270,0.04490975733017245,1,419.33250698593474
15271,0.04864603003564462,1,416.25022770563953
15272,0.033754099930926394,1,424.60186040810976
15273,0.03601287274912583,1,430.60491271468345
15274,0.0369741369897746,1,434.8419963792431
15275,0.037632503852055646,1,435.74455843351916
15276,0.034057708256033783,1,432.40794019042585
15277,0.024821052457952627,1,429.3436690157768
15278,0.04305648204392874,1,432.8848905728588
15279,0.04055105003475463,1,430.47746882219496
15280,0.045726345488138156,1,424.9602711905542
15281,0.04977506133902206,1,419.86990895126644
15282,0.067393693556286,1,411.97225807235026
15283,0.06624879609834426,1,419.40550839837056
15284,0.09479905398689174,1,381.69212343918633
15285,0.08516044705210117,1,410.0135694422457
15286,0.08299242395383075,1,389.91165225924476
15287,0.10995416946951296,1,400.69992996225506
15288,0.1623998001389971,1,232.2353996689042
15289,0.1466208184393219,1,35.605496765274665
15290,0.1230674863797963,-1,-15.08379978408999
15291,0.09086809076119917,1,382.5003702636542
15292,0.0781838594445411,1,350.2113120519123
15293,0.09520143580005803,1,297.2025329745145
15294,0.10317967122042386,1,400.843124310131
15295,0.07985991549089981,1,374.2283894636896
15296,0.07733729502101927,1,414.9538155480748
15297,0.09710782393187191,1,393.0059626536373
15298,0.1363320173810055,1,51.09234060820802
15299,0.11108341563880002,1,388.52077000641526
15300,0.13603822602256513,1,363.1001621403226
15301,0.19024428586022438,1,297.28903383075976
15302,0.15186584237459708,1,280.3263925913276
15303,0.17360472877344782,1,253.69939601322565
15304,0.14506925804313678,1,211.64451309889773
15305,0.17328285327293333,-1,-472.8374954960261
15306,0.0746930295173945,1,416.5247409981791
15307,0.05979380620188579,1,416.25740124821573
15308,0.059885851019204794,1,412.8508555969091
15309,0.040116932598189735,1,427.2318724027491
15310,0.0487644928888045,1,425.3763092087271
15311,0.09033210477988475,1,375.11919318912203
15312,0.08698682369815992,1,390.02785385143375
15313,0.08814255243291626,1,394.1783763796479
15314,0.08103249645594056,1,386.788561176529
15315,0.10922504206847226,1,324.0560715632672
15316,0.09079473587593268,1,355.9512851939834
15317,0.11145995847602551,1,172.67804775385116
15318,0.16312147179140443,1,314.7655630789397
15319,0.18154597902800226,1,98.54837562300622
15320,0.2151386405839238,1,121.40359846013217
15321,0.11763169583759499,1,265.0573632010293
15322,0.21020976314887596,1,258.4671580271739
15323,0.23433264513165067,1,165.69028938169248
15324,0.18433960225569365,1,181.96586966001644
15325,0.21594362830964162,1,10.010052633883163
15326,0.36415344816281586,-1,-1123.0874255438289
15327,0.24936362235693046,-1,-156.63515697530738
15328,0.16361827506857476,1,210.66589688539986
15329,0.15228140452690206,1,102.36268569481882
15330,0.15834935385620233,1,30.600425042287554
15331,0.1427819093460349,1,235.59346504331455
15332,0.08999045174325783,1,324.4030389500438
15333,0.11203940302700878,1,252.7778459099172
15334,0.09370611627124613,1,331.5409446922943
15335,0.07986372658024098,1,404.0422351109145
15336,0.0769826975352456,1,372.3382937656217
15337,0.055645567730546235,1,392.84673553109974
15338,0.04083600003774127,1,427.9177901446431
15339,0.08211711481215486,1,384.2189394114107
15340,0.06780719082771819,1,418.1845480964017
15341,0.16670156949462303,1,51.52485632125308
15342,0.2276051342744101,-1,-567.9207681186788
15343,0.1850128182407154,-1,-283.60385613935284
15344,0.22550609923425613,-1,-1062.5839383052842
15345,0.20669082406853387,-1,-681.3980038961445
15346,0.2079221631542834,-1,-390.16769733400383
15347,0.15186620602973333,-1,-406.49103364293717
15348,0.15976507737178566,1,20.590863892215225
15349,0.1177514310674418,1,63.190608155226755
15350,0.03003033695526473,1,434.5264577479796
15351,0.0283960294358179,1,428.1878871326497
15352,0.04347785112050473,1,431.1413861194637
15353,0.05592085266177072,1,428.66576991314054
15354,0.03955297878292587,1,431.90488437926706
15355,0.03252591103508018,1,430.7940566525665
15356,0.04064652331345719,1,429.0588051946129
15357,0.04434903101543206,1,430.6256095918789
15358,0.045277513509471685,1,432.50730371659546
15359,0.06820054451432386,1,403.67538721740806
15360,0.04616822712490864,1,427.5132215760331
15361,0.04621408285451562,1,416.17843699270867
15362,0.059117578233640826,1,398.6863632128516
15363,0.05027228826084505,1,428.64323561259766
15364,0.04729163906376995,1,402.38800677065717
15365,0.05111947198487042,1,332.3692417852644
15366,0.05881839788465644,1,336.5238478585268
15367,0.06355891156719198,1,421.7205480695769
15368,0.06998105739207651,1,421.09750205714164
15369,0.08101750933450502,1,401.12496567365383
15370,0.0698923506651734,1,402.216093787986
15371,0.08805944871167833,1,412.56975417906233
15372,0.08937531162093315,1,322.9785138916914
15373,0.06644365014296674,1,393.8775220031637
15374,0.08517902971188586,1,257.03460439408866
15375,0.09794309466483317,1,134.2870628206453
15376,0.07816627278433554,1,231.0966166322983
15377,0.0619791812727979,1,322.23206086394396
15378,0.0665328208389385,1,359.44818016677596
15379,0.07162161049182507,1,343.6071915950547
15380,0.05656794134694893,1,366.82912169122886
15381,0.054967485576835284,1,423.9209868660007
15382,0.04292620024084682,1,414.25323179206777
15383,0.05088434921537466,1,423.5944537051532
15384,0.052789396048252994,1,430.9284378981574
15385,0.052239087650982674,1,419.6104222180171
15386,0.057460121666271,1,419.5721145718157
15387,0.040118219464986525,1,426.81230349178077
15388,0.03631107790559788,1,428.4537735888716
15389,0.10678221110596385,1,290.7251595825468
15390,0.16111228630307842,1,150.635872511074
15391,0.21442237136931955,1,185.9540269758837
15392,0.16675747458646303,1,294.0342083726572
15393,0.1627704246143309,1,151.08354981799044
15394,0.12166055396285494,1,214.4814648018832
15395,0.13552226015677646,1,100.17388086465996
15396,0.17177379034163526,1,87.00869544987569
15397,0.14872611916087633,1,226.8576055694192
15398,0.19323307798841505,-1,-227.35372793583053
15399,0.15750761212872172,-1,-40.58769065253722
15400,0.056097005614383015,1,405.3857703629051
15401,0.06106149822256072,1,405.1889470658667
15402,0.06754271289826067,1,418.6230116875387
15403,0.09631967699704892,1,331.70506056129113
15404,0.09365656643674411,1,384.4410622424364
15405,0.17790950494286448,-1,-96.65058642465567
15406,0.1400073987704635,1,178.16449049192107
15407,0.12367492920804711,1,343.8470074370709
15408,0.15056534561733362,1,108.39000532366333
15409,0.194013857345116,-1,-59.31529684116384
15410,0.1613769108347837,-1,-343.05898940765564
15411,0.15457324701673833,-1,-58.249464057487785
15412,0.1147131803349595,1,279.20435356881944
15413,0.1292503834649296,1,279.0274441127847
15414,0.1304396690125989,1,214.27539770798433
15415,0.1456686405190131,1,316.08113795391273
15416,0.16056648132804333,1,195.5033895044191
15417,0.12730691980468223,1,211.55449806339854
15418,0.11662453424539256,1,291.54207772692223
15419,0.11540935901620197,1,198.44493753784502
15420,0.12054936714576148,1,125.86567990232857
15421,0.12878310978413968,1,152.96374830859293
15422,0.10295255897449739,1,160.28919517042215
15423,0.06970810064036023,1,360.46955729886577
15424,0.05165863544094363,1,396.1051243213378
15425,0.04832606510499408,1,375.62641571283945
15426,0.06701343780056798,1,396.220032948328
15427,0.021159653037052507,1,437.77524618917107
15428,0.13506986919493452,1,26.8296958501665
15429,0.1305147257826864,1,324.52084475332765
15430,0.14406560110820507,1,253.96213176993638
15431,0.15367824599957983,1,134.50471486819356
15432,0.2909879380610275,-1,-931.71394271096
15433,0.3099644512628953,-1,-2776.4804886075135
15434,0.3766208872245554,-1,-6253.7978574765175
15435,0.4997259482252832,-1,-11481.298593101574
15436,0.598327636239209,-1,-9084.43472477317
15437,0.7309322359576793,-1,-13284.41707053145
15438,0.7861736545707306,-1,-15692.133867725954
15439,0.6921433189532339,-1,-19875.4844039842
15440,0.6359794650613646,-1,-13884.04294488321
15441,0.3594097635186663,-1,-4046.3760053524456
15442,0.45397092692384333,-1,-7416.339220102059
15443,0.4451076515266754,-1,-5219.972608831197
15444,0.22815823644720679,-1,-193.20657752657007
15445,0.17074980354222472,1,142.03942082677452
15446,0.11933003395499438,1,58.122683774034385
15447,0.053071692854420704,1,419.30850318377975
15448,0.07491050515480009,1,393.1338276565416
15449,0.06730543307517396,1,374.39414528883543
15450,0.045838596021351076,1,411.569189647053
15451,0.03600315149214114,1,419.95139066399395
15452,0.04479858299040213,1,391.95849285898515
15453,0.04637449206673172,1,374.85936241470046
15454,0.044588164171738665,1,372.6606838957423
15455,0.038032672520408387,1,395.161240875738
15456,0.0611473019924001,1,401.76820487274915
15457,0.04113003577342861,1,433.14957090485996
15458,0.03894841041034335,1,429.95433469126556
15459,0.08286441636791807,1,336.5175308651982
15460,0.0723021301781281,1,424.1835918825665
15461,0.06877671983590136,1,421.7661875827714
15462,0.06589140769996468,1,429.30416424039163
15463,0.07675574395848057,1,420.4670317494439
15464,0.11749738756308523,1,372.30820198995355
15465,0.14646244060423683,1,319.9179894178808
15466,0.16826037701205876,1,253.72257337634124
15467,0.1374938436210153,1,187.02743169913265
15468,0.1242298116365885,1,209.870312269064
15469,0.1129388952247063,1,208.48264528319453
15470,0.1044341261502756,1,196.35561865518568
15471,0.19352939958013965,1,49.963709115299764
15472,0.16540828581203376,1,281.9911329209783
15473,0.162083170833229,1,258.3973359205632
15474,0.1356825822380079,1,372.4416533687065
15475,0.14227610150654704,1,274.39095760041056
15476,0.40587080052344693,-1,-2483.8973853143507
15477,0.4051786281583021,-1,-2507.866957142305
15478,0.390753095177167,-1,-3315.033255166284
15479,0.3431740874218351,-1,-1157.418237527477
15480,0.29402823052889915,-1,-1563.9290269498692
15481,0.24667281517255238,-1,-244.91126553653635
15482,0.26426649221931003,-1,-115.85918491615769
15483,0.22736191270111178,-1,-264.6617827736435
15484,0.05957480094916489,1,393.9782956495632
15485,0.04065014232437509,1,372.868276618107
15486,0.029458242564901982,1,432.536362859527
15487,0.022606302544701747,1,436.338877168293
15488,0.02064251178033217,1,434.46726486801646
15489,0.026152453531795107,1,433.7425399139837
15490,0.08512302660226283,1,222.41698892498235
15491,0.06511764164030169,1,405.2894055080047
15492,0.0617244470452985,1,389.98367671035635
15493,0.06862636240613099,1,367.88700618347536
15494,0.09080218662288433,1,204.31630112837982
15495,0.11739415641100874,-1,-10.897152930154391
15496,0.13873709278476468,1,21.927503378071037
15497,0.12343610782107284,1,136.91059634092608
15498,0.22811584734192913,-1,-461.39743497838026
15499,0.18339268793930116,1,16.862603486726357
15500,0.1699502104543234,1,237.2821429566253
15501,0.12686371987880143,1,319.5048511492029
15502,0.27405766877911597,1,77.51990021283291
15503,0.13253327692878786,1,340.798656181402
15504,0.17389969952160186,1,162.8207066290953
15505,0.1747952530130723,1,153.40081773140093
15506,0.16256997293192713,-1,-92.33326605048569
15507,0.13341512238320405,1,169.09049466457583
15508,0.16975696502953905,1,85.30539746453633
15509,0.15460910868954383,1,206.85778661436746
15510,0.14531776239579167,1,238.94276568477036
15511,0.16623210509413222,1,164.80145830642078
15512,0.07471452842637163,1,406.0678664836249
15513,0.12060780947382763,1,367.84808534486257
15514,0.169179433189742,1,275.86048740982716
15515,0.15644183019355276,1,335.5422485880159
15516,0.14715646345504393,1,72.29796489008157
15517,0.09346877496327657,1,228.96358613298608
15518,0.07697458718439787,1,378.44914915263655
15519,0.13793605847903248,1,322.5681591432807
15520,0.12177208869374277,1,213.71871749161937
15521,0.16532839766930524,-1,-29.69969019425463
15522,0.2199076639875186,1,63.39861671811667
15523,0.2162299557294539,1,106.18062445189764
15524,0.20594994783224754,-1,-429.28341806036315
15525,0.24839090284778997,-1,-307.06274826359254
15526,0.2557502876260101,-1,-298.95330688707463
15527,0.26173707767578563,-1,-63.82915565342722
15528,0.23842405813186016,-1,-154.10989425059063
15529,0.19920750335100507,-1,-34.300849170474805
15530,0.11501392002474446,1,325.75019823332093
15531,0.0783676709816933,1,391.4028934376992
15532,0.10397360911628896,1,370.61967459052175
15533,0.11619625888201078,1,356.77301236553575
15534,0.11581853300522449,1,358.052881770679
15535,0.07748973657152307,1,386.4553692568153
15536,0.09960466035934164,1,376.76831149150803
15537,0.12904823760099002,1,359.9721698759011
15538,0.13551821732139926,1,357.1727962235194
15539,0.16778850561240474,1,241.76815798217584
15540,0.2527324681048456,-1,-7.290953619632035
15541,0.14496683617277045,1,294.55581363027693
15542,0.14164441124959953,1,222.33504255047012
15543,0.14770927786969232,1,325.6964766428892
15544,0.20371854148748997,1,172.2837992038992
15545,0.14823555574245567,1,333.6310116580832
15546,0.11457338141272241,1,308.8031249570115
15547,0.10363220225407024,1,340.9971901318912
15548,0.08820689169935818,1,408.7914860005731
15549,0.1036002650708789,1,389.99954081751673
15550,0.11117197589746455,1,354.0851014243867
15551,0.07930749302691566,1,354.7973400175417
15552,0.07789942756229606,1,380.6888666499411
15553,0.07426545082196444,1,376.20344252594964
15554,0.08190735002168044,1,394.84945957738296
15555,0.08752560979813748,1,386.72882765801415
15556,0.08460188636538238,1,390.10555931841657
15557,0.1008230548519795,1,315.1516494679381
15558,0.12355146248832259,1,169.6231403279831
15559,0.30132854052181424,-1,-2639.032018255776
15560,0.22857813131601512,-1,-1153.1799440533134
15561,0.16191987439717978,1,138.58687098298793
15562,0.13036865342743295,1,328.2644385974089
15563,0.16529359705264254,-1,-352.3202297784853
15564,0.1560193328361919,1,240.57748213575334
15565,0.11943044098438034,1,358.70316779888185
15566,0.12690930566097838,1,325.62459491583763
15567,0.20627367037128527,-1,-71.33675015762651
15568,0.19704216976466388,-1,-421.4848272729595
15569,0.23466833905807308,-1,-1049.2207526758534
15570,0.28028407379981984,-1,-2138.4720938306355
15571,0.25154188573381875,-1,-1678.02154668357
15572,0.24782283664594873,-1,-1147.40573767232
15573,0.21089247846285838,-1,-488.2627381916461
15574,0.19150597906303993,-1,-36.95620694171373
15575,0.19827507451489948,-1,-412.64013442446856
15576,0.10969608467396076,1,374.97850153542385
15577,0.10267573997089667,1,391.22052839743833
15578,0.05192876341315552,1,409.45567996024425
15579,0.039607135215244574,1,433.21236686675707
15580,0.05088861307397743,1,434.3924316471188
15581,0.05458050216298717,1,421.02938813309066
15582,0.04354978650767063,1,430.007133202199
15583,0.06164325345360354,1,384.30320064591183
15584,0.08856507820184507,1,380.7670487952703
15585,0.0862841306768453,1,394.6722130323237
15586,0.05793897265545718,1,402.6576845302929
15587,0.07733424889640014,1,394.26561424050556
15588,0.07141581065859001,1,405.1702204892414
15589,0.08992201362265408,1,402.15816778961005
15590,0.08462773556340661,1,387.97493015856253
15591,0.09240279146427836,1,395.0967064774929
15592,0.07901561379827134,1,354.1532041590344
15593,0.06688812439462581,1,410.44067910923656
15594,0.06425180102662771,1,395.99328273150485
15595,0.08448668244946629,1,383.1685198024379
15596,0.055304594480827536,1,426.00602205483216
15597,0.042416798080814465,1,433.1598814644677
15598,0.09135108719852779,1,264.7989589205055
15599,0.10193207287540397,1,231.95154732915418
15600,0.08530159089860843,1,269.05424563655976
15601,0.0991218093349359,1,326.33022722299216
15602,0.10609642471262605,1,253.76608626701938
15603,0.1322652844701371,1,144.29899318062496
15604,0.17948258697943958,-1,-256.5758832320155
15605,0.1393335271997485,1,89.63790433677349
15606,0.15809911244844904,-1,-38.52051115538006
15607,0.09414945137456265,-1,-12.557680865125405
15608,0.10360852656594037,1,301.277884223937
15609,0.17650027210755176,-1,-35.06471234242787
15610,0.13552325426671366,1,17.862873394556175
15611,0.11310157401042191,1,74.81502040281794
15612,0.10819567629772463,1,232.8669166808366
15613,0.09155454265638076,1,363.61151316527673
15614,0.08503348505654942,1,401.07123673612523
15615,0.069823970614281,1,415.0646760005558
15616,0.09683979824653802,1,380.5177807738179
15617,0.07011547893194972,1,418.01905085373676
15618,0.06932196477419318,1,408.8720935473665
15619,0.0666915516166052,1,388.80807243979547
15620,0.06857667555192104,1,402.5424939718101
15621,0.04758699144427924,1,417.896605945194
15622,0.05758183847500571,1,413.6366762437834
15623,0.04584877898526184,1,434.66792660701316
15624,0.0508101882467142,1,431.77232872789966
15625,0.04757852944980066,1,432.00814648977877
15626,0.037882560735330584,1,428.59765715599247
15627,0.03158398990240618,1,432.0625469311405
15628,0.03983227457646219,1,435.45061452357373
15629,0.034881513799462,1,434.58465583044523
15630,0.04611288138990225,1,427.62156227949964
15631,0.08141696467820643,1,375.26657193448756
15632,0.07370096430844009,1,409.58793217623827
15633,0.06234649144889372,1,384.29265208331356
15634,0.06619094201852287,1,335.99757727445575
15635,0.06404086404880564,1,390.5395846078715
15636,0.0684589502681016,1,397.8471070587288
15637,0.08077774151350758,1,398.5632853584649
15638,0.08765696676673716,1,359.4717228869199
15639,0.07237258328788473,1,325.5594870908652
15640,0.06937781769659726,1,263.6144255026753
15641,0.06338052997684558,1,335.0485354121053
15642,0.06324729749243635,1,384.73022868440313
15643,0.07793596988575621,1,353.2749771339669
15644,0.0766105206011739,1,241.49233116222527
15645,0.07819703302609618,1,142.75031062971152
15646,0.05585845456345506,1,378.520768891114
15647,0.07372342205707298,1,404.636915552878
15648,0.08909025770638826,1,371.70592966593495
15649,0.09304989044235203,1,367.84481769976315
15650,0.06470086085490577,1,367.57097046366295
15651,0.08076349597753393,1,342.85031304916026
15652,0.06263300287008462,1,375.8225105740795
15653,0.07619140859072314,1,381.1740673139932
15654,0.041953781781435266,1,417.76099569559534
15655,0.05807006437094473,1,416.606517097359
15656,0.05368440297477729,1,399.39423854511045
15657,0.07845629427693145,1,386.3589743694134
15658,0.05393529423307009,1,430.3424778877298
15659,0.07174956330149149,1,261.5452802394201
15660,0.05300882469336511,1,414.04431925285843
15661,0.08854830680487381,1,399.68633875073124
15662,0.09184411807566081,1,332.4333373366876
15663,0.06567954623617685,1,412.2895312774541
15664,0.05146956924752314,1,430.99938489406327
15665,0.04322206841634638,1,433.57256781492924
15666,0.050572631543807714,1,432.744366583297
15667,0.04436313528821657,1,431.28873182819865
15668,0.05102487678659973,1,429.9229493027037
15669,0.04302126927562632,1,413.5586110279885
15670,0.06288865722110218,1,419.49349856649127
15671,0.07330893974514538,1,416.2611171959329
15672,0.08227367830429826,1,384.73858045165304
15673,0.09691254961852937,1,382.4518671427234
15674,0.07254101727921895,1,417.58934395530673
15675,0.05445252986692304,1,429.51267153880457
15676,0.07864684293871396,1,410.02973970411165
15677,0.07392619633589359,1,419.42475544076245
15678,0.05187825057236846,1,427.71680053722554
15679,0.024347136950164886,1,434.85560563598955
15680,0.02820135806131711,1,437.3949789756967
15681,0.022836544222622792,1,438.5007490665809
15682,0.030654786504946876,1,436.6087353415309
15683,0.046798638241627076,1,433.3807184719356
15684,0.11595687611746983,1,354.84805427874875
15685,0.07722643411329891,1,344.42443995989487
15686,0.06029490993949856,1,401.9815396145357
15687,0.10448378090103731,1,220.29944997290858
15688,0.06361737316226199,1,413.7451747177295
15689,0.09215964831701913,1,409.24296161700505
15690,0.10322001248236241,1,404.0606809053093
15691,0.08560082724638063,1,419.92080124650306
15692,0.1009618990271859,1,412.1111102879408
15693,0.10111519580602826,1,408.3842725420735
15694,0.06868286386135446,1,424.36992111923183
15695,0.12651154089218833,1,235.10607372403481
15696,0.14980714428182268,1,223.77515722487237
15697,0.10155198351792408,1,383.4339460862162
15698,0.07795269439414039,1,352.79945026397604
15699,0.1038085419651609,1,343.0006682326373
15700,0.11915495594280122,1,357.903791963829
15701,0.0993929844178185,1,393.81702206948233
15702,0.12507342823039816,1,220.63162248288555
15703,0.13544682142603587,1,360.7637672072499
15704,0.25850814219133655,-1,-480.5563187229966
15705,0.6580714846783662,-1,-5787.3436666755615
15706,0.5620871188763484,-1,-2828.47988414897
15707,0.5120839237497236,-1,-2203.055271940996
15708,1.283093232138087,-1,-34853.45761837326
15709,1.070070981557875,-1,-21098.3422581079
15710,1.1087085509035002,-1,-47142.84006701873
15711,0.8293297391255552,-1,-28509.152744775885
15712,0.6350645552891495,-1,-7419.27155064336
15713,0.41220976094055334,-1,-1694.8777673162137
15714,0.4287164712847318,-1,-1559.6171063258219
15715,0.466776162776971,-1,-2015.4021084347753
15716,0.3075334368577149,-1,-329.32990647583586
15717,0.1546393510528362,-1,-84.75097727446894
15718,0.06422099636722799,1,424.5495667212512
15719,0.07074054801440513,1,418.5698739091419
15720,0.09898207041334144,1,392.79862322284066
15721,0.1209943290833143,1,353.8119772476311
15722,0.07597467745408681,1,417.01166426759744
15723,0.0604310566125671,1,397.2728034347183
15724,0.0581324811678978,1,401.23498665840305
15725,0.11014754256360486,1,159.96753853398172
15726,0.06559359112130404,1,418.6102390692204
15727,0.08817264531233102,1,376.98749662883165
15728,0.06586113298323669,1,397.02159714844095
15729,0.0700249500255414,1,409.1133635330761
15730,0.08985069473463374,1,370.5772694630992
15731,0.07677037101404001,1,409.8384199164699
15732,0.07418200733635831,1,411.223778816647
15733,0.07253508059097138,1,423.72690991095
15734,0.07937296541538363,1,402.3122670256904
15735,0.06311801615267755,1,404.477238520898
15736,0.05933441710089978,1,429.0321405633012
15737,0.061750387244898154,1,400.45870457682787
15738,0.06723988004963638,1,402.3278267146285
15739,0.06307727516468371,1,389.10373724433276
15740,0.06460291061715775,1,375.15976583660165
15741,0.07897277450190412,1,399.55688433304715
15742,0.09684190899159248,1,378.78533000839735
15743,0.08125401945936685,1,372.93662962141553
15744,0.04941822238840312,1,384.24160495935996
15745,0.05007562852005472,1,430.3230630434736
15746,0.05310124731721195,1,429.6467684472809
15747,0.05233860578218563,1,427.38545521763837
15748,0.049524179948504235,1,390.15609986766725
15749,0.05417064097353713,1,415.59515420036627
15750,0.04160724696499574,1,430.89710653976425
15751,0.04095960066432109,1,435.5792199857107
15752,0.04023141396918685,1,431.903010931559
15753,0.04429022670474987,1,402.60345536810576
15754,0.04461851732502149,1,411.00500491771095
15755,0.08240018293656223,1,200.88059150083922
15756,0.0739323810429309,-1,-12.944019023641602
15757,0.10107279611014218,1,49.908631762265145
15758,0.09597458348959578,1,250.36945696915348
15759,0.13229157072326234,1,253.2461107737789
15760,0.10947082634313751,1,330.90114315183536
15761,0.07657755876142998,1,264.04800071665824
15762,0.09657497650491595,1,111.28702927985597
15763,0.11263351993405711,-1,-214.91687844388764
15764,0.07767746060826762,1,324.0192964404504
15765,0.07473573656908558,1,205.62574187220895
15766,0.07896718257739353,1,155.0085187044088
15767,0.13955982526354194,1,69.29289846472307
15768,0.13105657938626664,1,117.20245580792778
15769,0.07125070588735587,1,369.1892811651884
15770,0.09429442908394095,1,338.5623753045437
15771,0.07969734540931932,1,385.284792994633
15772,0.07300835671114513,1,419.9192789483399
15773,0.05578447511943165,1,420.4684425735529
15774,0.053661611238256586,1,422.60273638388423
15775,0.03431605510913565,1,429.5543276767615
15776,0.03405692380759547,1,433.31577436025657
15777,0.052094500468026626,1,376.2021732192602
15778,0.1109149718093367,1,218.80305707920434
15779,0.12023088395439112,1,214.14969606493975
15780,0.1759267571712955,1,69.6345209590043
15781,0.20712009825969774,-1,-113.66355325453856
15782,0.24877211085430523,-1,-7.339929018930036
15783,0.25872869500793405,-1,-123.58042247523883
15784,0.27560995974028824,-1,-178.62037695012543
15785,0.2898928637770024,-1,-198.18465737836516
15786,0.2357771193593388,-1,-128.1238363381916
15787,0.2542211566704845,-1,-504.1126320594361
15788,0.24683941204827817,-1,-636.8395999983907
15789,0.2369654789105933,-1,-161.4283910341344
15790,0.19129784267078476,1,255.09329674698756
15791,0.07799283778308545,1,392.534751085227
15792,0.09977599356702445,1,397.9772749699474
15793,0.08486021063779534,1,403.73187417997985
15794,0.09413195408608697,1,401.56910551511686
15795,0.0911145025428014,1,414.79591949570136
15796,0.10896212197645781,1,366.98881708308
15797,0.11010245290475916,1,393.8377246113399
15798,0.06878194891663236,1,421.35356409651246
15799,0.050554940709011495,1,422.31644174362765
15800,0.10291905722636896,1,318.13763738324394
15801,0.09576168669904439,1,195.70917548573578
15802,0.08608576979015593,1,300.3511093392837
15803,0.09165623969512306,1,249.523927047825
15804,0.09663656028849454,1,193.33626767330273
15805,0.07978293049324943,1,281.38940609855115
15806,0.07474726448795647,1,312.5244792000784
15807,0.08251934876784901,1,273.42590390778906
15808,0.07954350136160986,1,300.3390281716356
15809,0.05789940997445748,1,409.17545736226276
15810,0.04076001245773727,1,429.6414130560785
15811,0.034027826817837385,1,435.00529058017685
15812,0.18214359829693527,1,131.9181327966649
15813,0.2427369274698388,-1,-34.84589802632962
15814,0.20137110309846734,1,165.79430500192848
15815,0.20225355569386774,1,92.43508278268376
15816,0.2528999054837755,-1,-123.48530206577334
15817,0.26997446903361977,1,167.67520687420432
15818,0.24752702552195655,-1,-121.58892560336528
15819,0.19810091751185518,1,23.57107441210934
15820,0.2596607216029262,-1,-70.43844110284442
15821,0.21152194207798417,1,159.27607830396994
15822,0.16514076802032543,1,147.5237446130302
15823,0.23720742638947634,1,200.62356427848636
15824,0.2395465435684292,1,170.09735720885232
15825,0.2347875522816785,1,180.8082602296729
15826,0.14663648973013257,1,187.66484895920624
15827,0.12159654061480134,1,327.85475844274794
15828,0.07937740847564788,1,385.0852495888625
15829,0.06192549455836277,1,404.2934788877339
15830,0.10696584694787621,1,336.4117543027681
15831,0.07141744956240033,1,400.26762231483815
15832,0.4828201607536597,-1,-1541.5573483160822
15833,0.3252666945066598,-1,-1896.8180465822745
15834,0.3002355617565754,-1,-1658.1793507040336
15835,0.24892542996208727,-1,-1073.6491227792822
15836,0.20065737506944217,-1,-284.8171809050226
15837,0.27982574127640364,-1,-334.0359171265354
15838,0.219279501502247,-1,-94.97326778939828
15839,0.19509447271509112,-1,-191.36038305966656
15840,0.11366258496782511,1,353.6737928025772
15841,0.1000745011931433,1,279.03132064908345
15842,0.1439956357825342,1,298.4147340164742
15843,0.13268366339897417,1,249.85223800515627
15844,0.1434703096099707,1,260.81645554357203
15845,0.11398962652157905,1,331.76963482717565
15846,0.06718459070399062,1,409.4013724023981
15847,0.06560188553635411,1,413.8670184691785
15848,0.08388627601848846,1,351.48989034603505
15849,0.08119643213985997,1,407.46445993324807
15850,0.05710839556287176,1,423.3399664593164
15851,0.12066566149883759,1,311.20713776688774
15852,0.09790039664462827,1,359.06763305322244
15853,0.21081495526371904,1,163.14192822881876
15854,0.17621187889632675,1,241.09280000914845
15855,0.18642429226148213,1,176.28191852784732
15856,0.1821791566104698,1,39.46693466315759
15857,0.20207963222895062,1,204.2681010828089
15858,0.22511471988174175,1,187.83263103789565
15859,0.2771142590426935,-1,-233.59656990218434
15860,0.14707991285164987,1,346.900427377958
15861,0.12458552530212193,1,292.8608487754713
15862,0.11982569290681465,1,289.7098572800257
15863,0.16830501036704598,1,85.11145927062648
15864,0.1243678090145901,1,338.3099119931835
15865,0.15191101502522125,1,189.32400515629664
15866,0.10628348930224665,1,361.3061889567839
15867,0.144527425855624,1,188.99631147629134
15868,0.14668305324787032,1,180.63809884202925
15869,0.1628546190300735,1,32.108880543569114
15870,0.2679734768878092,-1,-643.3335541778738
15871,0.23631185112978123,-1,-252.93374002843018
15872,0.20246616966094866,-1,-146.441690915526
15873,0.1770465270115698,1,3.6097974070652867
15874,0.1825329579716463,-1,-72.67277083158189
15875,0.2139376944957189,-1,-600.3903673036884
15876,0.14503938368520428,1,239.8026205776569
15877,0.16981572610689286,1,53.320797518717484
15878,0.2025859940158026,1,24.365192453435156
15879,0.12199125363004984,1,220.72076868601783
15880,0.17863184603505067,1,151.7068595728103
15881,0.16300956932544183,1,259.54667558173696
15882,0.15959591727308167,1,232.15414858439436
15883,0.10469703685542577,1,295.9900648666994
15884,0.11139947173460261,1,320.81886443470785
15885,0.18030523188955533,-1,-28.24588650087162
15886,0.10432972278576196,1,347.91458276501453
15887,0.06153886154782024,1,418.15157475502366
15888,0.07930708513847502,1,385.7422183450201
15889,0.0731263513789236,1,358.78345229699346
15890,0.07939105312530917,1,298.5041158997743
15891,0.10749779718068961,1,258.46310425704087
15892,0.13977172855117256,1,83.80224383794905
15893,0.21007277104815295,-1,-118.1372428747336
15894,0.20744201934688686,1,212.62062868474766
15895,0.16870053926131748,1,246.8671367366155
15896,0.1642689629225294,1,268.88874351501715
15897,0.16294821764177828,1,294.250152754026
15898,0.1125904015210294,1,250.1193554749578
15899,0.09708619757925972,1,225.8269677350685
15900,0.05709261300870599,1,383.3126755011449
15901,0.05864570754520108,1,397.0778867382388
15902,0.057689847458455526,1,415.4714241531341
15903,0.0550168610387037,1,421.7344873407386
15904,0.07959196624942204,1,406.2791353669803
15905,0.06924984113484163,1,423.9657103233683
15906,0.15683674785938878,1,254.9713876019836
15907,0.24098815005630717,1,59.5266010762158
15908,0.2419554090468214,-1,-28.869787087382917
15909,0.2280454695529827,1,166.85758687959128
15910,0.21835566355523903,1,123.10853805535186
15911,0.2229865742149973,-1,-51.36355795577953
15912,0.16409333675453625,1,190.24311136904015
15913,0.19914880568441432,1,216.35559005701762
15914,0.13435490295017377,1,357.37157152860834
15915,0.09604245323068279,1,386.295190085632
15916,0.037417488867249174,1,429.1454070893692
15917,0.05385155881841576,1,422.6390281646933
15918,0.0559010910111674,1,429.09045824507007
15919,0.043893197351148265,1,419.09911866075885
15920,0.038916954179172326,1,425.86590499842697
15921,0.03309535889412009,1,429.55298381579445
15922,0.03647623229081597,1,416.3571674377647
15923,0.04623452978934934,1,422.7694527126027
15924,0.05389993941162396,1,421.1834704019677
15925,0.08402899753429557,1,348.61004153126294
15926,0.06030390136210186,1,356.65645953487956
15927,0.05588047100439348,1,377.7697569563074
15928,0.06384885985626444,1,344.3311567668588
15929,0.09447947970586527,1,259.579744732018
15930,0.0971047139490462,1,258.62469456752166
15931,0.1014706226606895,1,265.72002073742215
15932,0.10354299992463564,1,290.19729501874826
15933,0.10243816032297838,1,364.83838207666014
15934,0.08828899164953821,1,414.7133923021326
15935,0.0920524849649247,1,397.23369275388046
15936,0.09650151409597121,1,393.4696760586146
15937,0.12087541031004768,1,357.71672533931496
15938,0.05551683474101845,1,421.3938532125881
15939,0.06522691575340403,1,383.6018369635688
15940,0.07198163578970422,1,411.1754990345611
15941,0.07551804929689535,1,414.45838565822504
15942,0.07512641580144834,1,419.7328210712305
15943,0.08894306739488632,1,369.54311378723264
15944,0.06920130698735184,1,367.999754622762
15945,0.08462450086512487,1,349.85096134309293
15946,0.08954454872082931,1,362.5346262070707
15947,0.10359906516648573,1,365.8683305047004
15948,0.1148482502955087,1,380.53787414614703
15949,0.11929323910264245,1,354.04486032203306
15950,0.10468002369795182,1,316.16383651424593
15951,0.09939397887616744,1,253.9939068352728
15952,0.11732961402194733,1,289.2190546748909
15953,0.16001813086612143,1,360.3898017617415
15954,0.154971282134211,1,235.9031834738131
15955,0.1736124710799198,1,232.7059592401128
15956,0.20694126068897778,1,184.56938052617454
15957,0.21643127171134288,1,4.592525315577575
15958,0.10567430541891572,1,389.3421842308401
15959,0.11280497211538777,1,393.6581977173158
15960,0.09483322987326824,1,415.36390624860445
15961,0.11589835698848286,1,363.9815776717286
15962,0.07480014566074542,1,422.63926817079516
15963,0.10666722958143461,1,383.92556289184364
15964,0.09013608573416146,1,388.0216169334252
15965,0.06424560025622642,1,361.2293359116693
15966,0.06327649347049218,1,352.8355210091624
15967,0.09402277362083837,1,298.44155411010513
15968,0.15641655452219608,1,301.4177055704739
15969,0.11634997770307921,1,357.0154805383465
15970,0.12900796979357027,1,315.16348302320046
15971,0.10772785563867783,1,363.9375845178469
15972,0.07916534348334038,1,418.26525715209686
15973,0.12535951109082477,1,339.8492954940208
15974,0.0869629499816936,1,385.2225237413087
15975,0.06899114306006875,1,413.5956720077736
15976,0.08525526774580541,1,346.4027326206344
15977,0.10086295426721202,1,295.91242564894185
15978,0.08326313497452377,1,332.85671936851213
15979,0.08446099459346297,1,363.3471667978781
15980,0.28582026176712966,-1,-186.5526919396325
15981,0.2935110299323392,-1,-406.24466745632526
15982,0.23519124817792073,-1,-169.68801116798
15983,0.3621999804576996,-1,-4589.9218275714775
15984,0.4125936335438754,-1,-4045.2552074362648
15985,0.3633916720243967,-1,-1531.408012479216
15986,0.42362332023581634,-1,-8716.19984431074
15987,0.4069591193777625,-1,-5754.180108682971
15988,0.36789367283303825,-1,-3505.3126238094073
15989,0.2672513495980303,-1,-405.69906001246886
15990,0.2978592553516511,-1,-1964.323009603547
15991,0.30028737101134223,-1,-937.4643934113344
15992,0.32194022573358766,-1,-1186.852788334876
15993,0.16981382157405595,-1,-546.505506948924
15994,0.1330093809858076,1,3.086568419011712
15995,0.12221207106445449,1,165.0680502418246
15996,0.10763345920294001,1,251.53057846821346
15997,0.0990722274435385,1,180.4986010737225
15998,0.10316719036442491,1,288.72139130520577
15999,0.14809938012641302,1,303.35130512271644
16000,0.08919998516538134,1,384.11113044594606
16001,0.070275455639871,1,401.06230207075424
16002,0.07639661376624064,1,404.48001366407783
16003,0.05919091309818817,1,371.32110162369213
16004,0.05644146557542689,1,410.0422587584203
16005,0.05988436453301243,1,414.9760946734781
16006,0.08751800515506182,1,338.3007485820315
16007,0.0692754927888635,1,390.4325694912568
16008,0.1022025857591132,1,360.81034069185546
16009,0.12028380452243137,1,344.3992549300955
16010,0.11059677808894951,1,317.69206951860883
16011,0.10359470747503384,1,342.24495761410304
16012,0.10708082579143116,1,343.9157047164857
16013,0.12809384668492305,1,338.206228476447
16014,0.10335248483063245,1,377.8108535967115
16015,0.0998441998971794,1,368.0140584604279
16016,0.08404833147890159,1,407.2289809074503
16017,0.06860241827771098,1,426.21250862117677
16018,0.051666250054489216,1,415.0063339565012
16019,0.0542645955820321,1,394.0694487717019
16020,0.04733594600288461,1,407.86418915675256
16021,0.07562287736813225,1,310.63071666156975
16022,0.06094853715634198,1,373.99132386999725
16023,0.07090490195192001,1,353.91433280348815
16024,0.05856254881475918,1,378.9217729577821
16025,0.06153802671435974,1,398.606429376187
16026,0.04801574660910573,1,406.42551434765426
16027,0.022984163813759062,1,436.5581315340237
16028,0.032675141091155546,1,424.0113428883337
16029,0.03412478031721701,1,429.16760084935896
16030,0.033907513333723174,1,430.9736876072935
16031,0.041059049360709025,1,435.051377686314
16032,0.03345982362070526,1,429.33383477940265
16033,0.05592824436003981,1,402.240268173854
16034,0.0718079538716073,1,359.18475689523086
16035,0.07323992257332415,1,368.07296092601376
16036,0.06302211173634982,1,375.24335630889243
16037,0.06498444876415665,1,351.66510726121675
16038,0.10464173720788174,1,220.34640759947433
16039,0.13141801996384644,1,214.53612236422106
16040,0.11956221314185568,1,182.32634318219664
16041,0.12314276231359468,1,93.28066012369771
16042,0.16990301214396714,-1,-13.118592934487651
16043,0.18814214795835185,-1,-152.8383470431503
16044,0.1952731216737551,1,19.290796290837534
16045,0.18122675392812804,1,119.95995250220119
16046,0.20817988136389617,1,44.90676650420443
16047,0.14007507119159865,1,279.95796558543725
16048,0.14486423790756722,1,216.77027515441694
16049,0.12829319358784252,1,338.02782548697854
16050,0.1282797559019591,1,324.9683241239447
16051,0.12857756462705577,1,331.33139215696076
16052,0.0952383820967194,1,355.42029541448244
16053,0.05725454462808605,1,415.00770389946143
16054,0.08192600014671217,1,398.44923219676014
16055,0.09548403136952589,1,379.46950055180264
16056,0.08879299542214489,1,369.74864502863824
16057,0.06481541046527596,1,388.0706389827522
16058,0.060875886952565995,1,397.2364028420476
16059,0.052200890866090165,1,418.11558024859767
16060,0.09599700340249497,1,376.37259247233436
16061,0.10863768343021442,1,336.4974050650265
16062,0.10066512594003019,1,404.87253730509343
16063,0.1841829824634298,-1,-447.1180098326764
16064,0.14485440111965636,1,295.490762513448
16065,0.19620730077830117,-1,-74.822486296011
16066,0.15538875353328882,1,130.35725406875935
16067,0.151441403850709,1,312.6796094679588
16068,0.21334869405642523,1,127.29205378432721
16069,0.23127804091377943,-1,-92.746605416119
16070,0.12945527188259895,1,186.98226354161307
16071,0.11099996340921604,1,382.2277825406461
16072,0.1491487899577543,1,206.21234258334093
16073,0.16001534903578604,1,328.5606490704521
16074,0.1476864717743412,1,308.3093156075405
16075,0.17423617102986552,1,302.15005385330414
16076,0.14778064816353378,1,360.3656137271272
16077,0.14688329471072145,1,295.35369085925083
16078,0.10661125133177839,1,372.96864227224495
16079,0.10698672283926557,1,396.6135914666071
16080,0.10091857333705682,1,390.9113732935301
16081,0.06464173092529302,1,420.2421510974309
16082,0.03820736718045631,1,413.8512801939712
16083,0.030914423450400196,1,435.92365120993566
16084,0.029313437759106276,1,433.0039928826217
16085,0.017011007991650628,1,437.73947534808605
16086,0.038915580115529466,1,425.1581690756398
16087,0.04179164548353823,1,422.0144802971995
16088,0.06355223619745923,1,384.39387081665444
16089,0.08621881515593531,1,326.0041545359323
16090,0.10881898680685864,1,221.40654957112474
16091,0.09422233641407875,1,203.87413121912704
16092,0.09923013339542909,1,219.00828484170017
16093,0.10139252489982901,1,304.5274033653561
16094,0.10008596971619514,1,258.28248346475834
16095,0.06470797196791246,1,402.1261977300637
16096,0.07001653625194525,1,410.3090793907117
16097,0.03892279686467408,1,433.7543522681733
16098,0.04480583630110065,1,434.9712253560218
16099,0.043945914135616694,1,428.45212575890434
16100,0.050555236986706345,1,423.78992145305875
16101,0.04382110797648079,1,427.52533594409635
16102,0.020016745110660584,1,435.3422990186957
16103,0.06691612877697435,1,401.0762320680406
16104,0.07429409191486816,1,382.28476234592404
16105,0.06493342656967507,1,413.4564712407355
16106,0.04915108141013177,1,411.49763912990954
16107,0.05957119768505354,1,425.0789851008772
16108,0.18841948160653404,1,95.56900624238068
16109,0.23541212792203123,-1,-13.688212158982196
16110,0.16453839093073377,1,276.01296232776826
16111,0.12383347818538933,1,146.54886304009983
16112,0.25382071314609095,-1,-414.17040077744457
16113,0.17945763604749107,1,153.6568916381495
16114,0.1368514578974502,1,242.47325379506273
16115,0.1942314160714838,-1,-547.1808732859245
16116,0.18853242500284578,1,215.1988352524112
16117,0.13823229581517546,1,361.6868424978401
16118,0.08614279555215186,1,410.30564008576283
16119,0.10368733427796507,1,391.2582652973085
16120,0.11077039231928944,1,392.8675304634899
16121,0.1256744057062658,1,381.69362438421103
16122,0.06743852135884675,1,423.47501522313894
16123,0.061936867095067454,1,429.4649373679157
16124,0.037551708076054034,1,432.34380526462076
16125,0.09369601570537042,1,255.1417939645672
16126,0.09302864523840773,1,378.94226984268846
16127,0.13002623384146458,1,142.54128878445874
16128,0.12956365571646059,1,99.47419654912704
16129,0.1398754704485862,1,153.47042713621647
16130,0.13693285809071853,1,206.1516713514358
16131,0.10313159004179641,-1,-41.13556970795872
16132,0.12646088428052552,1,104.35916924717321
16133,0.12391600003978309,1,294.79955766312514
16134,0.05440872169481369,1,398.0819194892697
16135,0.04929189364799166,1,402.192701813457
16136,0.03919799588390321,1,435.77241819371665
16137,0.040385105762713924,1,426.78424986697985
16138,0.040919456913519024,1,425.42959815945954
16139,0.048691922063142615,1,400.64898189599353
16140,0.03848682614029454,1,417.70671689555945
16141,0.03778596942712771,1,401.45019300066036
16142,0.03260051080981171,1,401.5216878184547
16143,0.03224565784594194,1,403.5062296252603
16144,0.03280389646276197,1,407.5490101893829
16145,0.031957147291628636,1,406.348219249601
16146,0.0539149061243455,1,408.69594970360237
16147,0.05976622764592116,1,386.1018959204046
16148,0.051782704113649006,1,412.7083236571576
16149,0.06024506597296037,1,415.88969650269945
16150,0.05990249362263734,1,393.3536730387977
16151,0.06964048422110067,1,404.8021460981865
16152,0.09148709157422738,1,402.51890453086935
16153,0.09431836642544934,1,327.8061949442155
16154,0.11165097095260797,1,280.9952577834757
16155,0.1139066464180463,1,202.36065173593366
16156,0.13274074791189155,1,213.78382097851608
16157,0.10833793448498301,1,196.00636438389535
16158,0.13958420086826767,-1,-121.83988605606555
16159,0.1157532060755558,1,135.42334362195385
16160,0.0782850639637168,1,272.0313461095669
16161,0.09665304997509361,1,356.02484582523005
16162,0.065038174890315,1,382.3068607844275
16163,0.10989987230985229,1,185.44102601048664
16164,0.09024113870218257,1,153.997166078347
16165,0.0993248224288201,1,138.24705042699435
16166,0.09205420411787248,1,186.03781223901157
16167,0.09282787874458683,1,280.3172280810013
16168,0.10929238272865452,1,244.85284831443988
16169,0.07834887092141297,1,319.7592851324456
16170,0.08711833330845227,1,405.2121031445388
16171,0.06338507244742039,1,422.87349530465843
16172,0.05409919358594352,1,427.2627324952901
16173,0.06747164279115439,1,371.37242345501966
16174,0.0819807243742741,1,333.4176179921035
16175,0.09162753630081286,1,390.6119616918587
16176,0.12613678955851598,1,213.43409829186595
16177,0.16086238654356527,-1,-152.07895839917921
16178,0.18182515710841604,-1,-234.94894595698588
16179,0.18588053565173338,-1,-1.9196765961916071
16180,0.18958366999803783,1,199.48899749591317
16181,0.22084414345251033,1,64.05592631532795
16182,0.20969669709767672,1,8.000273445068842
16183,0.18328959584047277,1,153.14778941097808
16184,0.1724973751709659,1,168.16325436198343
16185,0.166229548227225,-1,-182.43400858651694
16186,0.09348953025611446,1,327.07768636593715
16187,0.19536170838856162,1,217.3243265714728
16188,0.1679287545600431,1,273.1423543744078
16189,0.15097942204546536,1,181.73729423252524
16190,0.10698726960064968,1,289.4329330547584
16191,0.08748941108048014,1,328.2317119167135
16192,0.08435931720870278,1,367.5685799763527
16193,0.06711296916936298,1,350.3418022181243
16194,0.08532140344337259,1,327.3020789387183
16195,0.08749200510525056,1,223.9466632834767
16196,0.06404855648206861,1,344.1577829764375
16197,0.049077002248861766,1,411.0294119658951
16198,0.040956449782064995,1,403.3195410906246
16199,0.06427567784663717,1,360.4979804652127
16200,0.08889089933669103,1,398.62679159066533
16201,0.06166034707244204,1,417.49357354052063
16202,0.0666219218494045,1,421.5184357776895
16203,0.07156374886274441,1,411.4214894890395
16204,0.10414256887025383,1,375.26022945062533
16205,0.09180015335078358,1,383.16985135886495
16206,0.10175258590933355,1,278.17420643480057
16207,0.07936790647957567,1,363.2878294800305
16208,0.10399147619866984,1,362.73005952964104
16209,0.06373321083037453,1,400.1255389417549
16210,0.06283816124267498,1,401.24360191166176
16211,0.0625419607434145,1,413.8500206609959
16212,0.06997080217200265,1,371.66029355240363
16213,0.05515430208843759,1,405.8429700180259
16214,0.03751996962476062,1,429.48772820630035
16215,0.029475745420778677,1,430.3654781050868
16216,0.031035130658857758,1,429.06477437975497
16217,0.035385319791225445,1,428.7516702643139
16218,0.04754423722743624,1,422.937729551839
16219,0.04552833656939643,1,427.57619464079374
16220,0.055447906819936936,1,414.933712339472
16221,0.05834904756847524,1,421.3184785166165
16222,0.07339011663047569,1,420.25696405838005
16223,0.08788750060351551,1,414.3552907358952
16224,0.10614852539522238,1,338.98794970500705
16225,0.11318456567046165,1,345.7855782081016
16226,0.15567415948388236,1,203.30693226208967
16227,0.1345822576636511,1,312.26296646029186
16228,0.09289384791053708,1,415.86871346060605
16229,0.07428259139889802,1,412.3785333075793
16230,0.060081528111489646,1,429.69496127699153
16231,0.07028927466737957,1,414.71544775490213
16232,0.0399737492515154,1,435.2138131979791
16233,0.027952825285887918,1,436.600127050616
16234,0.026381240258338583,1,436.36891612946505
16235,0.02891953306555948,1,437.685501850856
16236,0.05054940217799817,1,390.5619828673422
16237,0.06819884962904561,1,305.2155658444637
16238,0.07960403076119553,1,378.4859176250859
16239,0.06915008165876504,1,423.64621643898
16240,0.08184386849543243,1,377.21315390707605
16241,0.1143314029004756,1,313.79096879004544
16242,0.12389456954998837,1,264.6224854697282
16243,0.15700008022756706,1,262.077818067135
16244,0.1122519537518607,1,365.3553131531242
16245,0.07004311576427137,1,420.28375594984885
16246,0.06888961618156818,1,421.26251237279604
16247,0.08217730178888737,1,422.6637565062186
16248,0.07049209555311266,1,424.90775885608525
16249,0.04770648935736709,1,432.67187252581
16250,0.05898714068176097,1,411.43213195003153
16251,0.03907779946373691,1,433.9451881426338
16252,0.046223774229820755,1,434.15674055336086
16253,0.04452080776436821,1,411.0474564221954
16254,0.0650831731138222,1,395.95327550663865
16255,0.05825474282509075,1,431.12779830104523
16256,0.0631944596246296,1,357.6254279193602
16257,0.07422465996173645,1,275.8046945639299
16258,0.05984224800520675,1,373.05535298444926
16259,0.09969485088914405,1,292.68236256079683
16260,0.12215241413800762,1,110.89720176407604
16261,0.10690203549797664,1,259.4510221045265
16262,0.10080474410582352,1,347.54823581835467
16263,0.0874175411696544,1,363.5415550443566
16264,0.08273543163356564,1,369.2685513829189
16265,0.09187793629455387,1,305.49338450125754
16266,0.11712993945421664,1,304.569574030496
16267,0.07837927750117193,1,371.881411091529
16268,0.06901535562156201,1,410.004833382914
16269,0.07710684844098212,1,381.80129456875983
16270,0.0876210819233275,1,383.88717806858875
16271,0.12255384671018568,1,319.58503556959533
16272,0.08886877364572245,1,362.99431462477617
16273,0.07630799300871975,1,359.52412748244495
16274,0.09158383013235101,1,330.3527766427645
16275,0.09506809096604311,1,315.6358371349668
16276,0.08147134408597921,1,311.39894626073817
16277,0.09425331033439618,1,377.1923467913755
16278,0.10539240816755369,1,326.6325358702846
16279,0.08389770746052318,1,385.7164143712245
16280,0.05425981572458608,1,369.76190705637777
16281,0.06671257240180628,1,300.6271946551603
16282,0.06548745806133772,1,369.5221614904563
16283,0.06626836174834376,1,399.10422652128796
16284,0.09186637672821603,1,333.6322317902741
16285,0.06788851820205224,1,394.56929117275143
16286,0.06771669940862388,1,406.02839490942057
16287,0.050002638924102616,1,421.9566163960374
16288,0.04736659238375057,1,420.33759906152414
16289,0.06458376337289763,1,407.91469402698453
16290,0.07098876660636003,1,399.91678316268144
16291,0.06230716941624428,1,411.50515068905764
16292,0.06082885782602453,1,421.26155985478204
16293,0.05300824720417081,1,414.20375119458714
16294,0.06294849175209882,1,419.19573030139645
16295,0.11265281828404115,1,142.61128483646627
16296,0.0884494757413389,1,122.62588769352226
16297,0.09457800181692746,1,312.5935869770051
16298,0.12468125193320659,1,274.8020933883844
16299,0.10939805554280865,1,137.10444108305313
16300,0.11783691194386461,1,327.87476061782843
16301,0.1204530892676372,1,350.9162250627634
16302,0.14956314338442778,1,105.14055399403463
16303,0.10071568448824524,1,374.04620904708344
16304,0.07888724341536778,1,280.04052522179313
16305,0.04365166844371126,1,387.7994471078679
16306,0.05518776877870601,1,390.133478417379
16307,0.044328821654539656,1,349.6653417775714
16308,0.045109657660570714,1,419.016934433803
16309,0.023295310934521685,1,436.29004985631786
16310,0.02598901681054869,1,436.956003547023
16311,0.051901470461296194,1,425.2146633991931
16312,0.0852914452292544,1,397.14349209886285
16313,0.08929872227947855,1,407.89662138912104
16314,0.08577512386035978,1,409.14991305816926
16315,0.06517744194659332,1,406.86887181334475
16316,0.07122481427668922,1,391.5255669779365
16317,0.0820863650359271,1,407.99861174697025
16318,0.1088456951987835,1,383.5556631335655
16319,0.077494827390536,1,403.87446565037936
16320,0.10273599484816294,1,377.4612510128605
16321,0.1303936638711908,1,200.00264740370082
16322,0.14124128422270776,1,110.93683223398085
16323,0.12560921479100023,1,347.53464962639407
16324,0.11057842084595279,1,299.32308712083415
16325,0.07565538732946789,1,402.0555830507478
16326,0.10489865753481523,1,385.4569488519883
16327,0.0772511975513285,1,413.41079428568673
16328,0.07613528146258455,1,402.7302422442281
16329,0.11483848760049742,1,372.8013402696026
16330,0.06742693105772282,1,424.3528546132984
16331,0.0826176968116281,1,408.3595504505016
16332,0.08302404200216593,1,404.19579120848545
16333,0.07558948094974269,1,388.0162467266395
16334,0.0838856457101419,1,408.5299518627391
16335,0.0926382095356862,1,374.36279737678996
16336,0.08364845550735711,1,359.9287463028875
16337,0.06201912928194669,1,348.9003699977784
16338,0.0505447868105089,1,382.8032212989858
16339,0.05630451798710711,1,359.8481752701583
16340,0.05970957031496184,1,364.1541413435423
16341,0.06188686022555286,1,392.117477700039
16342,0.09086080523610678,1,350.44944589788486
16343,0.09479724248848485,1,282.63265754863426
16344,0.09861412164809621,1,323.47361860133697
16345,0.06991049981705756,1,358.45204971439955
16346,0.06028408693638444,1,381.31936279171526
16347,0.0759032496568568,1,366.6875108588181
16348,0.06727216140449385,1,422.85138992426903
16349,0.07279334126486979,1,424.6169745544333
16350,0.06815269739163642,1,413.47883199438587
16351,0.0564318058492281,1,423.55520561231674
16352,0.04765759335333715,1,425.6786341885473
16353,0.040499353381501506,1,430.7878308148073
16354,0.049610838220415565,1,416.5309391663247
16355,0.05963439337242972,1,397.22982720713213
16356,0.05614807192038659,1,414.49719865755003
16357,0.04702319283537561,1,427.43670960743435
16358,0.023064324541392962,1,435.2755180357084
16359,0.029099122975458275,1,437.2610535866677
16360,0.0343354418194022,1,430.76350188314535
16361,0.036072014099807495,1,426.49692269687074
16362,0.04175742770504936,1,420.09779214459684
16363,0.04316642459162024,1,432.1633415550524
16364,0.03026333346301976,1,426.795390578741
16365,0.047682766645029094,1,422.0017362994186
16366,0.05253780323079397,1,426.68114133133145
16367,0.07168725076835973,1,372.8426314045945
16368,0.05249104624360799,1,395.76072032108266
16369,0.058324511098106165,1,390.99263269928593
16370,0.06961262529066146,1,415.6957168964119
16371,0.05586154866173705,1,420.1101163101219
16372,0.07040892350901058,1,421.2699197079801
16373,0.07540208371710173,1,421.1689374175342
16374,0.06337928372008118,1,409.402438238687
16375,0.08669534063429782,1,382.1763640514836
16376,0.09101422765336917,1,392.4347264664074
16377,0.09844329192252424,1,365.87546638655886
16378,0.07355425696813818,1,335.7768873536421
16379,0.06199167624978256,1,319.52849811233
16380,0.06225969627332569,1,406.24644586764987
16381,0.08064922750107495,1,384.1193983621796
16382,0.07444366184396523,1,311.61316130192324
16383,0.10143538723036007,1,263.8557525308671
16384,0.08460353133279062,1,309.8635145380998
16385,0.08533498048092357,1,368.6192395313424
16386,0.07874851446795865,1,340.2329359714246
16387,0.11493241822586056,1,175.43699171093783
16388,0.12403604329376046,1,346.71457232944357
16389,0.12066976415123176,1,332.44933596718465
16390,0.1111272526010073,1,312.37738262855726
16391,0.09404558990110796,1,339.3558635913844
16392,0.08440120152953161,1,370.8069817222142
16393,0.12008257119105663,1,333.59315194777844
16394,0.10604730167940478,1,337.1008018390091
16395,0.0686619431463162,1,406.9243208442489
16396,0.08265992080818539,1,363.74764654125244
16397,0.03956586011436568,1,425.30206664268314
16398,0.0467487446881927,1,408.2151686394294
16399,0.03298908843451297,1,429.0681884268135
16400,0.03059656481627784,1,434.60661319512
16401,0.03855224735656031,1,424.31793708540897
16402,0.043848642463511604,1,410.85065173454046
16403,0.03851242371352069,1,425.101939569681
16404,0.0444912563406566,1,430.9598989044614
16405,0.044928379846480127,1,433.15053380030497
16406,0.045125073825677556,1,434.4341267402128
16407,0.038042251844739805,1,431.04464307666547
16408,0.06946911182348121,1,390.6049751857698
16409,0.07270431785935412,1,390.53799055789335
16410,0.11242600261689006,1,118.79521966369248
16411,0.13633280959850194,-1,-183.3028305008512
16412,0.09109689863902894,1,236.2465931688826
16413,0.10368515732370778,1,275.2265927187777
16414,0.08867650113383695,1,371.20013296773396
16415,0.09410124961701018,1,399.9655120472043
16416,0.04810735697438991,1,430.4830768298272
16417,0.05123541412671347,1,431.78535594680653
16418,0.027198702255942297,1,436.0751790944969
16419,0.05356816661838891,1,426.57691337760076
16420,0.04678021982662558,1,432.4075468741254
16421,0.07464075367774983,1,415.48306064800107
16422,0.03561845284824821,1,431.9539415513854
16423,0.05238915237547425,1,429.5118582093863
16424,0.043469405221851436,1,431.7866522969901
16425,0.07069171122965777,1,403.7296798428769
16426,0.09562856610502378,1,363.2059283802284
16427,0.10225802591370718,1,338.50892834715785
16428,0.10828909232327817,1,268.39418881362883
16429,0.06576443109151621,1,406.75082650766007
16430,0.07662656449990139,1,388.403043543142
16431,0.100001817961584,1,391.93728544817117
16432,0.08579665606420923,1,413.69577220336953
16433,0.056697184629736386,1,414.425482830003
16434,0.05044600777676539,1,423.9839496790559
16435,0.03769598551143914,1,427.55618047168184
16436,0.03997075387339664,1,428.56134929502866
16437,0.06320840265237583,1,425.91540208229054
16438,0.098954444673805,1,386.1625847948957
16439,0.08150304428436424,1,404.95351666030683
16440,0.05505001120558915,1,394.06375665212767
16441,0.04693746436999558,1,423.3426461818971
16442,0.061018734960457996,1,407.7910326395751
16443,0.08834215322615038,1,392.0432836339145
16444,0.09865790586669827,1,417.24098245729436
16445,0.09878217037046899,1,365.6352885667094
16446,0.1436608221849899,-1,-171.11820336666472
16447,0.16155527816949142,1,173.76709660002945
16448,0.16327053352570767,1,178.0171767999825
16449,0.12316886096477557,1,243.8919944668439
16450,0.17190998554630418,1,316.73255752985614
16451,0.14383846878068932,1,148.20959277927955
16452,0.13336192384340476,1,358.14077952403926
16453,0.11721330545486919,1,371.99035179499475
16454,0.10175164364878755,1,410.1399908561125
16455,0.10043968710541522,1,407.6857236737362
16456,0.06112780388558186,1,427.1324502563986
16457,0.054480006389468226,1,432.40087548389505
16458,0.06716411054326588,1,405.42298753356374
16459,0.08522330886144446,1,381.8469016333311
16460,0.07569915198885882,1,405.4190222966793
16461,0.05344911896286737,1,429.1636851459939
16462,0.061373483112496796,1,418.2986498734618
16463,0.11064232321692338,1,348.3380908713865
16464,0.08424136208029744,1,402.33321094656225
16465,0.07168854316585309,1,409.51787719805975
16466,0.06598785968349877,1,413.202076453789
16467,0.05882601257625858,1,423.0353504484914
16468,0.07117249918769346,1,420.8761751905101
16469,0.05674564898784678,1,407.3834983402098
16470,0.0381346048493527,1,409.8011727211329
16471,0.051600511325013046,1,411.5843700060136
16472,0.0482254413570948,1,418.888325382549
16473,0.03071257624516003,1,428.36978647264743
16474,0.054669647851752774,1,404.03617120521045
16475,0.0488291693394543,1,420.8569097641162
16476,0.08862473036412803,1,392.43265404191635
16477,0.10276660202196028,1,340.82791183105036
16478,0.1207206638423253,1,279.1127290068919
16479,0.06889629763980631,1,403.19538769757054
16480,0.07678627065743115,1,413.1873811619917
16481,0.06034042840350721,1,388.2472221565163
16482,0.08325651350068188,1,325.2575083775213
16483,0.05412710754416265,1,404.3818295482834
16484,0.06344264422260917,1,405.4421575296471
16485,0.06620600596385594,1,407.4097822487828
16486,0.05649824285052498,1,424.37671881435114
16487,0.06194069058612275,1,427.0552391174191
16488,0.10194826611698185,1,403.33010587420335
16489,0.04498816765350854,1,434.56594497243685
16490,0.04796745128985321,1,433.72666657256826
16491,0.030972197575769862,1,432.29750704517875
16492,0.0291976174006943,1,430.1472482447447
16493,0.03285098381784761,1,437.1212250209012
16494,0.02751962302899525,1,433.03132529550476
16495,0.044166448219439235,1,425.48163207758495
16496,0.059270251670836986,1,411.28400963095123
16497,0.04278359517570051,1,427.8345154726114
16498,0.03520109904618945,1,435.5430950641566
16499,0.023105308866618306,1,436.144833304048
16500,0.030630000018357032,1,437.37434223211903
16501,0.03786608386026238,1,421.7212902391573
16502,0.061666847281867734,1,376.7806358387383
16503,0.07923111364362521,1,361.0771685792879
16504,0.04467158340389995,1,424.80773646708707
16505,0.05552124066568455,1,413.255178341832
16506,0.05743187608137511,1,415.6384935031791
16507,0.08165781898748571,1,372.74781836639886
16508,0.061106246374799014,1,407.17503572319754
16509,0.11707694068394651,1,265.7334760941783
16510,0.08621768581800307,1,407.4910133521391
16511,0.2732547663071657,-1,-319.390552649735
16512,0.10263804721037086,1,350.0313964594822
16513,0.12479277717334193,1,287.9382565144696
16514,0.09821504399948042,1,356.79054774084216
16515,0.12453875763120932,1,222.33845158444268
16516,0.15581236830993686,1,51.08498079414676
16517,0.13395261687218368,1,325.5704737338415
16518,0.12144888206523011,1,379.9471789138315
16519,0.12537931093094662,1,376.502926381931
16520,0.09954357816015073,1,386.6949657486104
16521,0.11607025569977157,1,364.5356956507926
16522,0.13580918335864964,1,344.1759979757683
16523,0.17399484114269442,1,316.91342640161224
16524,0.11608113901899837,1,397.65665429357233
16525,0.1081075052798055,1,392.204724103948
16526,0.11939109724651566,1,373.3505076658125
16527,0.09462878651102234,1,410.9442647286878
16528,0.10210880941838067,1,395.6391580380419
16529,0.18315849249598334,1,297.9943353505997
16530,0.18174429426172642,1,286.8709604241225
16531,0.1680581003577504,1,334.5523714612678
16532,0.12851084611057467,1,340.1918568774569
16533,0.12179388980117652,1,383.8758486610552
16534,0.15036743644144537,1,314.68147518629974
16535,0.15016618363888917,1,195.51175604037337
16536,0.15343471751188248,1,300.2423327859121
16537,0.09656090015092043,1,363.01123163376104
16538,0.07965679066552415,1,374.6164951438936
16539,0.07367024589359425,1,314.0968138536393
16540,0.08335294978148343,1,359.3898779740733
16541,0.06130298971249683,1,401.8757759141148
16542,0.0706117717844897,1,403.88191091748826
16543,0.05761394488752769,1,407.0137734431547
16544,0.09316680831094284,1,401.6961391014606
16545,0.12834507392384947,1,121.21961919660839
16546,0.1298041662820305,1,273.12574358302476
16547,0.08863038407380798,1,301.38197823038405
16548,0.09785757488135265,1,141.80342838508284
16549,0.10414515159436001,1,226.66270007155745
16550,0.10324510127327437,1,383.7097848968391
16551,0.07062001642788662,1,425.78621983452405
16552,0.1506835491513785,1,267.2573240184918
16553,0.11831837945706826,1,351.0612219580388
16554,0.1766498577319684,-1,-173.25333723656433
16555,0.15714382234510005,1,170.82301362857459
16556,0.16339067394031082,1,325.9232838255251
16557,0.17382518008288433,1,302.63857280620294
16558,0.1884240413429976,1,289.0618604980526
16559,0.18053024204264514,1,49.194964175628115
16560,0.18547657215003102,1,196.96910523988961
16561,0.14333349955205751,1,124.10218385143077
16562,0.23121492018299625,-1,-21.104105854255636
16563,0.1619082919060166,1,184.12701305579972
16564,0.17670809922004865,1,188.2081518377978
16565,0.15613305336396707,1,188.64989280525216
16566,0.16579730536109363,1,303.065175901971
16567,0.12679406378116131,1,352.4328887390483
16568,0.09885747756321565,1,308.1418808003323
16569,0.10959778061975349,1,260.21263477525724
16570,0.10823641761603028,1,245.73749231717719
16571,0.10003265745541685,1,279.02953907801975
16572,0.08474248999793646,1,351.16449529241027
16573,0.08984518015379875,1,346.3433470486319
16574,0.09074646199580085,1,376.73702514790307
16575,0.10296825844970477,1,352.6778233289416
16576,0.09944026305496512,1,323.5717366515447
16577,0.09187953387223557,1,378.8888346535792
16578,0.11125411339427739,1,361.0882488471545
16579,0.06610691113866944,1,407.7546558673437
16580,0.07547736067655775,1,365.413320062377
16581,0.0617505073237886,1,394.71941482624993
16582,0.07364807495545227,1,397.54750927367036
16583,0.08206650606181312,1,376.70348408456795
16584,0.08666624249562971,1,385.29116646708883
16585,0.050829226191592455,1,429.1917339341013
16586,0.04688171875233623,1,430.8606162707854
16587,0.05706701668262133,1,426.7262741668467
16588,0.04647244346633522,1,409.6921941770042
16589,0.04403609683684626,1,417.84072242113893
16590,0.04326192691305158,1,429.21301373953077
16591,0.039295298550224796,1,430.39947612878524
16592,0.047106153068447995,1,430.485324683537
16593,0.03388741634824764,1,435.6120165056787
16594,0.0526630237303898,1,435.05689391645535
16595,0.049518342436413725,1,430.90457124068547
16596,0.049093965252007356,1,432.2615432715469
16597,0.05188694752752492,1,432.86674204739074
16598,0.045656148124606034,1,427.7489406025119
16599,0.0846822542771155,1,359.82069224962277
16600,0.06606389763854018,1,411.24070313500533
16601,0.05515637839902358,1,396.4875887087716
16602,0.062402318851017366,1,411.8879290945023
16603,0.07010325318350359,1,400.4609085169735
16604,0.08123280750307837,1,375.23054936005997
16605,0.08233318042876592,1,404.74979340072747
16606,0.06088049884990516,1,409.0597162885225
16607,0.07243907565788558,1,375.30751339751777
16608,0.06178366107313619,1,328.93267619633366
16609,0.08230409609446912,1,372.9078255479726
16610,0.08766932234184657,1,406.91569515946435
16611,0.09411947193896193,1,394.1445036509641
16612,0.09809934215271862,1,397.3830094233647
16613,0.11900440434108105,1,389.1910595772466
16614,0.19429196231719567,1,228.82525034381734
16615,0.1609248141670197,1,309.23271336944794
16616,0.1746624934061309,1,309.9276229389275
16617,0.14868162351486,1,373.6973009923971
16618,0.09308830154918787,1,387.90203183610595
16619,0.12130052435822562,1,336.8181914750341
16620,0.1010108307703546,1,388.191945267696
16621,0.0571938777078442,1,423.3224838338194
16622,0.051528307631124634,1,431.4184093324596
16623,0.07350064503645803,1,390.7642130418669
16624,0.0664819864357398,1,381.56923175345673
16625,0.056046730478843405,1,397.702962417137
16626,0.10091475658095472,1,321.6642908260411
16627,0.07726918467218827,1,359.47945040494693
16628,0.0659647311603582,1,381.8371631273721
16629,0.05730701631454697,1,416.9607187208735
16630,0.054994985722915044,1,422.0809071516006
16631,0.05107564326100645,1,423.6391397421399
16632,0.04137650631208465,1,427.3532813719009
16633,0.05281999713302051,1,425.16975099233326
16634,0.05945244631171698,1,420.254836393401
16635,0.07064676777578534,1,404.4886543956369
16636,0.05030250949487641,1,429.25244571501264
16637,0.08904663164466795,1,402.27712802915266
16638,0.13805709988731582,1,359.7555197621467
16639,0.10175431976117254,1,396.38324338963855
16640,0.10936219077556797,1,365.7586235245886
16641,0.09093479697014317,1,379.5063088959932
16642,0.09281255675753985,1,379.74314907197555
16643,0.06942122844600843,1,418.5685131193566
16644,0.07743221754842841,1,413.5815639772251
16645,0.032874720785460707,1,435.1236951600669
16646,0.029919118649642855,1,433.3971744953486
16647,0.02707102625435969,1,436.30000474594306
16648,0.03885897815072071,1,434.3046908601265
16649,0.03575617733448504,1,434.91216133351395
16650,0.04772906731166009,1,430.23681463576446
16651,0.04730470484179179,1,427.14645333081523
16652,0.0711246964742644,1,412.558268334941
16653,0.07010127847062814,1,421.12287376664807
16654,0.08385903692175305,1,396.36662451190136
16655,0.06575479411289721,1,414.6217594640583
16656,0.05151403737999324,1,424.5301085530127
16657,0.06276746921614451,1,421.9604903063194
16658,0.03472277343321727,1,434.9623756906984
16659,0.06021054693399287,1,419.46565652206533
16660,0.0681799085901528,1,387.02793442146117
16661,0.07080118771534928,1,389.2086538810797
16662,0.06736889560357259,1,428.5737928464116
16663,0.0947217460616405,1,383.3018977596994
16664,0.14994861681419197,1,255.32374939836674
16665,0.15018949660974348,1,320.6798488221203
16666,0.1597964212893812,1,329.8984009215976
16667,0.18153335398496792,1,296.4410309347194
16668,0.1418199068702724,1,322.38318979295434
16669,0.13363256355928327,1,358.2477938027197
16670,0.2056893160396313,1,132.6995912309792
16671,0.189792376350729,1,262.37995631099716
16672,0.14843444271732206,1,165.74833386556202
16673,0.1625567919973474,1,294.24725515470243
16674,0.17045633898972098,1,278.7373338054849
16675,0.16678704872910857,1,274.00876754305557
16676,0.08710154279463657,1,401.3972087384898
16677,0.08251805476862616,1,408.33721803681664
16678,0.09225297339109641,1,358.68135832240347
16679,0.0511213375905943,1,420.89846426070415
16680,0.05656222321651302,1,377.12660201667734
16681,0.04553057274176938,1,399.22144303522185
16682,0.05723044564581775,1,392.97578399369417
16683,0.04920892626276972,1,418.44905940300293
16684,0.056758038525458354,1,412.82723946409675
16685,0.050911280781576404,1,432.7565441479454
16686,0.04752878679570223,1,418.54964898258004
16687,0.06732906413203901,1,412.12564738362846
16688,0.036580718982119044,1,431.18787859229496
16689,0.038234528854307545,1,434.71987078174527
16690,0.03839463838710523,1,421.01704936611895
16691,0.09404624458336286,1,386.3735865785944
16692,0.11157192390042767,1,319.36779387275743
16693,0.17602529292846528,1,259.30987592018437
16694,0.1718751151467625,1,251.17384936936688
16695,0.13414238556856078,1,308.87665565138434
16696,0.11514785790251243,1,353.0341572874366
16697,0.1394994575145984,1,290.5875287263082
16698,0.129684616728045,1,324.20727118348725
16699,0.0824254396084241,1,354.1853056804654
16700,0.06043327474071853,1,407.5526645345667
16701,0.061777919826985175,1,428.0946285200516
16702,0.0738007518322027,1,386.6560130899104
16703,0.07046503671790696,1,404.03971570522845
16704,0.07507225858896652,1,384.2735797119485
16705,0.09950147387288652,1,322.72511719714726
16706,0.05012466003989114,1,361.4589406621083
16707,0.06289056003520592,1,376.17236065579476
16708,0.062470440363307865,1,369.2458867590187
16709,0.06978238068532382,1,369.0926382904555
16710,0.08845985046941575,1,376.1598536193056
16711,0.09220320476792478,1,359.3180435182485
16712,0.09039371152973223,1,367.60615857941474
16713,0.08479923412730808,1,380.29301954362484
16714,0.07671410598148827,1,412.1441914102278
16715,0.0810060475419164,1,381.65161638955334
16716,0.03559223945627173,1,425.85198921047123
16717,0.07968320735767327,1,400.9557533684373
16718,0.09210047736149764,1,355.07092250039176
16719,0.09172683439650085,1,379.6680266957491
16720,0.06407989761470233,1,415.2110588598589
16721,0.05789171106934598,1,402.822032741258
16722,0.05958828900091479,1,413.93822965267316
16723,0.09654282856750618,1,383.25126038224477
16724,0.09102556151529073,1,372.8448092650278
16725,0.09923236824160415,1,350.9563749656901
16726,0.056825355340282734,1,381.91551076778444
16727,0.06255945885091632,1,364.87900933916234
16728,0.06375228932062563,1,355.6405050925099
16729,0.13304507072981567,1,98.3583562036045
16730,0.12748209526901538,1,175.64155101897546
16731,0.11762076179451562,1,138.2682241757267
16732,0.10631097038935641,1,256.0104985760929
16733,0.15651623908134132,1,99.06814460708421
16734,0.16289269699179548,1,188.74373900481632
16735,0.203587781295266,-1,-20.772448576834506
16736,0.18437069645838794,-1,-83.11610306929344
16737,0.11278839435167232,1,275.2393568913077
16738,0.07927694467112242,1,402.5057178263662
16739,0.11050375408285366,1,351.81603751490286
16740,0.09842646404335868,1,318.96861892313166
16741,0.08979196223441621,1,15.442272904119022
16742,0.05685521857861577,1,398.73374915263196
16743,0.04654884668581497,1,427.4745686722238
16744,0.0697909246759081,1,342.8577760732182
16745,0.05750641755178089,1,377.9724067975215
16746,0.0479501176882793,1,405.7513494343476
16747,0.03529344165054055,1,390.15496775071557
16748,0.0463488593725218,1,359.26837486205943
16749,0.05860576287536397,1,397.89355831042735
16750,0.0750245345925724,1,363.7789172893027
16751,0.08507255310695752,1,314.7468103021591
16752,0.0839650094723511,1,411.79396264415243
16753,0.17829101763390523,1,99.5348157240017
16754,0.18962445761328128,1,149.86993342858563
16755,0.23295734708098975,1,96.80098561808325
16756,0.2730347089307907,-1,-15.476014265869537
16757,0.22245015404454918,1,281.8628223012006
16758,0.2568124726612417,-1,-1439.2179183281444
16759,0.3034862977887309,-1,-2021.406107300613
16760,0.20958568193035002,-1,-2452.603075421621
16761,0.18858046591801753,-1,-1583.3825356621371
16762,0.20933494443032852,-1,-2089.691593986815
16763,0.19978603117078997,-1,-1781.3750227945263
16764,0.23684996953630608,-1,-3949.8439010542124
16765,0.2457286484853973,-1,-2595.2192229520906
16766,0.19557604519666927,-1,-905.7541559079953
16767,0.15251530788075357,1,186.37204310437465
16768,0.22267594446607664,1,146.16246736634457
16769,0.19517353558981404,1,202.3613480245987
16770,0.14821515762775034,1,203.20869479180186
16771,0.14300701747221117,1,282.0603652536279
16772,0.12040996742079361,1,310.25416025696074
16773,0.11542555135514034,1,351.2008593507169
16774,0.10711746374912968,1,315.91277667014094
16775,0.06607910859841343,1,409.41396072440347
16776,0.0536681662459653,1,415.90757172472996
16777,0.021373709904502415,1,433.35968327970767
16778,0.025203717641213496,1,429.88449910929575
16779,0.02297573408855792,1,433.2417718333955
16780,0.04349635534136258,1,412.63338097409724
16781,0.06560453630284911,1,289.09395557956634
16782,0.053395107306836255,1,294.92155467110973
16783,0.04619928027639813,1,291.3005554231113
16784,0.0521127445903675,1,353.0429010431402
16785,0.05083920996572673,1,346.9679414303996
16786,0.05116766251436276,1,338.36433047379046
16787,0.050689236485509284,1,353.10258123382846
16788,0.06504964226431834,1,348.1523072276481
16789,0.05457860140889421,1,414.9464555401353
16790,0.04512774887897076,1,409.78385619825235
16791,0.043119562621887195,1,428.3944926300591
16792,0.08396307160029334,1,392.41321813815256
16793,0.07792553755965813,1,416.06520113565796
16794,0.08838409646526621,1,327.14397166743834
16795,0.08280876757247932,1,316.55847993676247
16796,0.14174191954077095,1,159.95450491766331
16797,0.1080122881282588,1,229.22463251752333
16798,0.10730728772949834,1,183.56541272770463
16799,0.06851034745790939,1,393.4758541212304
16800,0.07143577242315831,1,385.2880468247907
16801,0.07062779704580621,1,402.80786835937835
16802,0.05245340309010671,1,413.6983665738822
16803,0.047120757604496515,1,427.36300490822794
16804,0.04421699513759574,1,429.6877504230471
16805,0.03532906171654443,1,433.1297562301638
16806,0.04134689493595946,1,420.302073267672
16807,0.03413161101223564,1,431.89778990741144
16808,0.049010342640790815,1,402.4427316938825
16809,0.0579278995269642,1,417.79003065218257
16810,0.05624408237075026,1,412.36006668454456
16811,0.09641383627285041,1,193.80617787047134
16812,0.07164467343405632,1,304.5980382631498
16813,0.0779073092235371,1,82.87451204943517
16814,0.07681458106485736,1,305.9225498012886
16815,0.09337513120163522,1,351.256857842463
16816,0.10431147643541856,1,261.44042311687554
16817,0.08098880410676987,1,278.7858276178642
16818,0.07470295485462795,1,205.04059109294516
16819,0.0614842700153029,1,386.0416205577893
16820,0.05100095896749619,1,415.6466151800727
16821,0.03997006182227031,1,422.9331716165246
16822,0.05255305149453715,1,387.3299990219174
16823,0.04928815472039172,1,390.9743600273898
16824,0.05408472731945899,1,389.91787930558763
16825,0.0423465352429672,1,416.41575461030874
16826,0.04004224820299439,1,428.046342107975
16827,0.05516805833097118,1,384.90383339623247
16828,0.04539074908101153,1,414.0329635861412
16829,0.04977884538074786,1,393.01141405511544
16830,0.05215674614730551,1,406.8351226500976
16831,0.043760309616356026,1,397.2070266520347
16832,0.05061143608924573,1,403.51897329165934
16833,0.05348745816440832,1,397.90944240262365
16834,0.0683887064949206,1,329.18804200310115
16835,0.07271922425633993,1,342.0780302385481
16836,0.07777032366577862,1,342.60481885124227
16837,0.08732244716173508,1,272.90193031142326
16838,0.12293696303097372,1,266.18762305767893
16839,0.1575459997529287,1,241.65754702292293
16840,0.2066257488070941,1,86.87775719519198
16841,0.19323755060946599,1,86.49453393933129
16842,0.16860791066550435,1,303.66481236354286
16843,0.11427516634734135,1,267.4298587657529
16844,0.20108893296946076,-1,-86.26330413296614
16845,0.15915535323610017,1,312.8405764795233
16846,0.1389617029692382,1,280.821816306487
16847,0.15596199367001898,1,150.47227662482186
16848,0.11839587245159919,1,87.63405757609104
16849,0.11029148451167325,1,291.98547445309686
16850,0.09432096349219299,1,378.2443074567327
16851,0.08714888712628634,1,371.72437486456107
16852,0.1256872456119172,1,281.44656878544515
16853,0.13332123822430808,1,257.9264882979042
16854,0.13926695581445542,1,282.88840559149935
16855,0.1406925769664165,1,135.17192708730863
16856,0.12627057363943564,1,129.2512360022085
16857,0.1548041503925743,-1,-10.143888223051704
16858,0.12524762490497718,1,317.620369748852
16859,0.14893957821694417,1,107.11418651054026
16860,0.09578204246639113,1,290.79113308784315
16861,0.09026244015064265,1,304.7852222189952
16862,0.08369986021409925,1,326.3052630515415
16863,0.16289651464900548,1,125.37163641177511
16864,0.13342159970322048,1,76.63247605500186
16865,0.20648626514454474,1,107.35916718922005
16866,0.17153601313229308,-1,-10.54734850509891
16867,0.1393988543567883,1,164.8527343766039
16868,0.3475204538960682,-1,-4799.695340613473
16869,0.21359152314415103,-1,-123.12984909323347
16870,0.20293086591544357,1,68.96057257078002
16871,0.3121950060670088,-1,-1120.5802565718702
16872,0.348636160832572,-1,-1850.6000003494216
16873,0.2223452214695856,-1,-140.39465992754333
16874,0.24461319396348427,1,52.44812949958043
16875,0.2026832983073057,-1,-26.35408667866443
16876,0.1437253305895355,1,334.72349932382724
16877,0.10746553418888401,1,385.15933370438813
16878,0.09136691596556683,1,300.18747040210735
16879,0.07692302612564418,1,354.03342502957497
16880,0.08938820950545519,1,286.582792963311
16881,0.04615487259621522,1,414.7433473073571
16882,0.06313428301155485,1,392.40565048022927
16883,0.05749077157379701,1,320.2868624435173
16884,0.0735773381176638,1,283.8920362840553
16885,0.05985496377991537,1,358.268866909215
16886,0.06639733654626616,1,367.8669476264426
16887,0.11400965859405122,1,357.1393803787049
16888,0.09967690659055164,1,380.18020175699195
16889,0.12532538360608103,1,322.3009274010046
16890,0.10497684335173621,1,320.29751696152283
16891,0.11334519880706573,1,184.68425429368523
16892,0.10764115292937519,1,296.10688392624803
16893,0.11145305435758801,1,267.1638944467512
16894,0.14218090660129948,1,166.24934074421492
16895,0.10192159826831697,1,353.68045545246525
16896,0.08605895519216401,1,400.6861545432452
16897,0.09698666850530172,1,360.2672024578166
16898,0.08544262693690212,1,353.3185077792823
16899,0.07174631135942218,1,403.0700408772606
16900,0.06938340193021077,1,417.8420436062845
16901,0.08717910408373432,1,378.30992817435333
16902,0.06775139570839579,1,350.1347268451256
16903,0.03859973720133284,1,370.9737426253059
16904,0.02823387835956282,1,411.48639658011894
16905,0.04467753955538869,1,415.6221159465895
16906,0.034845234679391525,1,429.20001795077957
16907,0.04053600897271837,1,428.9709973638403
16908,0.04654149012069781,1,386.14119833127955
16909,0.06568745987175753,1,366.07998566365484
16910,0.12255582029739522,1,193.77177811620433
16911,0.09010082143946645,1,388.38919767800814
16912,0.11229329612402172,1,408.1791247929327
16913,0.14817954230321892,1,376.15330954592116
16914,0.15241800458909602,1,358.01924099116604
16915,0.15110475284485497,1,319.31209927197716
16916,0.12544437073631706,1,329.26997650723354
16917,0.11421955046832825,1,400.58884869607186
16918,0.06333462338683897,1,430.0311781920449
16919,0.03680803012058909,1,436.1681302143964
16920,0.030623711893871867,1,436.6595304024601
16921,0.030970770309392694,1,438.4347219758261
16922,0.03284908246274391,1,435.6956525514977
16923,0.0370751838836244,1,431.41397808500875
16924,0.03028831222033043,1,434.67681154666985
16925,0.038670025437605775,1,430.8400505868138
16926,0.027968325183416624,1,433.5208541198022
16927,0.028922044834300182,1,434.0254532728309
16928,0.029966647315588037,1,433.4472127480764
16929,0.03009099052323113,1,432.85633568406206
16930,0.017400892370845005,1,435.99838203717
16931,0.05053039465074899,1,427.0669933320047
16932,0.052046708692666456,1,361.0714289203438
16933,0.06355347867027193,1,336.6497534315473
16934,0.039308364852886135,1,421.0499230529449
16935,0.048253829110644804,1,429.1748174716503
16936,0.08411729378292085,1,329.407842360177
16937,0.08899849593917301,1,311.6702067958713
16938,0.09652160824306517,1,212.48821540575094
16939,0.12941164012847703,1,249.82344675696987
16940,0.08552401249966303,1,277.16190978471155
16941,0.11887895064056332,1,178.44365526222526
16942,0.09198077060673285,1,341.8690404048738
16943,0.07441344996322628,1,382.2313813257171
16944,0.061828928321442635,1,387.5702018064662
16945,0.05680730562848159,1,401.7604339620511
16946,0.05278363017503223,1,412.75639081193253
16947,0.08208990379016638,1,375.16963574467064
16948,0.09386573546553419,1,345.13816540580615
16949,0.07475937213226391,1,392.80992757462855
16950,0.06031558260289632,1,403.24131144724083
16951,0.05499644352126417,1,421.1632912937416
16952,0.11267924792049051,1,360.8044277558716
16953,0.10981826923375157,1,371.597695775344
16954,0.12552822866617805,1,344.07333242861165
16955,0.07875229243614877,1,393.40043281260563
16956,0.06899607463050053,1,427.48768287462445
16957,0.04074404563070528,1,433.4905806939611
16958,0.04298746056778811,1,432.35288578166075
16959,0.03235365162110538,1,428.83391261899703
16960,0.08306811010421396,1,277.2340821756653
16961,0.0945279506989611,1,354.54926956275233
16962,0.08047997424121509,1,267.82665253619336
16963,0.06774207001106189,1,415.66740261909143
16964,0.08457496153781631,1,220.8098975414643
16965,0.09372294813734032,-1,-28.704346226321377
16966,0.1061932293132977,-1,-63.35052840453557
16967,0.114209932251552,1,201.3647992624082
16968,0.10296807157086953,1,327.0038095785702
16969,0.06349128520191556,1,414.679126442979
16970,0.07980732330221103,1,394.70752005879905
16971,0.07514860879523275,1,369.7010542650432
16972,0.05390416910843795,1,420.61762712553013
16973,0.04664429469055448,1,410.78395982046214
16974,0.06068865575395729,1,404.1111530641013
16975,0.06689551940137166,1,401.7772461904775
16976,0.07429114537745715,1,413.6182511849603
16977,0.05121089348526475,1,424.5902509016609
16978,0.09683899474108022,1,370.8582088816979
16979,0.09948763183137395,1,355.7491704228389
16980,0.06243977106979205,1,416.2998962647489
16981,0.03334904840873599,1,426.5261409107149
16982,0.05464215554783842,1,413.31230739953435
16983,0.06437992284674664,1,404.1788401243794
16984,0.07910919914042443,1,380.67497325292794
16985,0.06469509950906668,1,409.24734283769897
16986,0.07295865348058314,1,401.1842694277139
16987,0.09064487443622422,1,389.93723006595775
16988,0.10663470502258598,1,404.3460495469001
16989,0.11987299867675501,1,392.2361742964447
16990,0.1586829236900198,1,342.0813348350365
16991,0.1568490654881385,1,228.83381807857432
16992,0.12987082014310833,1,312.0882488597605
16993,0.10347313052830112,1,347.3768063390691
16994,0.08961518010242478,1,412.0019254535068
16995,0.08449340640179513,1,419.26499032913085
16996,0.0530322738327477,1,430.27603130576057
16997,0.09972769868728892,1,305.590224846967
16998,0.10565607948540545,1,283.19331334689133
16999,0.3933390063819157,-1,-8565.744416631078
17000,0.24009544567124538,-1,-1768.734555148361
17001,0.2834642561991301,-1,-945.6776675530507
17002,0.21706675512580897,1,125.8438414829431
17003,0.17815062216025018,1,151.7329299603884
17004,0.16832380062237262,-1,-176.8585593501242
17005,0.24548453319919836,-1,-57.751484732245615
17006,0.2274428365156272,-1,-93.09793515646948
17007,0.37692019419575157,-1,-1974.3507880341747
17008,0.18496451433365735,1,83.64063744520223
17009,0.17129708254708254,1,61.288385919330665
17010,0.14443608541211161,1,197.29981913443316
17011,0.12580218575227844,1,259.2912691005981
17012,0.1229747076681867,1,317.17318801472385
17013,0.10071893459743908,1,295.37793192857544
17014,0.08976152134459782,1,346.41165980216834
17015,0.08129342535139175,1,379.7770723551256
17016,0.07016007459537564,1,414.4949752587791
17017,0.08344228872919494,1,400.0220327398835
17018,0.05518334342451201,1,418.59822265053486
17019,0.08741253855885975,1,380.8917071303922
17020,0.06941304302085086,1,425.1674884319894
17021,0.1068785876648993,1,352.941919883376
17022,0.11263070638939017,1,367.745483763691
17023,0.17361748383827205,1,229.0351899395217
17024,0.18330172123078783,1,196.84450290306063
17025,0.20432898447033296,-1,-187.16538060747234
17026,0.23014608694415692,-1,-297.0836903752894
17027,0.1963678346045901,-1,-64.1614231192051
17028,0.19922082886095166,-1,-78.83252376573057
17029,0.19654087956920782,-1,-12.006931427582288
17030,0.1838454162466272,-1,-2.651570990274365
17031,0.12363609960725748,1,291.70787133686827
17032,0.09986438113638782,1,392.8099137351581
17033,0.09444990128229849,1,375.62547374796196
17034,0.08535239341845222,1,376.86239067496535
17035,0.08516918517257409,1,324.1643938283763
17036,0.10620320903732221,1,312.38401841047687
17037,0.15883355138234254,1,197.55252030970456
17038,0.22565985564856486,-1,-791.06905394877
17039,0.10568910173473288,1,184.47815920986355
17040,0.11041426837246938,1,80.12827889412608
17041,0.09259653892418533,1,182.50748836854865
17042,0.08833543872210406,1,338.0917263198861
17043,0.1152889695488425,1,79.27198118831228
17044,0.07609665314708372,1,375.2340169634972
17045,0.06615067023041557,1,412.1765752487862
17046,0.14839037329006013,1,246.9856723932176
17047,0.09414493267633166,1,363.39078590512
17048,0.1458143608093388,-1,-73.21935975562906
17049,0.11729380332532004,1,281.13957601158177
17050,0.12651555536163117,1,223.23778144791407
17051,0.1127656470088541,1,135.40394296480775
17052,0.12475246283547585,1,155.44808938583873
17053,0.14513681560123465,-1,-23.916597938253744
17054,0.1247121290036856,1,190.75411251417265
17055,0.07129026755467865,1,399.6653858089961
17056,0.07098583140911091,1,351.4136443369573
17057,0.045360638305488,1,430.54738197186174
17058,0.06106188527303543,1,421.9105722443145
17059,0.09783514917733324,1,291.6892890069181
17060,0.09523418299204167,1,188.9761808827772
17061,0.0810588105323969,1,376.4612319754064
17062,0.06349038467109959,1,420.31183358872187
17063,0.07996646369773881,1,352.33516391416765
17064,0.10145586463706366,1,255.0275261043123
17065,0.08682438340325416,1,307.2490995095948
17066,0.09022456205845979,1,309.8002572250998
17067,0.07973284744536062,1,324.1090535374653
17068,0.061156047579348775,1,399.1223598896459
17069,0.08359032230939079,1,314.0162851017411
17070,0.10277946026968603,1,338.49564747220984
17071,0.1064449966894224,1,312.9247511623479
17072,0.06522544794378778,1,380.1064056915915
17073,0.07491514918824452,1,400.18947984189964
17074,0.08752012129666456,1,383.6745984599468
17075,0.06884904552914588,1,401.35989442252753
17076,0.06391111547361958,1,404.3937515530713
17077,0.043085732562207386,1,428.8472430213106
17078,0.03547975274845918,1,427.00238562950494
17079,0.02822772377747913,1,420.79865863303377
17080,0.028397641938837506,1,408.46100652790125
17081,0.03186152136637432,1,421.8974995225794
17082,0.0230084919919565,1,419.6189743751003
17083,0.018034511771192,1,432.3739977661353
17084,0.03302909838660241,1,435.41912955508445
17085,0.030463049639717417,1,430.552562972695
17086,0.03229424235090378,1,431.53086003626686
17087,0.03155009536458525,1,432.85776110271433
17088,0.02495766828384386,1,426.8627140131076
17089,0.02626150930118117,1,420.9999262026417
17090,0.036997062942425954,1,426.6358996725049
17091,0.05657176509390972,1,420.5709439809322
17092,0.08612393197703226,1,346.3879931142779
17093,0.0414288802295203,1,417.88342749556915
17094,0.06010626805782943,1,418.023466168582
17095,0.1304079549513369,1,334.21102513046594
17096,0.19664881079640256,-1,-68.58364670279661
17097,0.21875666933145757,-1,-153.33881538077696
17098,0.13751425686748628,1,162.3517858998149
17099,0.10088494955245822,1,396.8648778320546
17100,0.12449062818976268,1,341.9136304791123
17101,0.1371126210673482,1,240.5480393405851
17102,0.12866645132784443,1,225.27307231281796
17103,0.14403580387708306,1,160.28954767688577
17104,0.05479284496350128,1,413.3412140615213
17105,0.05254615153210994,1,386.6946299608111
17106,0.054548705070082026,1,412.90560624251344
17107,0.09048286178282326,1,339.0485683176082
17108,0.07360214931334212,1,407.37991875304857
17109,0.07380409302131904,1,420.1582290463517
17110,0.07551971492148013,1,416.86083394325175
17111,0.09760392686493594,1,349.96882049981537
17112,0.11126568137673677,1,387.2593459133576
17113,0.12007227252144367,1,345.0430789415361
17114,0.12363627785826,1,302.87231793573017
17115,0.15243152083892347,1,252.48801393028006
17116,0.14509309108345494,1,271.8500239471879
17117,0.11548710295817712,1,254.09087117820818
17118,0.10702751559656219,1,331.8237795661787
17119,0.20596362780036187,1,265.68743079903675
17120,0.20107308607684263,1,246.80318917123356
17121,0.11732798645313716,1,372.9611578176088
17122,0.1184864230228807,1,368.9637271827368
17123,0.11882015008918359,1,279.1985971550174
17124,0.11290139385674522,1,365.9490626078794
17125,0.12881628776933007,1,346.4997526591834
17126,0.10919679982715887,1,326.49017531691186
17127,0.11048864158263531,1,247.58486497759463
17128,0.09691037082300971,1,407.0987547474694
17129,0.05497254178264046,1,421.22117164813017
17130,0.0774122453109799,1,406.86594770452876
17131,0.047527465593755584,1,435.44764819999284
17132,0.0715572691881162,1,413.2213651820406
17133,0.08042492648799333,1,419.06052047750416
17134,0.07197360200487987,1,398.4005979581787
17135,0.10560791161989593,1,322.9576779055251
17136,0.1621764241654948,1,163.32106840870455
17137,0.13063645136630136,1,241.1316242253484
17138,0.2502814341100913,-1,-156.1246434268694
17139,0.42095302980666205,-1,-1461.246351535019
17140,0.2912529132676136,-1,-145.73201778004307
17141,0.2048507584237845,1,174.0490781887525
17142,0.1253678377070923,1,256.49738670912177
17143,0.15558058008665607,1,379.5473259047874
17144,0.14350503022822883,1,376.5593737945994
17145,0.11701287084427792,1,273.10560549341716
17146,0.1030853922729967,1,348.62945290978735
17147,0.14687728872812045,1,102.51001077835588
17148,0.12008061672889266,1,187.30772149920136
17149,0.13007571506435736,1,299.62675494445034
17150,0.110983524076003,1,330.34331168528195
17151,0.10921641950065361,1,348.15613492044133
17152,0.06884606799904856,1,406.09615558200954
17153,0.06437637170859549,1,414.40611886429105
17154,0.07511939581650247,1,388.7090916196123
17155,0.10265735852227512,1,401.5528814821065
17156,0.2176458793364388,1,90.97146215692646
17157,0.2790170138178308,-1,-369.7885637413382
17158,1.0075276230317722,-1,-55577.00081140063
17159,1.328982060850494,-1,-145105.12244171268
17160,2.4289421064039565,-1,-530569.2723451182
17161,1.4000662134835058,-1,-73086.9232818305
17162,1.4288229646952348,-1,-63493.90674890816
17163,1.3801806043309774,-1,-75792.2496613854
17164,1.2966375314011043,-1,-75491.4032574907
17165,1.0754671432589795,-1,-21597.33019852276
17166,0.9905939281040617,-1,-18827.613325829905
17167,1.0911554245256083,-1,-24514.658673478007
17168,0.6821110120879211,-1,-16831.221530138908
17169,0.07626160895394549,1,298.7470417026687
17170,0.06296327591717792,1,405.3621741441096
17171,0.06661977086581893,1,419.38384993842794
17172,0.09112555656116204,1,413.1705696431541
17173,0.10352027968150558,1,382.5061249111635
17174,0.07750370755186387,1,405.55683119576634
17175,0.10002390112831591,1,396.1426282609817
17176,0.08149335594563033,1,421.06045813379654
17177,0.07369520983381306,1,422.16555350413984
17178,0.06414653531293964,1,422.9827282805659
17179,0.061473433794454795,1,426.9197991941156
17180,0.07653161007707168,1,369.1893139696769
17181,0.081571194869988,1,379.03610626866947
17182,0.08372429693663457,1,403.8770917668545
17183,0.0878268107311825,1,404.164513508538
17184,0.0718896250444061,1,404.7658693488639
17185,0.06223545628528259,1,424.44255546390303
17186,0.06297777594144897,1,408.20529542666463
17187,0.06446739775735551,1,396.3237598332261
17188,0.08351697461460328,1,350.9500806641449
17189,0.046405506202123234,1,426.31839541762304
17190,0.04543470447365265,1,429.3944796778909
17191,0.08623377486613316,1,388.06470896995097
17192,0.1484934165358747,1,248.47825008192385
17193,0.12865900796945462,1,315.022920251976
17194,0.14385075981744008,1,283.3742262577623
17195,0.13594534666507457,1,278.97832914262375
17196,0.07676045376906905,1,402.614157854173
17197,0.13991389084845002,1,322.28748136154576
17198,0.13191479697023062,1,328.5215789801795
17199,0.15026026243846755,1,247.2961606254705
17200,0.09647340009080799,1,371.30583916936104
17201,0.11449848662706959,1,211.86289328940484
17202,0.22907973256380146,-1,-38.97856928136588
17203,0.14910174597960565,-1,-139.74223458417418
17204,0.20005299219227268,1,219.74472476913277
17205,0.1758313926320505,1,244.06836919965426
17206,0.1557527068238432,1,305.27157698291757
17207,0.21473378265556126,1,211.99033662653764
17208,0.18467971895081803,1,319.4316767586384
17209,0.18255326937164074,1,331.2141106736912
17210,0.16233319281731284,1,308.2032594952675
17211,0.14215336939669135,1,349.350430138763
17212,0.12556040549322803,1,365.7573756028464
17213,0.09406382394161843,1,385.08004535797136
17214,0.10221271089652408,1,383.7621537760475
17215,0.10162299662544184,1,294.6687795417746
17216,0.05702342058900945,1,426.4444991479205
17217,0.05369762961115092,1,427.83976956165645
17218,0.09224275085340461,1,388.5926858563881
17219,0.10428512541946043,1,330.69501967372025
17220,0.14432008423583717,-1,-43.82393392188982
17221,0.15373549159447691,1,226.8531134822798
17222,0.1765841714764272,1,203.9903961727293
17223,0.22465301156884962,1,91.30516279264327
17224,0.21555906776582598,1,90.8422702532049
17225,0.3674416506899963,-1,-1471.1736175044707
17226,0.17364141828266416,1,294.8529664306167
17227,0.08839382870286867,1,367.53843634171795
17228,0.08202446129023624,1,375.265452673618
17229,0.11240412458566822,1,89.03448414063541
17230,0.09894010758963522,1,275.56001396885756
17231,0.15112010521455546,1,165.83965626162757
17232,0.16428019891334175,1,112.8064647680277
17233,0.1530635665232498,1,154.34110925010532
17234,0.10084473832343213,1,189.48522132657965
17235,0.07990219488947817,1,175.43763674387304
17236,0.07480413344634229,1,400.2456454631701
17237,0.05696726708188747,1,408.1496189493515
17238,0.09492561609874241,1,311.60183298841037
17239,0.07985657743329,1,307.6738765878941
17240,0.10937904841320845,1,253.18362813770898
17241,0.10993310393205456,1,265.2002072214576
17242,0.1017959843494944,1,249.58054410558967
17243,0.10503857008441472,1,370.8962875641562
17244,0.1279390552043425,-1,-357.1323018488456
17245,0.14503562635508635,1,244.3900821618068
17246,0.16574506722304358,1,193.2948163742506
17247,0.1591074427124601,1,23.81583137018532
17248,0.15359095936026027,1,259.6073064249383
17249,0.14255753670984014,1,185.451304117856
17250,0.13335822791493993,1,288.2175238148155
17251,0.15898751873639785,1,334.32881446631967
17252,0.1711341954023197,1,263.47219053251115
17253,0.12793586395018314,1,337.48603419233314
17254,0.11646996167840248,1,370.96253296622376
17255,0.19997471404918152,1,255.23759450569315
17256,0.16493368439034897,1,314.34088005668707
17257,0.11137340450718962,1,381.407100556008
17258,0.11770461778404598,1,373.42684599957556
17259,0.0942168249423968,1,380.4379128830884
17260,0.08896338641952121,1,353.1947578284854
17261,0.09732001425336352,1,390.7034623585678
17262,0.0821310423653934,1,314.5452152644433
17263,0.0794788589384491,1,326.82696621403136
17264,0.07090279927037436,1,371.5475483337888
17265,0.05301072324656971,1,404.8988407008786
17266,0.11640040327635047,1,310.4574846333585
17267,0.09083961429882643,1,378.741195601214
17268,0.1539175994141126,1,129.5452188336845
17269,0.3723638454087305,-1,-6087.283823969119
17270,0.24596371299628758,-1,-1399.7137569604688
17271,0.26312928848648776,-1,-870.8164090900689
17272,0.19804786985183534,-1,-94.09130762760856
17273,0.14307674547993401,1,144.7810721132425
17274,0.18985974059297736,1,238.71231610783624
17275,0.23484439092244264,1,211.874643631045
17276,0.23618568660346062,1,159.42813527141942
17277,0.2676967897861599,1,30.329562568746212
17278,0.2695772687704048,-1,-15.612366869165498
17279,0.13039065763132504,1,342.0100225656412
17280,0.11644045257369716,1,277.7135023709014
17281,0.11535861938661955,1,274.09641627503754
17282,0.08894965251648615,1,261.35206565581296
17283,0.1260595014584814,1,188.21907139199482
17284,0.14560279932429832,1,287.69237026669015
17285,0.14503549189952009,1,261.9873815716648
17286,0.1341717309686587,1,389.7715568029206
17287,0.10595709457959909,1,362.62469089623534
17288,0.12622742983012333,1,324.63710629429033
17289,0.13734982716494942,1,257.67425584612937
17290,0.09106837032520032,1,387.797928309183
17291,0.14835182303397879,1,209.67057020220196
17292,0.13543358888371548,1,174.3289068215053
17293,0.21514672494960424,1,73.03267182175722
17294,0.22437742794749388,1,201.4212899441517
17295,0.19598863005070113,1,186.5100433826418
17296,0.1951490303042785,1,252.2535178718972
17297,0.26279352541289114,-1,-97.06832954648667
17298,0.21212000662377734,1,192.16057780592615
17299,0.40389829566702967,-1,-735.5053415134121
17300,0.4345480916220804,-1,-1970.3306835204546
17301,0.911524645861251,-1,-29294.618060744426
17302,0.6319911064537546,-1,-14279.088804593779
17303,0.6863596356301119,-1,-20169.993312039092
17304,0.5440955785062129,-1,-6317.710820884855
17305,0.21222183331298097,1,65.83255702437197
17306,0.3647256063370998,-1,-3125.3831841475103
17307,0.11258375975103284,1,365.14357471872995
17308,0.11689602891017528,1,361.53037186620406
17309,0.13846464521129476,1,273.0160880324378
17310,0.10471766951634362,1,350.3611653319253
17311,0.10417729834386992,1,331.97997927242733
17312,0.10329594000332812,1,215.1743074655794
17313,0.12448004505049856,1,149.3055055204985
17314,0.10934525949624133,1,157.27013763421536
17315,0.21899718986370484,1,256.36887633282623
17316,0.16285059125060905,1,218.18824748418965
17317,0.2231188096511063,1,188.73658532145015
17318,0.21078285593275312,1,52.25606499243753
17319,0.1879915363191396,1,160.4957953667003
17320,0.26941022858741376,1,81.54513619711196
17321,0.2711126937219982,1,66.37691237053605
17322,0.34632502099923307,-1,-96.0007090390643
17323,0.3969603494205572,-1,-386.5023797932647
17324,0.3113022430135929,1,1.728921800068349
17325,0.31047582419577946,1,80.14905449431109
17326,0.340208714817026,1,30.17041809996988
17327,0.32795025337354083,-1,-1285.8546909911006
17328,0.4225176747684353,-1,-941.2691739079628
17329,0.34512829087480934,-1,-540.3564839183636
17330,0.27300772421365965,-1,-15.995013440886623
17331,0.2696154577551158,1,72.723066493619
17332,0.2554184211722731,-1,-492.54507828517114
17333,0.18964377155383697,1,287.5438619770939
17334,0.30417365580894185,-1,-420.07663387902016
17335,0.27178535362019024,-1,-23.46209423329816
17336,0.22546316756986645,1,97.71583950948207
17337,0.20778155180319516,1,202.7423897867008
17338,0.14983973201887188,1,218.51825363712257
17339,0.1573284303497589,1,178.07103180564883
17340,0.1382134277342159,1,249.06847682901673
17341,0.11397311801770818,1,308.94478676582685
17342,0.08738744448599131,1,379.431080053581
17343,0.055974763493091,1,384.13952439168816
17344,0.05227575087362636,1,416.574745698397
17345,0.09543994940186054,1,346.59152026764093
17346,0.08348762050683974,1,382.7629826955688
17347,0.07631154490899654,1,418.31144820980245
17348,0.09685215395273325,1,313.7817906052496
17349,0.1748168737262989,1,224.17294571454363
17350,0.19942044182329116,-1,-68.27479500677293
17351,0.20722030263288668,1,10.566444181388363
17352,0.32039307120721716,-1,-254.29936365596882
17353,0.36979560417015167,-1,-1760.1373691976175
17354,0.3090737217716949,1,15.529919565260172
17355,0.45199426595181424,-1,-889.3657060000071
17356,0.5012819622222447,-1,-882.2710417499998
17357,0.42992603974315674,-1,-1237.8630901376423
17358,0.40445725674130456,-1,-573.2071965856867
17359,0.1894644219115293,1,142.79236107082386
17360,0.1710563065812425,1,253.58623297543846
17361,0.16530990522881409,1,330.195987079765
17362,0.05207685013728843,1,425.595972363674
17363,0.06079236173320728,1,421.26591283839826
17364,0.07098500222722115,1,407.0446604072463
17365,0.06011672704751265,1,415.38401258367315
17366,0.09188354440147319,1,353.36319329969183
17367,0.12481688513572142,1,386.9722951623335
17368,0.13142373937907667,1,344.08651993583396
17369,0.10613102072149856,1,384.0865351111421
17370,0.09076884728286239,1,349.969478776754
17371,0.11881524022746569,1,294.60389032701175
17372,0.12026359088630868,1,354.6477889886052
17373,0.07426386717057425,1,400.12149459256796
17374,0.07248590041673857,1,411.7267157807671
17375,0.16895684897622912,1,264.92366573595973
17376,0.2771687679294837,-1,-7336.550612389814
17377,0.4479727917323232,-1,-13632.067314044534
17378,0.4591470469641083,-1,-20558.881224062465
17379,0.5041152257739565,-1,-29589.243355879044
17380,0.4983613772013378,-1,-28343.30075446274
17381,0.4699911503533803,-1,-27450.236888199866
17382,0.40136227614176306,-1,-16691.735954873
17383,0.4348500965478054,-1,-17131.05906672164
17384,0.3691043520546682,-1,-3614.495485385957
17385,0.1337822647612099,1,310.13481573391
17386,0.12477168422152417,1,335.40641002169355
17387,0.09843496522958706,1,351.1130899350004
17388,0.11364883369671734,1,360.9214322997583
17389,0.04036099735889292,1,412.48331302933667
17390,0.041729392809743734,1,408.31222752680645
17391,0.05577963450937367,1,418.9988294876965
17392,0.06309023607976817,1,423.5524083613722
17393,0.0494887140897826,1,433.49041261569573
17394,0.07623996893771119,1,408.05717256004243
17395,0.08715342064658553,1,381.54335838223466
17396,0.1245516819692917,1,275.41912626619444
17397,0.10505454077617425,1,330.2323496091766
17398,0.11030203711608777,1,315.4745177683095
17399,0.15782543308384217,1,0.9276899721389213
17400,0.1574824130318674,1,110.62414607488785
17401,0.2166548014815075,1,193.35617058197872
17402,0.1863021992103014,1,311.07828367060165
17403,0.19878058718980543,1,209.29134805459964
17404,0.1657875183096317,1,117.07610773052352
17405,0.15953619194074029,1,131.83026117952147
17406,0.1342540664774884,1,238.14871208415556
17407,0.10898105233583706,1,348.4263503334144
17408,0.10755187781370634,1,334.8098865672222
17409,0.07649812979976921,1,402.80004879966197
17410,0.06472930845019063,1,412.0959827353071
17411,0.05478691686293772,1,402.91967715928524
17412,0.05761752753763523,1,404.4803798092995
17413,0.053495583829584574,1,420.7812729624128
17414,0.04691899982532176,1,422.87525642629964
17415,0.04544631177983706,1,429.58760455410396
17416,0.03974264127510911,1,433.51680615695
17417,0.04979745595590285,1,434.5385884136085
17418,0.15909292742314743,1,207.4952045152355
17419,0.17500058640554464,-1,-1.7738417320452982
17420,0.3905965754176372,-1,-2065.6665871060095
17421,0.33118219502498086,-1,-1203.9839744000556
17422,0.13531168469132274,1,277.4200851409655
17423,0.1678507152012997,1,279.00512001449647
17424,0.23866387560818464,1,79.77848071434101
17425,0.26338667508611946,1,134.20783790736488
17426,0.21401567951595893,-1,-36.01118967083801
17427,0.16289571364745334,1,257.7991691031194
17428,0.13615185837246177,1,289.1791848638299
17429,0.11956507853593092,1,302.6854716353057
17430,0.10537284452907396,1,399.29901896574046
17431,0.15612247600329712,1,208.33802833081813
17432,0.12789845792199675,1,330.6886340541796
17433,0.10848073512217024,1,324.66429535856764
17434,0.08514466582625461,1,383.11996725134543
17435,0.08268712422243289,1,385.8769018708863
17436,0.09653410003734463,1,388.42059233102975
17437,0.08966401783921708,1,260.0139034789095
17438,0.09170745612048867,1,340.6770161662614
17439,0.09845325574399323,1,331.9467795998893
17440,0.1059590972988252,1,316.86046255574763
17441,0.22422233585734788,-1,-406.8102254161033
17442,0.1856380720770267,-1,-411.9990418390272
17443,0.268105939575532,-1,-420.6026840057011
17444,0.2501585254623088,-1,-158.9762058054538
17445,0.27583444750197395,-1,-104.31914962396797
17446,0.2356383197706507,-1,-23.826228423516056
17447,0.22088463699726882,-1,-200.3223934766296
17448,0.3063648929890756,-1,-19.587997763773558
17449,0.18900588494783205,1,202.57120249937674
17450,0.1750523492869623,1,310.34543695399867
17451,0.1581839637507914,1,286.3486644154618
17452,0.18162988959974632,1,272.0936874409384
17453,0.18912893789615529,1,331.7110555411869
17454,0.06687655675284487,1,416.447088144135
17455,0.052668517286069645,1,420.338469616358
17456,0.06710603322902384,1,414.89458164504947
17457,0.05814914906502315,1,428.882210666365
17458,0.07591520682287621,1,405.46359448559673
17459,0.08446648654664882,1,391.1061503624963
17460,0.08399822510257134,1,414.7430907420071
17461,0.050378233808828596,1,424.9465622656923
17462,0.06626909474789769,1,429.4474929522309
17463,0.0761146916433256,1,424.4040946413784
17464,0.07262940033599796,1,425.2299781498893
17465,0.11089203209601993,1,402.42667167515197
17466,0.16221320675867018,1,325.19116806889485
17467,0.13659403434554923,1,327.17183908113685
17468,0.12855429464851534,1,294.642506436469
17469,0.17232288293141362,1,210.4009329021754
17470,0.14597597091167808,1,286.6272273601562
17471,0.17279711036929227,1,233.5265910227758
17472,0.10955535066953427,1,341.10178356194973
17473,0.08704051223023394,1,384.77035578667875
17474,0.12961535284058393,1,364.18713674363084
17475,0.028843084922628336,1,433.4695590138864
17476,0.04375378685490315,1,430.34625650872573
17477,0.07225060702047335,1,420.57532972809895
17478,0.06951474806526793,1,409.59477455099733
17479,0.06450132368966456,1,412.6419164932055
17480,0.08939703783921435,1,400.5998993806362
17481,0.110621825282491,1,354.53859618718417
17482,0.09217825800739277,1,380.00389828900376
17483,0.09060154184550576,1,408.6315051120446
17484,0.19702583988664638,1,101.23565564807797
17485,0.39963458577593397,-1,-3891.3182483663604
17486,0.314480875556892,-1,-2395.5561453045984
17487,0.32462996098482205,-1,-3536.364041523014
17488,0.3457264798765399,-1,-3166.6082292656656
17489,0.26887229558918685,-1,-1762.548169178375
17490,0.18871735594473243,-1,-427.4329414344181
17491,0.23248305912696163,-1,-999.5043541526118
17492,0.2569290299458361,-1,-1860.3987637443986
17493,0.11178976779133584,1,380.3309208155603
17494,0.046542084968417156,1,403.346782254636
17495,0.04236586205425258,1,408.8108071695359
17496,0.04249235713041941,1,426.67512643725763
17497,0.037145433771515746,1,431.6878955085383
17498,0.032293706836128894,1,427.9130894216466
17499,0.03050979755543067,1,428.4224770366889
17500,0.05557269422856338,1,423.255952766675
17501,0.06775988621284072,1,428.05054397355053
17502,0.0646555465818312,1,420.9038609571783
17503,0.04965671580084137,1,431.6519553334441
17504,0.06480688304317402,1,399.52979316166187
17505,0.060906548043119915,1,394.3943724957413
17506,0.08413846809157288,1,365.1974684939422
17507,0.0745972155201312,1,401.70669997502745
17508,0.09066826619098074,1,384.9335139486657
17509,0.07048285450510952,1,408.19627342028326
17510,0.09536217008886758,1,369.823764656854
17511,0.12260131734415795,1,324.25226744272237
17512,0.1379171001367168,1,272.9324869117137
17513,0.08315199559536114,1,398.7265249192208
17514,0.12348174692943348,1,309.5452199468093
17515,0.0746752366580461,1,413.216527744816
17516,0.11434626970220164,1,368.69089749888985
17517,0.08881366448755455,1,342.793285396599
17518,0.08681900933918515,1,392.5786656679601
17519,0.13144329002153912,1,383.2593913712883
17520,0.11616785076989666,1,373.68756207234355
17521,0.1053918549615083,1,329.2455897778262
17522,0.1136056408063433,1,400.1373757818192
17523,0.1493885293918589,1,309.4804993248664
17524,0.1457047025029309,1,374.13897697955065
17525,0.15385441753094078,1,333.4359376623618
17526,0.06581301210162067,1,414.47556956358073
17527,0.07372611169717357,1,417.5712826571158
17528,0.05801900538126502,1,418.9167860706561
17529,0.04562900405727059,1,428.2815256179075
17530,0.09803409962255491,1,363.7944110705904
17531,0.10625806102040489,1,328.5464138691648
17532,0.0681459770605336,1,410.1397420217428
17533,0.06581196849926847,1,425.3323100400037
17534,0.06930167882294049,1,409.3740514525962
17535,0.04298115573086938,1,428.12276715655366
17536,0.048481696918427054,1,430.6101459485363
17537,0.04499346096478389,1,427.1773890233449
17538,0.042563351874062204,1,430.9646840469417
17539,0.04792693589450376,1,429.91196608199
17540,0.06044692120653729,1,430.20326815637907
17541,0.07346685697201442,1,418.2630782998364
17542,0.09645266936953319,1,376.58160395812877
17543,0.16952172851999067,1,225.0432407332649
17544,0.1769921321311674,1,159.89767758485954
17545,0.09872387124985704,1,405.3869681024927
17546,0.13369524867816743,1,336.65693443375403
17547,0.13464439308712908,1,350.9089887038987
17548,0.10667938229255869,1,337.3210860320224
17549,0.09381987158675824,1,409.96441755362656
17550,0.102062218974449,1,411.79715241045176
17551,0.08788985510370552,1,379.4282257485471
17552,0.12899253559880594,1,338.36285719603313
17553,0.12940086040149018,1,293.7253155844519
17554,0.11228870953859306,1,364.3538217320951
17555,0.13318375424872997,1,348.61913802069455
17556,0.116204899859975,1,374.2104525534141
17557,0.06799301920356923,1,429.5489484558187
17558,0.07768504558665061,1,419.3012593297069
17559,0.04930430612343069,1,434.306778829425
17560,0.05903751704645993,1,426.71488154293127
17561,0.03995297523554096,1,433.6981840540953
17562,0.05087747050071028,1,433.636496038138
17563,0.04859971797292529,1,435.8411506251806
17564,0.16406718296158376,1,165.55478108021447
17565,0.1888334111437001,1,5.372964899342662
17566,0.11626522852291378,1,287.8198233902153
17567,0.1394987259481925,1,207.28605793863343
17568,0.09784808850636477,1,337.91959199147755
17569,0.04090978093850029,1,434.0969244448377
17570,0.11164428082768287,1,294.56141034817995
17571,0.030073090139087932,1,435.88875924653695
17572,0.10400600580799149,1,314.64252173225714
17573,0.03210342036637477,1,431.70806526710317
17574,0.06078565609906629,1,410.4459772259473
17575,0.07199808360275305,1,406.1927843174651
17576,0.037620726392578956,1,432.4689648071468
17577,0.0393157508479667,1,433.3501028239933
17578,0.0479442375992523,1,426.2298930209336
17579,0.06241195867954669,1,406.41150020997065
17580,0.05402458700541145,1,411.82834363368204
17581,0.07177513666460908,1,380.42277857972806
17582,0.06723080539120108,1,414.8445883578218
17583,0.05721718775797165,1,419.2781550853802
17584,0.0535410856010803,1,424.83972029770564
17585,0.04303242125810604,1,428.78256814467824
17586,0.057775009446636764,1,414.5172826571877
17587,0.059356983402340635,1,410.95185628765444
17588,0.04277416152830908,1,426.1147592829808
17589,0.02783270818786359,1,433.5566735978303
17590,0.021204402419495942,1,435.1650100364809
17591,0.013654563642552032,1,437.5184338151164
17592,0.00866683326365066,1,437.2911889672557
17593,0.012290259369337957,1,437.3830591448776
17594,0.012374390085170744,1,437.83896655659447
17595,0.01867547658840012,1,437.31207430227767
17596,0.013158590806246147,1,437.4257016668339
17597,0.012069642674894642,1,437.7052655040434
17598,0.01623138972089718,1,436.95155933529236
17599,0.04380453371107925,1,427.57774031550497
17600,0.0454074844459255,1,426.68458373949983
17601,0.0803250117557504,1,382.09396324227873
17602,0.14267644059969584,1,77.63942895052497
17603,0.14954467593368406,1,40.173755687268056
17604,0.18414257526694372,-1,-87.4566493321903
17605,0.14642771606352525,-1,-18.772077318107335
17606,0.10034586183762488,1,329.7582352589187
17607,0.08530791262079583,1,355.3862342255163
17608,0.1254005918250697,1,344.16738508439397
17609,0.07651230290438303,1,405.75292802592054
17610,0.0872570863728053,1,394.0718591601022
17611,0.08461854808444495,1,401.75403790478504
17612,0.06427030723236808,1,421.7202684095636
17613,0.07116336784405626,1,425.127111677521
17614,0.06387677269074048,1,407.08065237486295
17615,0.06969365937463477,1,416.76028934770324
17616,0.06716254555712274,1,425.01162277784914
17617,0.06662928094899442,1,415.28831316226496
17618,0.09048681781535399,1,401.7240914154155
17619,0.0822300141739748,1,410.77238324396404
17620,0.10933125963842409,1,383.26677441050856
17621,0.07745070496895468,1,414.0804248664093
17622,0.06928949241983237,1,426.892873427658
17623,0.05945046523450222,1,427.4782377228396
17624,0.09073081675731241,1,417.72252556830745
17625,0.07974802511211125,1,407.7000694075942
17626,0.04421254569781424,1,432.40282957851485
17627,0.044475795349140194,1,429.80617049465985
17628,0.0366467751002026,1,430.85622978449874
17629,0.04223195135834127,1,429.68231741008924
17630,0.04434347118436559,1,428.4418916083441
17631,0.041546225425272316,1,424.72143437035777
17632,0.06041296228573522,1,407.524980179138
17633,0.04869399934420604,1,423.32618227769115
17634,0.04213716861642785,1,429.44556155620523
17635,0.039214876906858036,1,432.62096602484525
17636,0.037608922546726695,1,430.1838974564925
17637,0.03896232270310137,1,430.00533658327555
17638,0.03592438084800987,1,431.1085723904298
17639,0.031198310900025467,1,432.7539443784466
17640,0.02244535247053544,1,436.60971024439397
17641,0.03149046277119378,1,433.7786136065603
17642,0.023324050305558997,1,437.6993825009739
17643,0.018065435723742303,1,436.70877703392415
17644,0.01124922602509869,1,437.2406092301178
17645,0.011780783530092947,1,437.8858338031887
17646,0.01001593736184902,1,437.7264978605486
17647,0.019452574148521244,1,436.8515042272099
17648,0.02170770068030034,1,437.64595048602524
17649,0.030207253062885908,1,433.3215085906751
17650,0.03935204598556404,1,432.3131540139508
17651,0.037448294054844504,1,433.23885252991977
17652,0.10193959546938187,1,361.54959419005377
17653,0.06421550788961465,1,403.61470312535187
17654,0.10514349358387455,1,341.4002633991756
17655,0.1049841355437966,1,345.81719745186217
17656,0.11421945869644026,1,342.16450568558486
17657,0.08361919783103003,1,386.0115123885993
17658,0.10454733025411377,1,331.278877777723
17659,0.09654183663544214,1,348.74589513617525
17660,0.03192384380516552,1,430.012066641487
17661,0.019451493972319076,1,437.06619148164117
17662,0.014421634278866892,1,437.6293080283998
17663,0.023698739700511312,1,436.883034478991
17664,0.056566442639046866,1,397.8811793562438
17665,0.0427936449078999,1,424.0856051005322
17666,0.03263090052299927,1,432.2024725894645
17667,0.041781502717539575,1,426.01749336463104
17668,0.06369414664245356,1,399.7852655756657
17669,0.08685768172254615,1,362.20147562939854
17670,0.06812248880238518,1,406.2401452194043
17671,0.04191371702829676,1,429.70452426951897
17672,0.059450574875487425,1,419.99929826924887
17673,0.0515376480243867,1,399.8358857258138
17674,0.038360206452466114,1,432.00855902921006
17675,0.02588400341943345,1,437.3767557019868
17676,0.030761635161274642,1,435.4537537067187
17677,0.029325937481071533,1,436.1957280744094
17678,0.015433504222662027,1,437.5500672178636
17679,0.03331009136540815,1,433.83148780518525
17680,0.07025208005129627,1,424.7419978692679
17681,0.07300242260713252,1,429.54095515969703
17682,0.09761423960216764,1,410.4248253272399
17683,0.09622167187592401,1,400.3564720220043
17684,0.12105950155892965,1,391.2915553026458
17685,0.12737247125758885,1,390.1060872614432
17686,0.10540987688126023,1,412.69360585144113
17687,0.0793812595798382,1,426.36931164089106
17688,0.06385767780989353,1,423.3020528694052
17689,0.044105176221872655,1,432.5710873422213
17690,0.030211137279733673,1,435.3214514030935
17691,0.028441887713149948,1,435.23038803967245
17692,0.043263881684748644,1,435.07762066613174
17693,0.049846612527708625,1,432.7966398732959
17694,0.09483249210383386,1,401.78310364881924
17695,0.09449255229681988,1,384.9160697082686
17696,0.07584941889435039,1,418.3836521518195
17697,0.09106269848997693,1,391.6361901762759
17698,0.07491797555364357,1,414.70303095022496
17699,0.09887507895066536,1,380.5910874753149
17700,0.12444830289971562,1,335.5051465365562
17701,0.10578901506722838,1,359.49910899033
17702,0.05244563827850963,1,424.43611200638753
17703,0.07299041571701005,1,410.7236843101393
17704,0.07049107020287686,1,406.07867720079787
17705,0.10429606156308995,1,360.5207259658138
17706,0.05602621134371851,1,394.31202735567376
17707,0.06751585490439806,1,417.84286017227214
17708,0.06231834030944377,1,403.4621995491929
17709,0.10301971609530527,1,349.0090030049335
17710,0.10101824418357945,1,357.9395278008812
17711,0.08682580348882016,1,385.5316809144411
17712,0.08249825929324292,1,392.4473935953097
17713,0.0820407667502271,1,374.3389823348943
17714,0.048923006834966545,1,411.074382705819
17715,0.05991562383681369,1,405.78874656087214
17716,0.04947752304394681,1,426.95521645444273
17717,0.04654537676027682,1,426.2753706241632
17718,0.027728035768645444,1,435.7533384353559
17719,0.020411403608585628,1,436.8087326472887
17720,0.040700869702419276,1,435.51822409561277
17721,0.03303041292419884,1,431.6268330225783
17722,0.044748417288569556,1,424.2177045288518
17723,0.05913987332788848,1,426.6581484259605
17724,0.07735140121848887,1,418.6415038182093
17725,0.06464423674246636,1,420.3152062514054
17726,0.09181761007146647,1,392.44668240640567
17727,0.08668097305950785,1,403.7275520454367
17728,0.06843646061948506,1,400.6522680900494
17729,0.04791557508589599,1,412.33396343562697
17730,0.04644174984970861,1,430.44410171201093
17731,0.039929388074592634,1,432.21375296449276
17732,0.03193210169756348,1,432.71439807945933
17733,0.016514884744495823,1,436.9399509502399
17734,0.029483480303218176,1,431.25285699582145
17735,0.029015515544945716,1,432.6461990849828
17736,0.06062680088841217,1,411.9181205972849
17737,0.031633030015504375,1,434.6248064268855
17738,0.0383603423504905,1,431.86705394444766
17739,0.03164618205549402,1,432.6909503364269
17740,0.053647632421326134,1,404.4030749819023
17741,0.07291779542466273,1,367.0907356607246
17742,0.08324525209375068,1,369.8779456626754
17743,0.07926947082581533,1,364.0291250060626
17744,0.0888822169715082,1,346.80917541690224
17745,0.07047325407052651,1,404.20029951930917
17746,0.07286189135645185,1,417.09284069596725
17747,0.06916364053174895,1,397.3605245224924
17748,0.05237029784030732,1,410.64496351356473
17749,0.05760720275250338,1,428.1781032523671
17750,0.06119984305888898,1,419.44193677515375
17751,0.05146097419789976,1,413.40128527158913
17752,0.03367388203793388,1,421.7662724432734
17753,0.032174733307063434,1,428.12612932761306
17754,0.03008801841495285,1,430.0395572122279
17755,0.03244800701388452,1,423.34181584766543
17756,0.03602867893127797,1,410.3766018803321
17757,0.05509058890099535,1,383.5740789292598
17758,0.07597622617094098,1,399.95860823036776
17759,0.10013381236690977,1,346.21404892267896
17760,0.07815618233260821,1,355.3943683351694
17761,0.0707903019097428,1,401.83338741439246
17762,0.08866885396213232,1,392.1962341771626
17763,0.10129350007346234,1,345.2768098981292
17764,0.10016550769711756,1,356.3504811178594
17765,0.08034249723076718,1,402.5712337500727
17766,0.0935605141449517,1,351.4159135715402
17767,0.0981822823315336,1,342.7012787995845
17768,0.07467326805364764,1,375.82201832765315
17769,0.07179903545995452,1,390.11894900527477
17770,0.06908213131859166,1,383.4766554899059
17771,0.07366927424587835,1,403.46057900114283
17772,0.055769379291852814,1,427.3386009729706
17773,0.04449405197643452,1,433.9717632766215
17774,0.04422967073757104,1,435.5274083208497
17775,0.02328797371060339,1,437.4219426372829
17776,0.026553368160529982,1,433.48028128819135
17777,0.03633960152135298,1,426.18677689094244
17778,0.03624991423348439,1,429.62941728442837
17779,0.03290638613448243,1,432.5350505527021
17780,0.020577441029756054,1,437.6314820292536
17781,0.011422491110941116,1,437.78964809034693
17782,0.01300888901845472,1,437.9950737051641
17783,0.00757115773751363,1,437.30599084364115
17784,0.006703594745456812,1,436.9963292379935
17785,0.009340715531624674,1,437.43675877506377
17786,0.00872057780615217,1,437.0757165509143
17787,0.0059579661040540435,1,437.0549267714837
17788,0.005425703864421828,1,437.10667289238086
17789,0.007060242154154827,1,436.76976840463664
17790,0.013996509952985087,1,437.32808017050644
17791,0.01034806940412092,1,437.4452195660838
17792,0.024470270989418536,1,436.092429070481
17793,0.04208256999501925,1,427.63465786327225
17794,0.037712564602450885,1,429.6600524058884
17795,0.03586823124790084,1,433.8054753504057
17796,0.056704789620755904,1,430.85421423394473
17797,0.0505692358549097,1,419.0024515437703
17798,0.08819202288804516,1,394.71647860326334
17799,0.05195890928939969,1,411.5873598420269
17800,0.05632681394570373,1,417.39290711750397
17801,0.06883426270762076,1,412.82643708473597
17802,0.0775901753244032,1,391.896973265647
17803,0.07325074435353689,1,399.0244131332681
17804,0.05899780541422165,1,414.82556286396175
17805,0.03604768187252028,1,428.9962297933536
17806,0.025666808235483802,1,435.76655997353816
17807,0.021970849680573466,1,436.5200536587932
17808,0.01441124128706411,1,437.903437499327
17809,0.017448249532226984,1,435.28014840523196
17810,0.020505882050908388,1,433.54622189775245
17811,0.017793742128866356,1,433.6365410962621
17812,0.03382703011786243,1,430.42693774130834
17813,0.04304505197950349,1,421.49231860688195
17814,0.05062559292880741,1,418.76768352727794
17815,0.048550917390642545,1,417.8009639496896
17816,0.06598411217559227,1,412.52476992758926
17817,0.0647143128385987,1,387.4539492931892
17818,0.04513192952841234,1,395.6747202077928
17819,0.04005435458725647,1,415.55397898728114
17820,0.03881506117815274,1,422.22490978200597
17821,0.0256583614622998,1,436.9257440069593
17822,0.03156712189785737,1,434.05399785050804
17823,0.0270692692557665,1,429.1265531633134
17824,0.011637046481799933,1,437.4135572413595
17825,0.012817698572190808,1,437.5611263122485
17826,0.01033007981878548,1,437.4973160112271
17827,0.03823677334357093,1,422.1592958000195
17828,0.04335121172529912,1,419.14427867850026
17829,0.08621519380485665,1,380.82558720148927
17830,0.1199821448937125,1,321.50926211873195
17831,0.13952533360634042,1,288.9848930076712
17832,0.0701693016555445,1,404.68115936901114
17833,0.08211277059417962,1,397.7626814351896
17834,0.08098981383089254,1,408.0703970438373
17835,0.03947600703727288,1,430.14165255662755
17836,0.08269116443125227,1,392.11083293289937
17837,0.0698939239728304,1,382.4399435169226
17838,0.05156183321679352,1,423.95158976776185
17839,0.03434073782404885,1,437.4082591309969
17840,0.030641556699625174,1,436.8886940127903
17841,0.03956567008756874,1,435.784170715771
17842,0.048217390737506804,1,432.4733762620576
17843,0.041679871215010836,1,428.015401771895
17844,0.05748400179902151,1,412.5587767439449
17845,0.052127343060971394,1,427.7081218116378
17846,0.06571818126122941,1,421.18901719391494
17847,0.05040276704058628,1,431.2117521546513
17848,0.0454750630841673,1,436.40420694679585
17849,0.06455555311278757,1,419.43528237095575
17850,0.05335414832962653,1,430.42200126547596
17851,0.035502230147004654,1,436.5842489712312
17852,0.03091104623039171,1,432.90682898357926
17853,0.030794156059765824,1,436.1316984127035
17854,0.025221009245823274,1,434.97253530260474
17855,0.030692437513105575,1,434.8751790798468
17856,0.03783042258774076,1,432.2779835356115
17857,0.022023031127142205,1,436.7392607703308
17858,0.021140494476472958,1,436.3794998952494
17859,0.019571709094932273,1,436.92708625719234
17860,0.016995384337249526,1,437.26875575125354
17861,0.024253521200351378,1,436.1781029535459
17862,0.029846289758494828,1,433.17056006773055
17863,0.06403410049758261,1,404.93687973373466
17864,0.07595077009835267,1,291.41285349846976
17865,0.06626152933557969,1,426.29640454904444
17866,0.03440849356553686,1,431.6342530510903
17867,0.05616646067757257,1,423.0556607083095
17868,0.05438111370071832,1,425.43258139789543
17869,0.05792726924815332,1,432.7609841114631
17870,0.050658351374222185,1,432.59014611314547
17871,0.04025908384013245,1,435.7226746826117
17872,0.0568128570589496,1,422.3516435913029
17873,0.06769223570650439,1,405.5879432092546
17874,0.06337342263181855,1,413.7524533146433
17875,0.0509873706557877,1,428.4811306354977
17876,0.060123526534502716,1,423.14206191280743
17877,0.03639990261655162,1,419.16616941597994
17878,0.06204715510440253,1,415.8231018099207
17879,0.05290196867220936,1,423.66595706090834
17880,0.042601684813404914,1,418.86314822393183
17881,0.04235148307001994,1,417.94602614323856
17882,0.057088617606135726,1,402.5462160070464
17883,0.18999225070566636,1,250.7151144711416
17884,0.28841158868868666,-1,-122.62497674361748
17885,0.25950615216495354,-1,-57.54138392513636
17886,0.279269884858342,-1,-157.9473906572307
17887,0.3295141601686121,-1,-926.7408286785944
17888,0.27113460935877504,-1,-360.61001474798877
17889,0.28696992542543,-1,-188.35997210878168
17890,0.3225941385124932,-1,-159.0515811475061
17891,0.11048319203815324,1,396.498652708593
17892,0.11853709641790092,1,344.3054530494816
17893,0.1323301847931921,1,308.5461055777447
17894,0.11735063319210519,1,386.5260394132816
17895,0.11690484676974232,1,359.53001753925076
17896,0.13232031510794173,1,263.7675690726235
17897,0.09038898217678536,1,358.8127331952311
17898,0.07192471050719736,1,426.95783676484507
17899,0.10326431828754819,1,294.32834445423697
17900,0.1649506629829251,1,227.34153026245002
17901,0.13110465318451028,1,173.29701841707225
17902,0.10566093721982557,1,218.95908659209425
17903,0.10287880353451298,1,184.42962521103507
17904,0.1272877841304759,1,206.41896732894452
17905,0.17463786297971137,-1,-34.47534584503643
17906,0.12070269950225122,1,205.90105174972675
17907,0.11553374070518964,1,251.76589880101926
17908,0.09063777820767595,1,372.2496272859451
17909,0.11945836196154301,1,348.55175558307536
17910,0.09590166224725483,1,412.4736897883989
17911,0.09984844397332097,1,400.82731640211546
17912,0.10406706272783643,1,407.16840005346313
17913,0.0721782910787913,1,419.38593100730657
17914,0.07172174131770889,1,416.93646837960836
17915,0.06085501119897715,1,428.11655579772776
17916,0.05537549836849598,1,427.3430050804779
17917,0.06376839994014924,1,428.37892568204444
17918,0.06249200680003208,1,425.960827565343
17919,0.06873850978127659,1,422.85826031446317
17920,0.07456046222828092,1,421.1535040234289
17921,0.13983675115577343,1,375.1580920976569
17922,0.10166889707364694,1,369.1620848730864
17923,0.06072676637171178,1,428.7440629785011
17924,0.07667528517098451,1,394.24842372041013
17925,0.07632315727559373,1,403.4912969812227
17926,0.10818951521953765,1,359.6513836842853
17927,0.08187291238498069,1,388.55736963586554
17928,0.09578672472502851,1,365.74061165092894
17929,0.10397321840628974,1,323.62010586670806
17930,0.1547655796525888,1,71.65900266964917
17931,0.12945691405627116,1,89.83648660663016
17932,0.0981671374519086,1,193.16917634395924
17933,0.2582725772916548,-1,-1721.280342738223
17934,0.25262012098294007,-1,-777.124540494412
17935,0.3413326675601312,-1,-599.6784116865183
17936,0.29914858400438965,-1,-686.3730883549372
17937,0.29062375351409975,-1,-1277.0749846921476
17938,0.40515273694920684,-1,-3028.4567852577375
17939,0.30778507361422586,-1,-1579.1561502243871
17940,0.2635838909573845,1,63.93487490668463
17941,0.21164222013667508,1,85.62769105373201
17942,0.16099251950502222,1,80.04439837644009
17943,0.08350822384300474,1,363.8732355623698
17944,0.10029580480752634,1,347.71362512668605
17945,0.08360289972596488,1,325.3263826721962
17946,0.0688503024329226,1,330.191427157215
17947,0.09754874054277037,1,373.0818732273821
17948,0.08098979194597933,1,404.24797434901893
17949,0.11919459456783925,1,292.84168746508993
17950,0.14796322994644462,1,202.95884534033817
17951,0.1482800569162053,1,279.4047603028103
17952,0.2497107075678194,1,67.45873264104085
17953,0.24617528189928178,-1,-20.683709053592167
17954,0.14343019991903544,1,324.4695833497512
17955,0.16913231508922152,1,195.42974397604414
17956,0.13405077778911825,1,347.62192575453236
17957,0.03610281021213333,1,429.4954880414203
17958,0.0428952334507955,1,429.2219422435166
17959,0.03508561880217818,1,406.42948014140455
17960,0.03993146787660727,1,428.9591037699181
17961,0.04794152853416085,1,409.40747567366367
17962,0.0495806262797791,1,343.2428141796732
17963,0.09987498091930866,-1,-53.997052380242906
17964,0.10810975705720771,1,65.38384691776753
17965,0.10263935744666343,1,329.57455803300815
17966,0.10371346691253282,1,184.05235211511973
17967,0.1578440674351389,-1,-772.1852835392185
17968,0.2133923189833389,-1,-232.21276666835013
17969,0.18508810647448787,-1,-317.8921634047316
17970,0.2159371237464884,-1,-376.5147087049054
17971,0.17710498189915738,-1,-320.2102384655176
17972,0.17101827672376255,-1,-225.86401523757434
17973,0.22336750055856244,-1,-506.4434909261489
17974,0.23619009118799333,-1,-295.3557747945397
17975,0.14740511658347552,1,116.21352533183307
17976,0.09312211378678222,1,317.06877804728003
17977,0.09463469830105145,1,313.21261641813453
17978,0.08732350932325239,1,363.90671601993756
17979,0.11702446646802621,1,205.57939271739144
17980,0.14351991968294392,1,240.5527080422368
17981,0.17478112015126515,1,219.18650430527202
17982,0.18146634036324408,1,142.59018338185047
17983,0.1539551691824649,1,43.77679475385827
17984,0.1412007888975705,1,208.24303777939576
17985,0.1531633158770333,1,164.59470531578495
17986,0.15104518131003872,1,136.75924181583514
17987,0.17787896977254194,-1,-137.22800143234372
17988,0.21626330896159066,-1,-129.66993397621297
17989,0.17969523962058917,1,190.73450891316153
17990,0.15092350258210327,1,108.426854382704
17991,0.09069304288654188,1,268.7992140717724
17992,0.08083615338170803,1,254.18111550636047
17993,0.08511703866897948,1,264.4537366886464
17994,0.09510544900015767,1,228.45723607701066
17995,0.08406313420442038,1,265.7922603279526
17996,0.06890173776542331,1,376.89365378581516
17997,0.03357374893566525,1,421.6026253307
17998,0.03330268185761006,1,431.5413575232107
17999,0.038815784774446575,1,427.7090959708122
18000,0.03137748684470934,1,424.65264418925847
18001,0.026417339323503257,1,433.21297270598984
18002,0.027754292854552425,1,434.2311244389546
18003,0.015163748779668636,1,436.85811705132284
18004,0.046658405184130065,1,424.46814062651225
18005,0.06682128040744567,1,335.8508257569755
18006,0.07318834746622856,1,334.1053540734839
18007,0.1265927805223457,1,66.3684000135114
18008,0.11135204409212497,1,161.76940580243536
18009,0.11177927262640205,1,237.98492436698916
18010,0.11027887351455898,1,247.44322654326416
18011,0.14178190244130262,1,261.24488837123994
18012,0.15908420620632271,1,167.61557607213405
18013,0.20225189143521266,-1,-42.063793619074545
18014,0.1724417698029063,1,34.3928294159536
18015,0.3399768040407474,-1,-3894.107930992127
18016,0.1269005911429611,1,242.8507648522296
18017,0.15488759366188637,1,100.21971175179903
18018,0.19736959651312294,-1,-589.5197383575112
18019,0.1344175939831425,1,189.38376827750986
18020,0.1437521633436174,1,301.7029253259196
18021,0.04065638717625774,1,401.15475834829573
18022,0.038418358804437815,1,416.50261560363583
18023,0.033312520074841756,1,424.9901125472784
18024,0.04107885983461158,1,434.6860034447694
18025,0.031516479914963084,1,424.5820602314082
18026,0.03886847206684231,1,436.3679421603653
18027,0.05336632274333021,1,422.5915622442936
18028,0.0994978186520651,1,407.8567531809613
18029,0.12673100806340237,1,358.37624071384494
18030,0.11833130261518972,1,328.8366769818434
18031,0.06748677277207352,1,370.0018155962061
18032,0.10634741808004147,1,323.73558286599354
18033,0.14204712425659757,1,214.44048761668972
18034,0.12664578191693387,1,235.20446322034363
18035,0.0672606946591687,1,379.76273901798595
18036,0.049506750695276026,1,407.29467327639037
18037,0.054470257911976364,1,392.69192511516763
18038,0.07597050199454825,1,377.5640687518321
18039,0.11396053406956089,1,260.39619377801785
18040,0.09805169634087851,1,321.6472616831256
18041,0.11667642451833184,1,310.4228500380905
18042,0.12701311361618775,1,294.9089624054308
18043,0.13080961927827364,1,344.3813605814914
18044,0.1380068928946246,1,287.1202504536906
18045,0.13281487156867205,1,385.1980611563623
18046,0.14890977402591607,1,267.5858235697709
18047,0.11927019552746966,1,340.749953295294
18048,0.10151158013229968,1,396.94633793404296
18049,0.10086176219336059,1,331.2465523224237
18050,0.08924322393969997,1,400.2835230916087
18051,0.07834266083368265,1,285.62651263483644
18052,0.05849699057845218,1,343.5215642849481
18053,0.07867479371247445,1,357.1518943637492
18054,0.10749292911258643,1,300.7506476490029
18055,0.14321537893915132,1,259.64668621741913
18056,0.22747244627221694,1,82.8725566254634
18057,0.25862056137555023,-1,-27.563157081379927
18058,0.2711656436031468,-1,-109.63815439853386
18059,0.24766518442953758,-1,-178.6691034243837
18060,0.21750549261243068,1,15.881699691538245
18061,0.25515369684887035,-1,-191.65324613534574
18062,0.22080734643957264,-1,-1.1487016646264578
18063,0.174868667868215,1,41.34010262755777
18064,0.08873605788169146,1,326.3693765894358
18065,0.0755810597310034,1,393.89057601500383
18066,0.06547553886809286,1,420.7748665913806
18067,0.06067808130867192,1,411.46185917344803
18068,0.06128415074893169,1,406.06796935293335
18069,0.049328964172035174,1,395.4080688515372
18070,0.05171745509034355,1,419.5670322267813
18071,0.04285669408224403,1,424.67255951448493
18072,0.04359616206843695,1,435.6759924351964
18073,0.032693340398206136,1,435.08205028188314
18074,0.04543527790803779,1,414.33505706418447
18075,0.04289869192980383,1,432.2273303541741
18076,0.04534666225755215,1,426.3807270398678
18077,0.03521259382217672,1,433.7866637850674
18078,0.040055675258335706,1,426.19044915778187
18079,0.03523178459475257,1,429.1339788691928
18080,0.046367522447091816,1,429.5170547245217
18081,0.05241708480063623,1,426.13974180016965
18082,0.04567669134077147,1,430.4065809214618
18083,0.046409356854813975,1,431.6653439732062
18084,0.047564998586042635,1,431.8481399347275
18085,0.041483336975054616,1,432.5354671051027
18086,0.054012499650467116,1,434.3120024680151
18087,0.03204278214568252,1,436.29187059967626
18088,0.030208149897063996,1,435.51580579816977
18089,0.038478436953313724,1,432.5554285676236
18090,0.03468763127876347,1,429.15540687710666
18091,0.0312051884750024,1,435.0105438500306
18092,0.07187892321740977,1,400.4754592273895
18093,0.08620368840737865,1,393.4532305728461
18094,0.07363512527704404,1,407.0871616078624
18095,0.06025791276572186,1,407.3688450146545
18096,0.07328118019678062,1,402.51969811697165
18097,0.07889361655437895,1,358.46399178672056
18098,0.06077702812920922,1,375.1113940487738
18099,0.05663097903962222,1,381.0963240998865
18100,0.06430220618303034,1,372.4124858319998
18101,0.05089812152156568,1,357.9152875153824
18102,0.03894108586453054,1,411.2789452511285
18103,0.03656349351042896,1,372.86477639943337
18104,0.046740626662675124,1,393.3725593880007
18105,0.08986198086933414,1,149.98069922179292
18106,0.07697661474796381,1,400.3090428402856
18107,0.07915771357098879,1,420.2750613843331
18108,0.05910174419206706,1,428.62352851396855
18109,0.10110710381670233,1,402.3837020956814
18110,0.09576696031261649,1,395.4368056182216
18111,0.07949064402489898,1,399.0922005392405
18112,0.07851289871549683,1,403.8208475670219
18113,0.09734334412232658,1,395.8441904588327
18114,0.09003155024065342,1,381.38748747617956
18115,0.12462229505297037,1,339.80063854040867
18116,0.20003519299188818,1,203.50373934055364
18117,0.16798457052993254,1,203.7207400392303
18118,0.15766634930282655,1,294.331646392908
18119,0.09346346121645341,1,387.2782660599296
18120,0.12520812234999695,1,370.23401377675555
18121,0.14825709118646313,1,270.73814810546844
18122,0.11965631895813991,1,367.148270861653
18123,0.09448248922325908,1,349.9061018854364
18124,0.14200490678299313,1,210.1914528277356
18125,0.15156022066653954,1,269.1328606008367
18126,0.19226679594617677,-1,-121.37418072181788
18127,0.1791672309960413,1,94.91941449678046
18128,0.2026353277329285,-1,-95.93936721329453
18129,0.2140624738761272,1,150.43587278132048
18130,0.18607847282314882,1,77.07109674703395
18131,0.21062362721147163,-1,-111.72831251012553
18132,0.2055856127213415,-1,-134.41417327582406
18133,0.15628178141357513,1,57.48589322244709
18134,0.16820325197891775,1,276.5135615586413
18135,0.20817549423389914,1,50.28263544471292
18136,0.08527163665964126,1,370.70301441395577
18137,0.06427164084589246,1,422.3144063002344
18138,0.039434064212353424,1,434.4539328451584
18139,0.05194680754015263,1,432.4254441405794
18140,0.05085695743081124,1,431.7442402526185
18141,0.05826347750769465,1,415.3441685249121
18142,0.053536363403890286,1,422.027803859795
18143,0.08298038355414958,1,297.42199449490056
18144,0.12306540392547559,1,285.9700858180983
18145,0.11927410701816461,1,271.3109702698207
18146,0.0895913336469727,1,361.0812075907529
18147,0.07748014223185189,1,378.0494193071809
18148,0.06476435031927102,1,400.8521865755798
18149,0.08310080052500106,1,359.5916754597931
18150,0.08828616056564187,1,404.5308199305319
18151,0.096019497859944,1,394.0195678172595
18152,0.10257752115134355,1,399.84813492734423
18153,0.12865511574320274,1,338.5002629624313
18154,0.11827909959357787,1,363.26163659249846
18155,0.11565949085811857,1,398.7614266712235
18156,0.08092734412718595,1,391.22536383856647
18157,0.10479416850116739,1,385.41826519977576
18158,0.08975626305199245,1,392.650049721962
18159,0.1069432876577889,1,378.4083804965687
18160,0.09622750121929112,1,381.59815621587694
18161,0.128661942399858,1,375.00388611984096
18162,0.09931179586642203,1,400.28531166269863
18163,0.09338746007243245,1,395.68341611218824
18164,0.06430233734605716,1,407.4167120502297
18165,0.06420322989118182,1,415.3155282856421
18166,0.0477319382217715,1,423.4798425332239
18167,0.04123619666066098,1,434.43141834440183
18168,0.042431164598463356,1,432.9320285202197
18169,0.031376529882993255,1,432.40700412574574
18170,0.024147417739420578,1,435.7852206005451
18171,0.02078430479312526,1,436.59224954925145
18172,0.026736774549625825,1,435.31427557173896
18173,0.056059021083335055,1,402.9715070471419
18174,0.07187331116810727,1,204.88964046586196
18175,0.06438677462478652,1,240.39822944319178
18176,0.09163423729691063,1,251.3917898128266
18177,0.09371576980339891,1,180.04917071622725
18178,0.10465232121536437,1,272.2247377344672
18179,0.10380864869539788,1,320.38517248522254
18180,0.10609631099701779,1,264.20422579667803
18181,0.09167582174611552,1,324.010134320567
18182,0.09869468667361835,1,337.38357044567044
18183,0.07171296194481593,1,352.7966098197017
18184,0.09791266183980984,1,282.31078448077653
18185,0.08762845792006273,1,373.5793311673944
18186,0.05519166424995462,1,413.8765053516646
18187,0.05181227259185855,1,418.3112397293879
18188,0.06808442984695266,1,382.4124192923822
18189,0.09101777342559356,1,355.6801978836133
18190,0.13116011405541209,1,391.7464506648172
18191,0.22292556331206353,-1,-417.5600483936239
18192,0.2262249082638345,-1,-451.2450301689412
18193,0.2894602205185424,-1,-3823.5933310449755
18194,0.2754077676635064,-1,-186.6308422093873
18195,0.37490578428066285,-1,-370.9265981707217
18196,0.2528573590251206,-1,-476.596461048362
18197,0.168028431204779,1,184.81993721317818
18198,0.17852100064162627,-1,-102.33473857639785
18199,0.14213666428903218,1,347.99632166420014
18200,0.09944943319591462,1,391.3550834271041
18201,0.09783024649285484,1,345.98109963677535
18202,0.14272314420473223,1,131.87662427145813
18203,0.114285956955355,1,380.9646430758809
18204,0.08845381737929506,1,402.9377691867476
18205,0.11036329266382286,1,401.41120468240416
18206,0.11436286238598466,1,344.7032055433343
18207,0.15908251713402674,1,195.6461295562509
18208,0.1301857232541402,1,82.55454495182795
18209,0.10915316472671575,1,304.53381481977783
18210,0.07512239283733087,1,396.541282960019
18211,0.05973934689665779,1,411.8118786673238
18212,0.05957495401993087,1,414.9423665512637
18213,0.060498819217367515,1,409.4667958488916
18214,0.041917418630055846,1,434.7984432730658
18215,0.05229152359000488,1,434.2352156554141
18216,0.05723495182479118,1,427.0357168372894
18217,0.07818879717855609,1,412.20496585856637
18218,0.05983094887960783,1,414.10463287162395
18219,0.05728574373876078,1,428.16278501983567
18220,0.07066147758525322,1,413.6105061640388
18221,0.06461366889495575,1,424.44617746247144
18222,0.09349787040782795,1,422.81320777059017
18223,0.08816858925222064,1,405.6032529517792
18224,0.11620188136006734,1,391.02116298868884
18225,0.13995128537640134,1,344.96548597177326
18226,0.09032653574801461,1,377.5472005690244
18227,0.05684610836035212,1,418.60051757743594
18228,0.09616502179708608,1,307.0391116907826
18229,0.06205029556262694,1,406.751043769544
18230,0.07224638430373355,1,347.0296814018991
18231,0.09201385111042125,1,340.7601072476693
18232,0.10018257876970098,1,382.10072360725155
18233,0.12509698692718632,1,295.04792775926524
18234,0.11931226536332325,1,296.7608137905338
18235,0.12555233268310198,1,336.4123547483339
18236,0.08348501726715314,1,400.93079897960223
18237,0.10745454912369021,1,406.7568268858758
18238,0.1522982571001986,1,317.74447569511847
18239,0.11284059136882452,1,349.7095827660319
18240,0.17367361073417506,-1,-202.91856924919443
18241,0.2231882693396369,-1,-1156.3842118444775
18242,0.224726494716401,-1,-1593.2063207563895
18243,0.2969087123524051,-1,-1084.887828900043
18244,0.22663383743303292,-1,-511.74756585578893
18245,0.3136614058561645,-1,-1260.2536241179612
18246,0.33160413466104577,-1,-1721.3449481686873
18247,0.23438171794100926,1,50.91657891389548
18248,0.26695055208612717,-1,-967.5605145359079
18249,0.15966047050193818,1,249.9084652652265
18250,0.12090300482785596,1,365.49038431580084
18251,0.06609203300474127,1,428.57845616289023
18252,0.07668565135658724,1,405.0265408225544
18253,0.07492561436020964,1,390.58267879981605
18254,0.11803372098492473,1,378.7372992812914
18255,0.23858550441891777,1,102.86621356751925
18256,0.35733206391752564,-1,-412.7624335486556
18257,0.25454071533563477,-1,-729.4064558497926
18258,0.09427975548901465,1,329.5170911626486
18259,0.18832651167656314,1,144.16917430676415
18260,0.26422957758720794,-1,-262.150708420657
18261,0.24771467067287553,-1,-399.62174290434143
18262,0.19478643529973058,-1,-57.1932820211984
18263,0.22210609161002287,1,92.80790581679764
18264,0.08069713907736668,1,333.79975019380436
18265,0.09847721829806444,1,219.77694036655384
18266,0.152809104243776,1,93.26204529584601
18267,0.1426332759521856,1,311.89365685928135
18268,0.09440130681252347,1,354.25648585281704
18269,0.058816226545995796,1,404.2133447505597
18270,0.053717203089988584,1,412.31548832518627
18271,0.04335492268956304,1,425.78618770952824
18272,0.03750963407046394,1,433.1058580398181
18273,0.06283515231622451,1,404.5296811107157
18274,0.06361016623215224,1,419.7140590534531
18275,0.035124485786126876,1,434.36485348833565
18276,0.048256652152739256,1,411.39845815447273
18277,0.11548100076452943,1,369.46798890544375
18278,0.08645555366273469,1,394.2316664144735
18279,0.09344976038356279,1,401.00941003555295
18280,0.13162870355615072,1,322.849566356499
18281,0.07506520799488096,1,391.2953265455999
18282,0.08653287098811321,1,276.07019241216494
18283,0.07655825441464192,1,394.87143891683127
18284,0.0929054958806267,1,346.7868061601366
18285,0.10869887982273171,1,218.0260350288135
18286,0.07030145898532025,1,354.4187329939674
18287,0.06220265771114573,1,373.1606317733757
18288,0.08093010624703476,1,345.1736233511247
18289,0.08452012614126277,1,341.2493859157687
18290,0.12277870936026244,1,267.5826204936492
18291,0.09298362654800664,1,356.4613867889069
18292,0.07346722358845777,1,381.3273935545641
18293,0.08540609360467419,1,384.9179862721423
18294,0.06558560665084046,1,397.0133917370022
18295,0.05380154221047014,1,407.3443775116912
18296,0.05764059579193128,1,433.1493275019053
18297,0.1070173972273728,1,292.672057487075
18298,0.1155716527473846,1,266.5743828899469
18299,0.06989363092131008,1,383.0443469291313
18300,0.05598980943546058,1,426.1427229650705
18301,0.06469064177837898,1,428.88929736679876
18302,0.11647017803862234,1,339.998976394906
18303,0.11632911186085713,1,285.63106755143644
18304,0.15661013039582775,-1,-154.97003740877517
18305,0.19424711857509794,-1,-604.1914710595759
18306,0.23492550537293885,-1,-1505.5730123706292
18307,0.42495398562514936,-1,-5534.72313638052
18308,0.34917817259569145,-1,-3898.6032968871705
18309,0.34778890862518475,-1,-4371.117379149811
18310,0.26523710074754614,-1,-1530.2271900207843
18311,0.24225642408245238,-1,-897.7360333750571
18312,0.19628566851996915,-1,-52.26778621912217
18313,0.08966049703544929,1,398.5859156644637
18314,0.1011904212698813,1,387.8578497570858
18315,0.06932029954653605,1,422.58594554695804
18316,0.05725934924292207,1,416.94489604165284
18317,0.056000007249513914,1,424.6256998148893
18318,0.049136335648357655,1,426.1975828091872
18319,0.060833348597233,1,416.7861919644215
18320,0.05999372244850849,1,419.8819185733049
18321,0.05389820660995407,1,408.29633474739524
18322,0.0580184987806989,1,417.94735013901845
18323,0.04691068359057704,1,429.4507164650961
18324,0.04254052652359534,1,422.7867805385944
18325,0.03372753326074157,1,427.9504766487513
18326,0.05608043759736846,1,428.03468869271273
18327,0.07713156836399666,1,395.1844364871903
18328,0.07704914978591704,1,423.1203181823168
18329,0.07644278788477044,1,429.0135449621228
18330,0.06761433280769238,1,396.9151250874699
18331,0.13719745700849456,1,15.818251340831807
18332,0.23390355865709145,1,33.672817824853325
18333,0.29134249536941154,-1,-1516.934675342076
18334,0.2873911766757277,-1,-1231.9327959552452
18335,0.25248039886667833,-1,-421.14468412829206
18336,0.2545681209005045,-1,-1261.4541826438872
18337,0.29799239271413436,-1,-2732.139286614931
18338,0.1272704777347298,1,1.1827251747930063
18339,0.14472395248191233,1,22.105568756799983
18340,0.17796577226268803,-1,-740.4335562685374
18341,0.16854978186805747,-1,-14.226585508603762
18342,0.1677216156857723,1,108.56415440830636
18343,0.1443407803223255,1,131.3310759829174
18344,0.1338617403612912,1,258.927561629063
18345,0.11749574567253089,1,259.0075672236766
18346,0.09764506680931499,1,397.4326012872749
18347,0.10883920765146504,1,402.6031137023345
18348,0.15478247072769064,1,322.2236875491345
18349,0.07297085304418578,1,418.3032097448913
18350,0.07092950381809501,1,424.2458128648224
18351,0.04175292068382682,1,415.7820807490557
18352,0.04457787861873704,1,434.93205320253594
18353,0.05125451863242159,1,429.0135629810882
18354,0.045098608866254726,1,434.15772062162466
18355,0.05618859862148013,1,430.8866717590348
18356,0.05940675077241916,1,430.4437919170195
18357,0.04179736358121005,1,432.91694189539135
18358,0.040744844275777244,1,434.79890442689396
18359,0.07253092019044084,1,413.42056066819407
18360,0.07389701090900037,1,415.67453173032743
18361,0.0599108630436111,1,423.2104755795196
18362,0.0955571942684998,1,299.87348209172876
18363,0.07543790453636179,1,372.51460037164765
18364,0.09012645849614223,1,344.81973822869503
18365,0.17629784629651096,1,56.54463421100718
18366,0.16671595959655172,-1,-147.73952659695772
18367,0.15317722330468223,1,87.5620094355362
18368,0.10993015851388348,1,70.4571545335831
18369,0.16710727840367892,-1,-73.12076674891824
18370,0.10590679887360711,1,278.83627521167494
18371,0.19230495405437736,-1,-169.57300601029795
18372,0.19171425157107452,-1,-98.16526194876838
18373,0.15672634234078173,1,196.23304018665107
18374,0.12546983664225725,1,268.45478530245344
18375,0.08153167439630916,1,391.9421236442321
18376,0.13103136006289443,1,310.0308972146205
18377,0.18781637584320426,-1,-82.76751367179224
18378,0.10463495232092516,1,329.0758042267408
18379,0.23199237559633826,-1,-960.3330669299103
18380,0.14071802313056803,1,294.24110937162504
18381,0.15937130786504303,1,221.18109353433138
18382,0.2191442780294211,-1,-884.3175414176872
18383,0.16127653574265075,1,78.84442812400744
18384,0.09934745568705257,1,215.82370917190238
18385,0.081337778223575,1,354.534155651783
18386,0.10766097359421767,1,166.7063505046204
18387,0.05851722162105596,1,408.4568380075765
18388,0.045151082389017286,1,427.8192419643505
18389,0.033786142014910335,1,432.83877993507383
18390,0.03463094030135144,1,413.55910362116504
18391,0.031252983060281535,1,426.56514093670694
18392,0.06652582050602855,1,391.58418096151854
18393,0.05604721313560889,1,420.19810030274226
18394,0.08367655842405239,1,406.7363560838696
18395,0.10698813309981237,1,378.75925470752827
18396,0.0897137508026549,1,414.99528576344613
18397,0.11681998078828319,1,328.29470742852914
18398,0.11369013636572277,1,314.1064094864788
18399,0.11298310026365825,1,273.723199747875
18400,0.11814103061850656,1,261.6029679391834
18401,0.10521454039701521,1,349.1740492762745
18402,0.10203782038917031,1,354.58100408815386
18403,0.10943589453116649,1,250.43742782011856
18404,0.23407929005437303,-1,-1354.8640050011136
18405,0.4269939446588523,-1,-8930.707305890788
18406,0.39443806959741134,-1,-5425.505936008248
18407,0.24846316930920312,-1,-1447.1195442605674
18408,0.2820835140731361,-1,-2498.2974652871717
18409,0.1761589427319456,-1,-325.9312119031507
18410,0.2040254515868755,-1,-176.49701806561643
18411,0.18052962518706067,1,8.85141605348963
18412,0.09665571285669396,1,387.0840258116473
18413,0.0912454063224348,1,313.2792276904132
18414,0.04496408764224032,1,431.0809572378653
18415,0.03711352104489297,1,436.699010847928
18416,0.055424171089450115,1,426.13757615861147
18417,0.04236237834561488,1,431.01464091646386
18418,0.040445299051980924,1,421.83104773879586
18419,0.02491731712176948,1,433.6284668946209
18420,0.02466169112337468,1,431.3666508430023
18421,0.03619424343481366,1,434.22768801952327
18422,0.03192749176097043,1,434.6111204307328
18423,0.03638927613182386,1,430.1988378636814
18424,0.05928787575004228,1,362.4952106804367
18425,0.060275041495573035,1,371.0881772579836
18426,0.05208222963594155,1,400.1436958850555
18427,0.047877487956633255,1,400.3726589866578
18428,0.04773705854546651,1,384.71853876278806
18429,0.06751695608209274,1,410.74704239685803
18430,0.06366106531523046,1,408.0964181439126
18431,0.11511770591377238,1,382.6127985831106
18432,0.09416260551270003,1,394.5815484865582
18433,0.10470833330527421,1,252.5026339919024
18434,0.11837677808874623,1,345.9496547371399
18435,0.13572149477693615,1,77.37373922486978
18436,0.14723914695229223,1,164.17216775628378
18437,0.11694131965799708,1,108.06708743171487
18438,0.0783929215209809,1,91.00943016016714
18439,0.09598348116133051,1,313.0957905659411
18440,0.06806593999820561,1,419.62014763274505
18441,0.10781382058641145,1,386.8042483830388
18442,0.09264517531863162,1,373.7237024745161
18443,0.1324075459950103,1,77.38562655308067
18444,0.12616420622909233,-1,-133.67554594800572
18445,0.27294728610138963,-1,-4599.29252971538
18446,0.1342466565332579,-1,-207.78633871805596
18447,0.10829768003544846,1,116.31403796728256
18448,0.15613268991740067,-1,-735.3529457730774
18449,0.1067114944927486,-1,-124.28745742211765
18450,0.07242612342953066,1,335.2534553163969
18451,0.0826372962732725,1,211.28483078105435
18452,0.05950335216259371,1,420.1892188541662
18453,0.06474414593489045,1,369.29843867216624
18454,0.05685965720227463,1,410.4008333377702
18455,0.07141399401159675,1,375.1994135523006
18456,0.04319689931248277,1,416.96730931870667
18457,0.030701381479807933,1,419.24848159621797
18458,0.037244476725925645,1,416.7545190755809
18459,0.05900047733245671,1,412.88927304656534
18460,0.06583020918859687,1,397.635357718247
18461,0.07226123029978855,1,393.41183868634556
18462,0.06081196591416923,1,399.1087002734936
18463,0.06444111924186806,1,403.6535339765338
18464,0.12248808624591469,1,178.39226517753127
18465,0.12419326085517642,1,172.49345788675674
18466,0.10109193097967058,1,304.09718336269805
18467,0.16448453340415783,-1,-188.18097420703054
18468,0.18644535385168703,-1,-920.8970491533639
18469,0.13989630990318655,-1,-265.9113543873069
18470,0.14469294414450354,-1,-153.48579435235308
18471,0.11996808680266866,1,104.25472944493083
18472,0.13605805445037716,1,115.74279275067505
18473,0.15965041049180026,1,209.09003200804534
18474,0.1033520780991988,1,310.80529447500624
18475,0.10517853300624107,1,216.05250347801118
18476,0.121461256941333,1,219.6462069295164
18477,0.15377131574406808,1,166.94192136434407
18478,0.1473108229157203,1,120.10555037034948
18479,0.140785668064335,1,145.74751113843945
18480,0.1085731239872263,1,258.2790367334646
18481,0.17628015615201975,1,248.91693548064976
18482,0.24060739230061895,-1,-691.5496276162044
18483,0.10968714309109885,1,366.7368517476187
18484,0.10821206434970822,1,323.82506836387364
18485,0.11862292089383948,1,90.93411389457856
18486,0.1728894439497679,-1,-110.29986889435588
18487,0.10289954803909529,1,402.5314260098174
18488,0.10453857787222613,1,382.64218632166654
18489,0.16360012435899404,-1,-75.68957299980639
18490,0.1717877501802289,1,298.02774627054737
18491,0.1170744719837233,1,347.13164568193406
18492,0.13062128497284237,1,343.96174225063345
18493,0.14587362122314446,1,355.59391344985625
18494,0.14913859829926926,1,344.47742526172203
18495,0.08795661730732356,1,350.0620093936653
18496,0.07624823963613661,1,304.1745909628096
18497,0.09203040264238668,1,307.81381029181676
18498,0.1515463910337018,-1,-145.1090326991639
18499,0.1000260253372904,1,149.38233765370558
18500,0.07555482262886574,1,231.75451683135157
18501,0.07548819098699086,1,284.73470693724107
18502,0.08068468020236261,1,301.1299339866709
18503,0.13683099063168405,1,115.60585724590362
18504,0.1431555938379665,1,25.670605074924367
18505,0.10432297716039314,1,354.2905787663817
18506,0.09446579786172693,1,380.06154207078544
18507,0.11048863914936373,1,312.0102925913389
18508,0.06981913102887251,1,356.62088220449647
18509,0.06935011065231936,1,380.06610180670594
18510,0.0753405183732997,1,368.67905670393594
18511,0.0983616531729677,1,323.1780185688823
18512,0.08820034071190815,1,391.8399340951388
18513,0.08774544382112492,1,321.14388975377096
18514,0.0895228298772068,1,234.0247543418823
18515,0.0853315589225325,1,350.4378205212405
18516,0.09415603209835192,1,381.3957365851108
18517,0.10718573953850127,1,368.761008361254
18518,0.06152134083101974,1,393.84842097170986
18519,0.059929879264561045,1,412.99437877466465
18520,0.05993952158906872,1,428.077493925817
18521,0.043399238584462554,1,419.85153934930497
18522,0.02916743138133845,1,438.00080408650354
18523,0.023503742049583064,1,438.0401549253713
18524,0.015771057686699213,1,437.79727526452393
18525,0.01767795795078992,1,437.40645237680513
18526,0.012859661870294513,1,437.29142239560434
18527,0.034856047292761136,1,411.66022440763504
18528,0.03228119889925997,1,419.16543911571887
18529,0.02552305176436348,1,427.1167189608957
18530,0.02224352105974375,1,430.2381642827731
18531,0.047371725039432766,1,384.93157332201963
18532,0.051933309972205736,1,343.0811770215836
18533,0.06498101132359853,1,286.58464963740477
18534,0.05984868520504099,1,349.61850680034854
18535,0.06711740018192089,1,345.0586526563166
18536,0.08609395896319964,1,291.90519204918786
18537,0.06250615961162825,1,421.483991697044
18538,0.06863449967117198,1,421.4143036517047
18539,0.0580257986081454,1,433.92733746065323
18540,0.06255451339113184,1,430.272180280563
18541,0.07534072948060233,1,426.79798818020765
18542,0.08369640305780478,1,375.7505428259765
18543,0.07287839325945888,1,378.39482882886557
18544,0.11650363700083731,1,313.4486815830619
18545,0.1347405735883856,1,281.5533202861136
18546,0.13884025716358533,1,323.49249745372083
18547,0.11873231128352754,1,283.2650886230757
18548,0.08257628722710086,1,356.0199923731723
18549,0.09744136970981289,1,267.9928593514152
18550,0.09134895156926805,1,378.06213558916045
18551,0.1361051744969932,1,292.3702095588129
18552,0.10739602076077324,1,361.75342918389714
18553,0.09773185903255961,1,400.34797276502036
18554,0.07326439081720797,1,412.606447068729
18555,0.06768121420930004,1,416.40804416223335
18556,0.0723324354835351,1,418.07202079509204
18557,0.07172677677972858,1,427.21870469668715
18558,0.05813729459027976,1,430.34847056481595
18559,0.055338454297511226,1,432.8765118520777
18560,0.04403748255099099,1,430.33888800232506
18561,0.05501664950354373,1,424.71996660301306
18562,0.04199782841508878,1,431.1145489905927
18563,0.04035861380206703,1,432.34286713356283
18564,0.035583089126171634,1,432.7526115024403
18565,0.03778464046088049,1,424.8621414525411
18566,0.03264814961407908,1,430.05557099822727
18567,0.031098231898824748,1,432.45210296715067
18568,0.03431770951260606,1,431.789924095289
18569,0.05159146296381167,1,408.2027603772297
18570,0.06088544258604206,1,410.0789619674165
18571,0.04541359044221882,1,434.0522997977661
18572,0.043935648805495824,1,432.8800364759929
18573,0.04908152913008813,1,412.42900965702125
18574,0.04888343338188727,1,413.3860624903732
18575,0.04787043238834954,1,415.44590433826374
18576,0.07377309631888351,1,395.2848351104944
18577,0.07601487574890432,1,405.8865541309315
18578,0.03315574638251547,1,429.9995356506626
18579,0.04492057123699368,1,428.2851424442504
18580,0.05188080915640042,1,419.8137187282528
18581,0.051543556441734605,1,414.48246896177113
18582,0.06138489145843986,1,423.7728225430829
18583,0.0557251532417715,1,412.66175116999113
18584,0.058087843658068815,1,404.298864631882
18585,0.042600307224464104,1,385.3353552911292
18586,0.07779299101239881,1,392.7399056390573
18587,0.1398464491019484,1,291.1894439786606
18588,0.09494976398945816,1,391.68748153703007
18589,0.08704296536205394,1,418.0283964110588
18590,0.10512272846907664,1,397.73517041063775
18591,0.12571138847071442,1,379.4129722991654
18592,0.38646299183159755,-1,-1124.5475448075158
18593,0.28694348828555905,-1,-452.056299358375
18594,0.23294883814643924,-1,-583.709018701206
18595,0.24987008406785163,-1,-441.2655948541809
18596,0.4297549137694952,-1,-1388.7095384960394
18597,0.5447105904215478,-1,-1643.684861391224
18598,0.48736948782936784,-1,-853.0826955741343
18599,0.4404585534312237,-1,-1848.3749093441154
18600,0.34504208381623436,-1,-693.5324356402307
18601,0.4731747748229901,-1,-1267.8468330046892
18602,0.37119697436487453,-1,-1391.257326913868
18603,0.39073836030132064,-1,-1094.7839877401486
18604,0.31536119510581084,-1,-1153.1212506368515
18605,0.3475394276939374,-1,-5756.860874671165
18606,0.08495185282854732,1,290.27832150986086
18607,0.09194487365581952,1,399.49565121100136
18608,0.07151246997726116,1,402.04767369665007
18609,0.08795293852290417,1,364.31529669712023
18610,0.07963582811365456,1,369.6754033633881
18611,0.06782960696169375,1,388.02561693310474
18612,0.06955043049894867,1,372.502297802403
18613,0.05183550861082941,1,410.54180654317605
18614,0.040638103947393464,1,423.2316084547276
18615,0.045292089000695,1,427.66953114837617
18616,0.03603219524786366,1,436.35703204245203
18617,0.043943962783119246,1,431.57833847443845
18618,0.04221336165899499,1,432.74408113556797
18619,0.030058444536401916,1,432.05822224671857
18620,0.08139067686210108,1,419.4392549908012
18621,0.09487499085164776,1,390.0210119672787
18622,0.14731488921869776,1,341.1482783565697
18623,0.13173113610928638,1,375.1580643406713
18624,0.16185258029525276,1,272.9942599190616
18625,0.14341873366937133,1,158.42810913297637
18626,0.16528607032420822,1,74.27678901340681
18627,0.09255026693803226,1,297.3013537525603
18628,0.10249498829498208,1,362.07091956971715
18629,0.15558898866249954,1,246.01499281731537
18630,0.11365214516419904,1,406.79232941670887
18631,0.07811115560769612,1,407.2378194800326
18632,0.06222091738836771,1,427.6615353679312
18633,0.03913981216625444,1,435.21063628136267
18634,0.06764856498600143,1,364.4211593619774
18635,0.06586556914506211,1,364.260361645236
18636,0.06169137788742829,1,291.74846876762325
18637,0.06446153593830604,1,338.2913228785804
18638,0.05694263419314622,1,359.02341229139654
18639,0.060737065966607585,1,337.6625592770663
18640,0.06702271109754068,1,370.0248751985928
18641,0.07581733430222418,1,365.28989315740546
18642,0.05350608383420572,1,405.4246804251122
18643,0.04759659554286439,1,425.9398292863266
18644,0.08857633568567244,1,324.4020973137625
18645,0.09096358036367354,1,273.24199951581767
18646,0.07230219325646067,1,354.44724858832757
18647,0.10076238341331557,1,311.9327581177986
18648,0.07653899441623492,1,380.8903767108016
18649,0.08032933281705787,1,393.4839030981351
18650,0.08650303795324095,1,296.8869964563619
18651,0.10333878253130986,1,358.66159879902926
18652,0.13207833911959993,1,287.1990285714842
18653,0.10312094715959844,1,281.69665321969575
18654,0.07528683375809979,1,395.3507674207027
18655,0.07817600503371627,1,417.06316315114174
18656,0.17276767833923756,-1,-396.8814055405247
18657,0.22914226314276956,-1,-477.63834161746433
18658,0.1394047130838509,-1,-100.49116686290017
18659,0.15247723949415246,-1,-81.74833034114806
18660,0.17489670739716232,-1,-197.81930871238262
18661,0.1747232856316743,-1,-29.883050178040776
18662,0.16747758508801083,-1,-618.0734289037073
18663,0.1638481040726796,-1,-528.9366815080303
18664,0.09751908899638144,1,265.2225683031804
18665,0.08227182153388822,1,286.44649122273233
18666,0.05178846599189945,1,398.28800551716586
18667,0.05691971706844419,1,398.7660496125411
18668,0.04815800712715994,1,360.06514398375333
18669,0.06688268841857,1,406.97620289322526
18670,0.2250797384865184,-1,-281.92270363232944
18671,0.2354592185782099,-1,-667.5153441832813
18672,0.22666339122812454,-1,-394.3099867096656
18673,0.18590909294060692,-1,-187.66657969276196
18674,0.2417186320949492,-1,-550.9385146434973
18675,0.2894244510850455,-1,-646.579393963852
18676,0.2588217744902132,-1,-615.3605271253584
18677,0.2558424819874752,-1,-696.8844852792602
18678,0.1369951035004464,1,2.069396640957507
18679,0.10220699140016468,1,337.02455865280933
18680,0.13971110520996796,1,133.16095249139465
18681,0.09649156274997574,1,313.96501001060614
18682,0.11292300019515013,1,287.75997983870525
18683,0.08175092974625754,1,311.2746241735512
18684,0.06543350931963257,1,389.2483930494639
18685,0.08274451618071628,1,344.1841644266413
18686,0.07737307644881085,1,401.92891017174014
18687,0.08169602724063263,1,386.5046049136276
18688,0.05516558994722691,1,421.45644248176836
18689,0.04202349035081761,1,415.41502251015663
18690,0.03712659788244982,1,432.7852272908717
18691,0.03826719205766306,1,429.0879013197739
18692,0.03408234197693679,1,427.17797183174076
18693,0.047021440777683964,1,423.0959847478924
18694,0.04914914062368599,1,418.9144195025574
18695,0.04035834460406139,1,428.9822457976792
18696,0.025474588765489907,1,431.6110347421159
18697,0.025117936456520377,1,434.1666044514734
18698,0.03798704099498667,1,400.69220534269544
18699,0.04128255022421483,1,426.98476952310324
18700,0.04024875394872402,1,427.49848545732885
18701,0.026025088543164293,1,434.15620638132003
18702,0.04541245191789441,1,419.3344509655711
18703,0.0614509762695749,1,419.8046164441697
18704,0.07566055678983508,1,400.9346984512602
18705,0.0739754588123169,1,361.547999082551
18706,0.09220068709960316,1,389.6232862306726
18707,0.09511990981485223,1,391.01609708024614
18708,0.15242238280683207,-1,-187.63639682744622
18709,0.1324556029371874,1,240.59598342059024
18710,0.12245003624277777,1,360.87459405866025
18711,0.13129189725951876,1,316.49692796137464
18712,0.10386421093839253,1,290.33674889748556
18713,0.09035440208891951,1,394.9236549820271
18714,0.06426070884346843,1,412.1755217340853
18715,0.0833341499197685,1,403.8781681943135
18716,0.06583160722516868,1,416.2301308632696
18717,0.06844057572144091,1,401.93410186410006
18718,0.07224611610457747,1,427.8841463084122
18719,0.2718516944588832,-1,-621.9094351970859
18720,0.3836869536018496,-1,-6419.437015990523
18721,0.12361798613471256,1,241.45885151295562
18722,0.10118360582477656,1,273.3235512887227
18723,0.3393039099177147,-1,-5885.022879455334
18724,0.24378291889532283,-1,-1122.213911096346
18725,0.17278297819513927,1,234.77418648640676
18726,0.16733918507190976,1,236.42798894174675
18727,0.09042469467523302,1,405.5560293058271
18728,0.2187001670577958,1,232.2572435815276
18729,0.19263024458999098,-1,-32.13473623170103
18730,0.2714887623828462,-1,-997.2966979107648
18731,0.1829449265916101,1,295.16094464207833
18732,0.23513546779152544,-1,-929.6258472193297
18733,0.0991369947400057,1,345.4812744627709
18734,0.07240801981626409,1,424.6996318843875
18735,0.06108654404121279,1,417.96905547436245
18736,0.033926425827903,1,433.58060187504776
18737,0.061927750605861344,1,416.1397196688859
18738,0.034974548500757645,1,426.51951375300115
18739,0.044530083097837306,1,426.1575857533369
18740,0.04786941624527143,1,427.93573319753807
18741,0.07699613086741133,1,361.59381039599043
18742,0.23561465755205407,-1,-710.2998083241462
18743,0.3437983669120886,-1,-1038.8489852412529
18744,0.3529495866645824,-1,-947.8596263167528
18745,0.28837104069550357,-1,-792.1667969792845
18746,0.36111335066273764,-1,-1077.9124207438756
18747,0.3269261485061077,-1,-1063.3609188291778
18748,0.35284160881544485,-1,-742.997097494758
18749,0.32143908809417787,-1,-1007.781804094524
18750,0.3145385127035681,-1,-250.39733742647752
18751,0.20885424575245018,1,226.39397111695268
18752,0.1434106035573956,1,284.74219273711907
18753,0.2158742982038103,1,296.0132728828431
18754,0.20520806072197617,1,224.74817544110903
18755,0.16461982912533987,1,294.3998088576096
18756,0.09583167928988261,1,380.0413842654497
18757,0.13358828213655413,1,374.51428602914854
18758,0.07489826077357704,1,404.56995176125935
18759,0.0684226074611411,1,411.70574996821153
18760,0.07932121825123084,1,405.2371157242977
18761,0.07341838403632557,1,415.43075003301874
18762,0.1816460571029585,1,237.53787104758823
18763,0.13352159779606074,1,273.0065218225348
18764,0.1968324555232064,1,24.43738626031427
18765,0.1904650870910572,-1,-146.6321857852215
18766,0.33101164064235383,-1,-2955.677844105844
18767,0.4120731477507123,-1,-5085.741341392571
18768,0.34357222502208057,-1,-2441.856900450177
18769,0.26722103012124643,-1,-364.01013705388334
18770,0.4230149627609688,-1,-2851.706700301441
18771,0.6354257443252253,-1,-8374.236652032465
18772,0.6350089448851904,-1,-9821.457145386805
18773,0.8233109733067464,-1,-17533.51642831591
18774,0.42760552857674405,-1,-8069.235745164093
18775,0.2625772331573071,-1,-2706.320620592536
18776,0.2986418150258472,-1,-1828.632394624599
18777,0.36772718723067566,-1,-1986.546692791738
18778,0.2414944140545185,-1,-594.4342538448602
18779,0.17261912820560207,1,249.98578627330426
18780,0.19864534834152045,1,156.98540085537178
18781,0.09251922144603016,1,391.5091317624836
18782,0.0947155440089653,1,373.34407610070633
18783,0.1144840254589035,1,357.93484498196665
18784,0.12461718408676029,1,367.6917212123342
18785,0.08919964411703872,1,385.43236487263835
18786,0.05162956196575399,1,424.9112750493004
18787,0.047899162417449556,1,423.6620101973408
18788,0.04587170542210008,1,431.5640716109088
18789,0.05504297988938751,1,429.94749211000226
18790,0.04471423409566367,1,435.79218263245764
18791,0.046270653142873354,1,428.3293327988199
18792,0.047075100654980793,1,432.26822957970313
18793,0.041772169775760315,1,434.1474598228102
18794,0.042280189576086855,1,432.46600405011446
18795,0.07700503186655568,1,399.75899265138696
18796,0.05693957397692822,1,424.36169642709996
18797,0.06108277444879971,1,424.1910963702315
18798,0.049223499553650706,1,426.62997388248664
18799,0.09165359176092677,1,393.1698546769501
18800,0.10130142607349499,1,341.22484825433446
18801,0.09316642222263298,1,300.55951800516243
18802,0.08430614778294665,1,314.4819023073942
18803,0.10695361188265397,1,201.6340678094362
18804,0.15892844932311542,1,89.22122166164007
18805,0.12378001307671091,1,269.1607305239082
18806,0.13112711210346084,1,218.5530727192538
18807,0.18983687216366243,-1,-252.1502975934419
18808,0.12332102467448115,1,351.0452458218959
18809,0.14001218853886777,1,254.56131790147887
18810,0.16654706737608294,1,101.34320830952652
18811,0.13675701767596957,1,296.4474614195344
18812,0.15008013782437332,1,211.30694643055554
18813,0.16613055113487402,1,109.10556949772018
18814,0.2405841674778153,-1,-89.56210391017589
18815,0.19074960425857573,1,283.5892214734081
18816,0.2000772261444253,1,149.1448097495491
18817,0.1599400241327142,1,350.4439027457733
18818,0.14130158765019138,1,63.692879315340065
18819,0.10029893441021698,1,383.38361224768687
18820,0.058116378882550127,1,422.5242787257386
18821,0.07512564291730968,1,384.494009632541
18822,0.03489666223469248,1,426.9401486131803
18823,0.05134361533025041,1,429.25794213944897
18824,0.07223692360885224,1,416.8393775212388
18825,0.11247959797715393,1,335.8754229911745
18826,0.07244545909268447,1,369.5570619590496
18827,0.05779202188920561,1,411.33847057414357
18828,0.10438742327336857,1,328.80394882781627
18829,0.18233213796052292,1,98.8399543124221
18830,0.17694123320429064,1,304.9071236531556
18831,0.17560049039254408,1,230.97766623199553
18832,0.1383176669209178,1,261.88077932947476
18833,0.11024534545367493,1,340.83128308044775
18834,0.1573058038908705,1,265.73420380242374
18835,0.12884573334012653,1,352.4423713926956
18836,0.1191392925756128,1,383.4687659836482
18837,0.1567603353370607,1,185.85344951675367
18838,0.0745873903145717,1,394.4438213591085
18839,0.10466253875418749,1,238.3603748431471
18840,0.1693301681716664,-1,-475.80995362638987
18841,0.16890547150323434,-1,-160.9086939217874
18842,0.19011351285919012,1,52.04228640601218
18843,0.22231309708127459,-1,-70.78567948549085
18844,0.22788348841099698,-1,-101.54525752684981
18845,0.1912959763035639,1,123.69149203002166
18846,0.15492635093768548,1,141.56887889006913
18847,0.19501699716321533,-1,-4.743947955239776
18848,0.1599185135566245,1,232.42788512046462
18849,0.14044757681385805,1,262.40614574805727
18850,0.18065623276291776,1,26.699370831512397
18851,0.1514734321134056,1,354.6853685650473
18852,0.2423894521716253,1,64.82164213960903
18853,0.19807757059977335,1,195.50581440850718
18854,0.14532344254890103,1,364.51097444979143
18855,0.19660399156355562,1,264.985373294177
18856,0.1662548758519029,1,277.6759726522465
18857,0.11362020307373331,1,376.8890976299416
18858,0.14740235158611897,1,213.75151929170585
18859,0.18636205655968524,1,39.4898830124161
18860,0.1788505132511326,1,187.1137836284518
18861,0.17583167523051255,1,157.17681731509515
18862,0.21191411285559233,1,36.93512753123525
18863,0.20653228841604662,-1,-22.024156485876574
18864,0.1345776499244872,1,368.5941421334744
18865,0.1723820680299793,1,343.2747517089204
18866,0.19533496674823292,1,200.96334689885066
18867,0.14499690952544245,1,81.07335617975815
18868,0.1378632320105268,1,315.71375226808186
18869,0.08473870820599005,1,357.9347003918874
18870,0.08568567478685253,1,357.17348038627887
18871,0.14943180743150355,1,255.8911579653406
18872,0.17674714016995038,1,166.19851247572655
18873,0.15129477413329243,1,248.8033586470088
18874,0.15194537156226154,1,156.70686318120806
18875,0.17787721419095368,1,108.07854772141161
18876,0.1479153473945744,-1,-31.956723194114318
18877,0.2546945319519492,-1,-1074.9193124555673
18878,0.23639192269321646,-1,-1389.8743051703657
18879,0.1706901693316615,1,122.4437493470898
18880,0.16766052833844317,1,91.36517938078708
18881,0.12156224897346199,1,392.643321308131
18882,0.12142030850366013,1,359.7714768379518
18883,0.20467960358125395,1,244.32536928657626
18884,0.14227694942947502,1,356.8814158589456
18885,0.091686289424016,1,399.070929065763
18886,0.07880417846659286,1,392.9416026926089
18887,0.08442609276780702,1,373.81454162211793
18888,0.10243465520627042,1,404.5086894337653
18889,0.13211638112883078,1,373.5813340245659
18890,0.09759860887128932,1,403.37591101481576
18891,0.11469457142684537,1,299.51280812946777
18892,0.07642389873289666,1,409.78946313563296
18893,0.08081239631954958,1,385.118713688908
18894,0.1296851774377021,1,236.17048045740142
18895,0.10035215771379002,1,375.27171080640807
18896,0.12043202560046803,1,302.1801258503409
18897,0.10085169545471505,1,287.8094558935893
18898,0.08534373828529541,1,380.3861693132432
18899,0.20313887324751376,-1,-404.5414169658237
18900,0.1949964218200888,-1,-1112.1427838054237
18901,0.17943325329946697,-1,-910.4476076243379
18902,0.19548762769548064,-1,-1301.5042092067927
18903,0.25040045676060124,-1,-1007.929353810237
18904,0.2478403701405243,-1,-1060.6525172466274
18905,0.27285852521223913,-1,-746.44937525719
18906,0.21832566658161098,-1,-615.9014515547099
18907,0.21635133908683443,-1,-513.4755492761986
18908,0.07501840843560106,1,396.841887017977
18909,0.055374271002558054,1,421.6976336164998
18910,0.04116266566842335,1,424.3578580256156
18911,0.029814208103061828,1,436.8717601768499
18912,0.03776870262119616,1,436.0327164536676
18913,0.023254005256844932,1,436.7819526422868
18914,0.03876845176803113,1,432.2987395361198
18915,0.08918217763759241,1,384.1875471156268
18916,0.11846289234711914,1,195.01328294784435
18917,0.1340696589443846,1,177.27792218778092
18918,0.13847087381964057,1,288.3965704659563
18919,0.1376821340356366,1,246.92775544983985
18920,0.14698222120180246,1,111.61116707934565
18921,0.11901282498990495,1,301.5389662654618
18922,0.10936617558662363,1,357.0607716437354
18923,0.14307620289657094,1,117.84768128638075
18924,0.05455408542798628,1,426.33829414730974
18925,0.05599460353566625,1,421.6548439850685
18926,0.05439198902982916,1,424.9032753935843
18927,0.08159401982065752,1,380.9496492845489
18928,0.06984391576998096,1,411.8624828171792
18929,0.085375827418293,1,392.72742427156317
18930,0.07688110884044419,1,414.2715455482788
18931,0.07835603575619934,1,416.78226756651674
18932,0.12411917797064866,1,363.3285718332329
18933,0.09950490083419881,1,393.4584693326112
18934,0.13627314562333875,1,261.9478308623234
18935,0.09910852560213215,1,383.5459632415353
18936,0.10525672786157925,1,348.1371302011849
18937,0.2093798019345016,1,200.66277520292903
18938,0.15575720947262403,1,249.31650061672602
18939,0.12504778234345168,1,297.987681400277
18940,0.142173102190242,1,236.45904448873534
18941,0.16410943134334913,1,203.6122415422534
18942,0.12528105170325063,1,256.479300450741
18943,0.1299059444861647,1,326.5363659423449
18944,0.16748299756674437,1,195.4217746652124
18945,0.11840028537775174,1,273.00980681764497
18946,0.13410493887900057,1,363.6471645447401
18947,0.095304372510461,1,334.4590023893143
18948,0.08376863492735453,1,320.23049437541965
18949,0.08190732129125747,1,385.1663629152601
18950,0.08976185358657317,1,333.3340428681232
18951,0.05459087937682246,1,424.37179183604115
18952,0.04546603390198249,1,425.8360565718332
18953,0.05199328456533311,1,430.8685171487366
18954,0.051372983616800816,1,430.95279014189583
18955,0.05571038146856999,1,416.5971403753328
18956,0.0473990251273876,1,428.71615250628554
18957,0.06503575853737541,1,420.59417489365273
18958,0.03246986893492503,1,433.39402579966423
18959,0.04237569721411737,1,434.37318427239774
18960,0.022796081473098702,1,438.41362955270046
18961,0.028729754491755737,1,436.94201331159866
18962,0.04364427551850701,1,436.0778636522896
18963,0.06337623607241906,1,422.3742344567653
18964,0.05873401600882932,1,423.0316642862364
18965,0.06200645546834653,1,423.5380757633896
18966,0.07465181386374334,1,409.3548878369079
18967,0.0721777544936387,1,418.6008288024823
18968,0.10203859096299148,1,387.4806952885974
18969,0.078665268551972,1,416.7014041072583
18970,0.0455104474928768,1,430.17072460443444
18971,0.04234778688854706,1,418.1716626753623
18972,0.04734513382312553,1,412.9606534930486
18973,0.060722489942670876,1,412.29671627746757
18974,0.08675803868207528,1,379.06530853542455
18975,0.10510082992244155,1,281.79462541322505
18976,0.106679424903692,1,224.94567361291973
18977,0.14405616102618998,1,68.82631013561866
18978,0.18774848399865257,-1,-185.8674028227574
18979,0.12219253196749398,1,250.85163546642173
18980,0.07261587804507855,1,414.0419934096328
18981,0.0587198828432404,1,422.82017445288335
18982,0.04535790693415493,1,431.4401480830399
18983,0.05881644149668155,1,425.9725131269893
18984,0.06049831940118612,1,418.702469073823
18985,0.1159634654359252,1,366.42184281727594
18986,0.07558292164656563,1,391.7056663623582
18987,0.08299266680708864,1,322.4311088127169
18988,0.059758986876545225,1,388.1089733751312
18989,0.0735010372261885,1,320.3271611922265
18990,0.09572540309576638,1,230.9599470472135
18991,0.07876835886060161,1,350.929081885207
18992,0.041303120863378624,1,434.99970813765634
18993,0.025644592655629527,1,434.5865820981042
18994,0.026041070421105716,1,434.1511549374781
18995,0.020741410968378875,1,436.47196357680383
18996,0.035312651984678874,1,409.032858425603
18997,0.03749690869385815,1,420.4869043796373
18998,0.051167029504685164,1,403.0401384388274
18999,0.0737966533788317,1,360.7924933673414
19000,0.08580490959982108,1,358.31355695294155
19001,0.054947774090740566,1,408.0219706604601
19002,0.046785863669717306,1,425.2551413912482
19003,0.05452950729276401,1,409.40546680071895
19004,0.05163665596785124,1,353.6638704818101
19005,0.06266465039872895,1,346.6246096175197
19006,0.05645162278815511,1,257.2741799077683
19007,0.06074125045845758,1,355.40459434411673
19008,0.05277077434090828,1,331.8208645531458
19009,0.033434374503013384,1,426.1196973559496
19010,0.0472710237666551,1,412.976390860206
19011,0.06782963148082795,1,410.66022257666583
19012,0.05396078064786037,1,410.1430986057638
19013,0.049521695840737394,1,429.6643069583337
19014,0.03923967539632337,1,434.50829105951357
19015,0.04752715230981689,1,431.6555966110883
19016,0.04572683614155704,1,429.6579621523557
19017,0.05448064720949284,1,428.8860107660232
19018,0.03563490466035047,1,425.1867318578061
19019,0.03664585112466894,1,423.94772300238884
19020,0.03357900424246571,1,415.26928811492337
19021,0.031808017533108454,1,411.30237245491725
19022,0.03418543318927355,1,413.831014232842
19023,0.028663763270921187,1,417.79348779650684
19024,0.03433707646895544,1,411.3225938864696
19025,0.04429426610980366,1,412.1706849621468
19026,0.040308439528510064,1,423.7658963419595
19027,0.0352334080905813,1,425.2523493760823
19028,0.047441462263150436,1,430.23570066555135
19029,0.05283449733050164,1,428.91757131790047
19030,0.07055226087823449,1,389.51698087287116
19031,0.08604827971065795,1,388.8230822298778
19032,0.10363728332098003,1,264.2681617099658
19033,0.06289663157668898,1,416.1727450220316
19034,0.15171137071595625,1,200.61962364039954
19035,0.13501264804114252,1,220.3488453392507
19036,0.13479348929947924,1,98.31499710041783
19037,0.10765171486891488,1,98.52831989430149
19038,0.07215954380416721,1,360.7838125158693
19039,0.10651230373226694,1,360.3065592485678
19040,0.11257590460588666,1,363.38759064568
19041,0.08246834271087089,1,415.9951159714686
19042,0.17983034930140768,1,259.11606062197393
19043,0.15351525111905737,1,15.120637309729943
19044,0.25746287970067455,-1,-1199.9456041547146
19045,0.3118921866553222,-1,-1340.6417169236854
19046,0.25985256498477616,-1,-433.3261269656532
19047,0.3338148806301476,-1,-1249.7277426692176
19048,0.43753732434389053,-1,-6418.287065237155
19049,0.3810901898876932,-1,-1497.6048260242276
19050,0.29734087063604164,-1,-1777.5576769991533
19051,0.26108424663219704,-1,-479.68948020764003
19052,0.219575763280749,-1,-69.46019438924617
19053,0.34205723999967724,-1,-506.36444951938506
19054,0.39677362428576696,-1,-1490.3371264554164
19055,0.06350223810070647,1,426.0873368518317
19056,0.03757570119867126,1,426.1953861807739
19057,0.06826472674589654,1,401.0121352798653
19058,0.07367710830301553,1,413.1582427264995
19059,0.0805315930661749,1,409.5778022388807
19060,0.08765085239947752,1,397.9279125260297
19061,0.057789839305339465,1,429.06751829333484
19062,0.045226253043980334,1,431.95711568318563
19063,0.07546891566727618,1,399.30698933289597
19064,0.09264026439818662,1,369.611455226438
19065,0.07295935423645028,1,410.2478312781913
19066,0.07386959178381639,1,399.1867434096098
19067,0.10306663961456793,1,387.03338482958947
19068,0.09594790914142216,1,397.25103369163025
19069,0.0967906980095891,1,318.2675147616303
19070,0.09077961104755461,1,366.9135074273254
19071,0.11447530212232407,1,347.67593052758446
19072,0.11930324112367585,1,327.80093408352377
19073,0.12320788192289599,1,359.9724784177044
19074,0.06805785822004728,1,416.1043003134472
19075,0.05511817382807902,1,426.4107154163568
19076,0.04989806592466222,1,434.6629591989507
19077,0.051328883470999564,1,429.7789833325408
19078,0.054652826661226735,1,424.4876225688076
19079,0.048740552877776795,1,421.6355163021857
19080,0.05456564822198066,1,422.0939718505167
19081,0.07013945664774222,1,406.63063650249796
19082,0.05433610827117733,1,426.2236485382886
19083,0.060992402262544786,1,423.1382816705972
19084,0.11492989137679621,1,268.64330600051903
19085,0.09013252482059837,1,365.66073335781874
19086,0.08101068982996158,1,379.07667862546674
19087,0.09202808415175097,1,342.24547796816694
19088,0.11059278528113056,1,274.62643728753665
19089,0.10306996419167007,1,377.0460403389659
19090,0.08551853834721486,1,411.83537373211936
19091,0.0719565078916716,1,417.5628305257093
19092,0.1310402100580377,1,379.9988072026497
19093,0.16587067873393474,-1,-168.38670994908387
19094,0.11960442127734858,1,237.92471498282592
19095,0.09655569299528974,1,245.55542642447583
19096,0.10382483605894358,1,284.18236776352353
19097,0.13668475795384027,1,174.13538783807462
19098,0.11002235459370024,1,232.91671045018617
19099,0.13929714003903176,1,153.9144229652877
19100,0.14744553723222492,1,208.35880046269236
19101,0.17584749783330794,-1,-28.384972916027948
19102,0.10122517921726981,1,309.6801270152687
19103,0.12509236806732874,1,283.27831067903037
19104,0.11659541171350978,1,176.19292234254266
19105,0.10040964438965985,1,366.1758380336473
19106,0.08553966758651835,1,358.62445105710356
19107,0.09687463845399444,1,387.01112246632954
19108,0.11788658009372192,1,384.4281893816842
19109,0.09481859815135361,1,387.61643156975896
19110,0.0648785132464878,1,423.50242530153116
19111,0.06771813402106301,1,425.69079683342636
19112,0.04671148972776011,1,424.8338610731168
19113,0.05664398174406831,1,418.19487821614655
19114,0.036513037018696584,1,423.9423707070144
19115,0.071984677787613,1,393.7759465047565
19116,0.0670750223574789,1,397.8748401702011
19117,0.055203599224729,1,387.8222806451124
19118,0.0628924623158297,1,397.9548931954538
19119,0.06625265021609508,1,369.7737850099454
19120,0.10118723267838638,1,181.81520708520907
19121,0.07711421958285979,1,330.6546149355559
19122,0.07859099078744916,1,405.9772005217984
19123,0.09760810975362581,1,389.9172705976186
19124,0.0971027665107892,1,398.9294419509792
19125,0.11201473438129188,1,342.8055528898916
19126,0.10866633307649697,1,348.6624343274674
19127,0.108230548582708,1,374.2197499046576
19128,0.10908933021569843,1,306.41044744665516
19129,0.04033406843374875,1,422.13562475654265
19130,0.06420617633323865,1,382.0215623498768
19131,0.07396305614862775,1,380.4589176580331
19132,0.10202495944256117,1,259.9821337216446
19133,0.10561814677110812,1,264.3487030937596
19134,0.08935509119432612,1,321.6903586021615
19135,0.14198652465240438,1,164.84780580960148
19136,0.12793930993832947,1,169.7376276139159
19137,0.20705576544684948,-1,-322.53074101371146
19138,0.13948155903456724,1,249.56168629642443
19139,0.132769335671814,1,303.2484619065293
19140,0.12906546517210332,1,326.1537953940536
19141,0.1103380936817636,1,371.1665503649691
19142,0.10055889148092266,1,335.0505720139529
19143,0.09209025100128299,1,377.8204850060874
19144,0.06640809946246963,1,421.70396863385054
19145,0.05001289564398037,1,420.18028355003014
19146,0.06555261610313881,1,386.65104478585556
19147,0.051554943334339534,1,418.8746623134341
19148,0.1143195363328876,1,367.14454191869106
19149,0.06431797945861707,1,409.59445374353
19150,0.07987765073506299,1,401.1276243565767
19151,0.12112241845896579,1,333.672399376297
19152,0.20018721165392822,-1,-709.4811338866666
19153,0.22497887489756577,-1,-1625.8890306299534
19154,0.2566020334279532,-1,-2945.424939054471
19155,0.2259680267813659,-1,-1700.6152476097425
19156,0.1620637997667939,-1,-762.680639100261
19157,0.12600311294086047,1,107.42515877730159
19158,0.12848575015982994,1,296.6275123783273
19159,0.10787220022381769,1,227.9741686316646
19160,0.14414561728260647,1,198.89591354876146
19161,0.06480923181734087,1,297.98748889585283
19162,0.06202976717599768,1,390.6021092546771
19163,0.0717066612602815,1,389.06606961290544
19164,0.07336710488473111,1,418.12918356305335
19165,0.046719507072792876,1,419.6925050138743
19166,0.06962675152302941,1,366.0494317861029
19167,0.06618622429836744,1,378.9559448464499
19168,0.15202366082450375,1,265.56636188956685
19169,0.1258263001204769,1,302.5190003365956
19170,0.10609001825887746,1,389.8807186139362
19171,0.1250664138057274,1,268.07471615525594
19172,0.20869538281269945,-1,-243.09454364578937
19173,0.20823634035254274,-1,-7.061994243816059
19174,0.1893423264828433,1,196.7776496022006
19175,0.19499964203017958,1,189.44833077976875
19176,0.15188402572496848,1,236.6434149374828
19177,0.13988239521299256,1,327.03532334886086
19178,0.16987993246157398,1,126.09751810031054
19179,0.14481105244806103,1,219.15277302127276
19180,0.08921700519403054,1,361.29612639921197
19181,0.07500551215908838,1,373.3505522557623
19182,0.06575335668105389,1,358.23575458092506
19183,0.060697041100739146,1,365.3239727872924
19184,0.06305330111291091,1,365.4720193310038
19185,0.13404167149159876,1,230.90828723335633
19186,0.11215734584614204,1,220.8272352771352
19187,0.14333132624516848,1,187.79288089754036
19188,0.15597200454626053,1,93.7944047992288
19189,0.13456354618470628,1,358.8803805395069
19190,0.1550158138711512,1,282.727057993612
19191,0.16421003992109356,1,245.24568209113679
19192,0.18925890279201182,1,161.46247087857682
19193,0.17479028186829132,1,178.35262191754845
19194,0.1339921282951215,1,316.37301198670116
19195,0.1231375477299134,1,256.3175670480271
19196,0.06329194583232418,1,411.4163773778972
19197,0.06459674010698765,1,402.62278673386436
19198,0.08534486776532747,1,374.8474282878057
19199,0.09352988227226026,1,293.52575298841725
19200,0.13170563817199227,1,347.6893067916545
19201,0.10323500114041935,1,393.25145651610933
19202,0.10709938068248025,1,316.2439027151505
19203,0.17559799476341237,1,41.02819542444195
19204,0.19270166603807456,1,33.31610944939473
19205,0.17535888398786706,-1,-88.19464965236921
19206,0.1882820885745969,1,76.33599942101142
19207,0.14885507202172082,1,262.13216159774504
19208,0.1464027517264123,1,50.27340427490202
19209,0.10608424965534445,1,289.8029810358793
19210,0.12170339322551785,1,366.3814486210689
19211,0.11805301464981265,1,403.3960781076657
19212,0.08139554837267093,1,389.3890783155533
19213,0.09523055508341018,1,323.81655527785057
19214,0.12485364247147945,1,306.2223698316284
19215,0.1104881919323156,1,378.8505353877946
19216,0.08335635989543173,1,412.0416330472736
19217,0.07730044582665584,1,416.02646114545826
19218,0.1370343867848886,1,366.71297735204666
19219,0.12340753670855101,1,380.8064789961337
19220,0.11325324150008866,1,385.7843022796551
19221,0.07971745203596127,1,414.74992501150365
19222,0.11707386764429202,1,283.1561053394897
19223,0.15890550938886538,1,218.13300421711884
19224,0.1459128635656884,1,338.1375635861904
19225,0.44650616389507464,-1,-2579.9872402765295
19226,0.47489625196315083,-1,-2926.5512656412693
19227,0.40547102448467204,-1,-1846.1097863749349
19228,0.38674851600500276,-1,-1852.166179463529
19229,0.3313057672023119,-1,-1789.9574815898334
19230,0.37155677178201946,-1,-1266.4655600493488
19231,0.4659837665196844,-1,-1514.3955784864238
19232,0.3696808446419739,-1,-1374.9561510900508
19233,0.19279030014845025,1,104.30614749491866
19234,0.07908102057870428,1,376.0199884690788
19235,0.12554577851933754,1,310.1031319372705
19236,0.11721651434269734,1,380.11566872755293
19237,0.1327339405820878,1,363.6956640620845
19238,0.14521492131246472,1,327.5823330215367
19239,0.14009434768191595,1,348.75464376145254
19240,0.18561733338469022,1,284.2510269012979
19241,0.20348914029192885,1,279.1441573834093
19242,0.07463651681556972,1,414.278318131315
19243,0.09523555267944021,1,368.0196415196906
19244,0.08334091551612018,1,388.7009291286228
19245,0.06337584790740838,1,416.4660190319301
19246,0.05536153150777507,1,428.8429601283483
19247,0.07952595132596788,1,401.3844555750801
19248,0.059125953854159495,1,416.9538003591107
19249,0.06621652639198697,1,415.0116278181344
19250,0.07683597594777178,1,391.51220753526286
19251,0.06668757943785465,1,412.3476782428832
19252,0.03860763977416738,1,436.06854510361296
19253,0.051840311796834966,1,431.9110297869549
19254,0.03416504538643607,1,431.1587192692094
19255,0.04418620824209259,1,432.63436367302614
19256,0.040519782908266355,1,434.57824411532937
19257,0.03918218288814007,1,435.8358259431113
19258,0.054220463599409206,1,429.3131721622526
19259,0.09671092705325249,1,319.2325822949498
19260,0.09917352779052137,1,303.636463902819
19261,0.0716814729439975,1,305.16441856747315
19262,0.10493815026129681,1,119.33827152336556
19263,0.09609278413968833,1,182.1293243493899
19264,0.06977763740272816,1,271.89140266641516
19265,0.06921970403546787,1,342.3111509276387
19266,0.07850999732344009,1,258.27676183534265
19267,0.06981319542905724,1,381.9151904747114
19268,0.09535726443351149,1,396.4511541025126
19269,0.10211021440052115,1,394.1537444469985
19270,0.08436416831957592,1,393.51246913150226
19271,0.08538139731081408,1,410.85279650373366
19272,0.1068721868968693,1,353.56968065325276
19273,0.12051661657453842,1,390.33253978077505
19274,0.14315207629008642,1,362.54897272455105
19275,0.09201670470759192,1,401.0069522999932
19276,0.08240905842848631,1,413.43439384489733
19277,0.1212038329397435,1,396.193572308233
19278,0.10869899727111802,1,378.56540339855485
19279,0.09537779101013084,1,389.35656600257215
19280,0.1103915125791766,1,378.7782512361867
19281,0.07715544821291322,1,380.01851136041904
19282,0.11493896103916101,1,339.71457883036004
19283,0.1340261019906537,1,260.4232237679496
19284,0.14517811946735246,1,281.80691325917127
19285,0.18360946531808625,1,157.48431087410614
19286,0.16421399521616167,1,91.45916954861968
19287,0.07983866321148571,1,335.28951121990445
19288,0.08646473955959476,1,374.7232410946431
19289,0.10904817349543827,1,387.5486712821566
19290,0.12151836222742263,1,198.25416295117523
19291,0.10698312717793892,1,278.84216674648076
19292,0.09736748353792833,1,351.7320802824325
19293,0.10141483286666274,1,364.55723826162654
19294,0.06401869955045383,1,347.5664219631252
19295,0.06705863025617087,1,353.85003391891695
19296,0.05051683726212007,1,388.925598365556
19297,0.05670515634305789,1,381.1021159511062
19298,0.021824129727518952,1,432.36692040173966
19299,0.021264445710138406,1,437.7294974831497
19300,0.022523762190740766,1,434.41031431555393
19301,0.05164081763390025,1,404.1204763775008
19302,0.069927512856418,1,356.89939722421457
19303,0.07683503107485726,1,355.3361468965803
19304,0.08782566057815833,1,366.3351176864667
19305,0.09803509486031499,1,357.51139459892516
19306,0.13175237573917062,1,296.6677535566573
19307,0.12421372756803506,1,272.837192312393
19308,0.12050269909955136,1,271.740203738418
19309,0.09771444860337594,1,396.39463292708285
19310,0.07612991066550703,1,421.8662352056051
19311,0.08270056017043294,1,400.8083713621041
19312,0.09215682829914898,1,368.57043023519975
19313,0.13515914924211633,1,194.14655668790553
19314,0.07834983937689362,1,331.3267406851958
19315,0.108471936719553,1,258.45201219237697
19316,0.3233513848323292,-1,-1329.0687033797542
19317,0.24627042781324082,-1,-77.41653967491186
19318,0.2373356308203364,-1,-17.823662229861043
19319,0.2523346673855915,-1,-569.4259847163624
19320,0.29851197764481824,-1,-1903.7054335827713
19321,0.24939200673730103,-1,-13.972434942300481
19322,0.2355655171254918,-1,-634.1080664822659
19323,0.23943176048391873,-1,-1168.6436355212204
19324,0.20247328392771854,-1,-407.3110772481857
19325,0.16041618350265655,-1,-506.23565331404643
19326,0.15578535622369144,1,134.69439602394516
19327,0.13541397602063263,1,282.02670172659646
19328,0.14777016073301277,1,187.05351424233572
19329,0.049544747103105094,1,416.73955429689187
19330,0.04806758583021852,1,402.2676527387203
19331,0.04270421000797533,1,407.19229420321045
19332,0.05385013876046,1,414.7278773833413
19333,0.04555209333368571,1,428.40916237490507
19334,0.0854761679236187,1,387.2708941197251
19335,0.09292325827152943,1,335.4157652420676
19336,0.0864828392214988,1,365.45865544417984
19337,0.11388001997905606,1,221.4750014512312
19338,0.09633796753980353,1,403.3341583203737
19339,0.15473181221816407,1,338.8057107893275
19340,0.11289158873493585,1,391.0079664302231
19341,0.10808328895730919,1,387.97406309373304
19342,0.10397347087501665,1,403.0979786131018
19343,0.15297029050232683,1,331.9897681997584
19344,0.10895466380699508,1,394.2067933323801
19345,0.08711937111078887,1,414.84464525485544
19346,0.09297109517027102,1,371.3896576874529
19347,0.08150666136079586,1,421.4617944362158
19348,0.0686458463829875,1,416.3925458314798
19349,0.06576826610180152,1,424.67232621682655
19350,0.059768236498451,1,394.8632250386375
19351,0.05803943490219644,1,429.4343561834277
19352,0.049191725343532104,1,427.9786408258566
19353,0.04030710630022601,1,433.9304204348211
19354,0.049473223230518025,1,435.7637634818537
19355,0.06986491565786432,1,425.3882825132326
19356,0.07667191855255755,1,375.62967563102535
19357,0.08854224073940845,1,404.62965063604565
19358,0.09062468461826538,1,393.20673584759817
19359,0.06322883010610149,1,387.06475847616514
19360,0.06833596854190212,1,385.07241938644853
19361,0.061063875501761115,1,398.2020851751734
19362,0.06688833867206774,1,382.2505345891852
19363,0.05763819332620359,1,400.2892342101468
19364,0.05681761235843994,1,417.172255112768
19365,0.05329299009030817,1,408.6543940432513
19366,0.05099117038987118,1,400.64466120855747
19367,0.03545443363649478,1,405.89913030723585
19368,0.02948249090487697,1,420.03534574400896
19369,0.021360200190274726,1,410.41847599048157
19370,0.024739021679412505,1,415.2865191885398
19371,0.025546216731540287,1,426.10168040521194
19372,0.05054840482401098,1,416.13817310814807
19373,0.043916980530646514,1,431.46862809265826
19374,0.03673307046108025,1,429.5848283556558
19375,0.041363728942486536,1,428.7536476199249
19376,0.09023513931336825,1,400.10814335273847
19377,0.11589731967231469,1,332.7387585763629
19378,0.10259402660970353,1,389.02669963590614
19379,0.1186201639070648,1,353.1877288919391
19380,0.172907592340895,1,309.18346810726763
19381,0.21163339355340938,1,49.684903155263044
19382,0.16863425632254675,1,268.1604994151734
19383,0.18234758740923881,1,234.15964653395045
19384,0.16124501566246716,1,272.6560708805181
19385,0.1872141944193785,1,106.60525842229038
19386,0.1345654513275127,1,211.99445688448395
19387,0.14743418263213842,1,215.42444027980872
19388,0.15499781650463113,1,237.38780603602797
19389,0.1441329206998526,1,248.35012360160886
19390,0.09885164915781126,1,387.3182244720448
19391,0.08434092257597496,1,398.9289827546131
19392,0.08156462956856776,1,394.5514542431853
19393,0.06269233796249228,1,408.75582429247385
19394,0.08640800881449086,1,405.0352000648913
19395,0.0924467136118321,1,405.9544032420524
19396,0.07691748161335987,1,417.1576205234941
19397,0.06073896504930093,1,434.70129040387377
19398,0.06674373797195755,1,428.5243005012426
19399,0.056263723716367044,1,430.0123188239893
19400,0.052257008514592806,1,430.55995621732234
19401,0.021340334465451104,1,438.2595843616314
19402,0.034880595576730414,1,437.75947093512866
19403,0.037768504886864396,1,431.88384971354685
19404,0.041989016273513695,1,432.0242231560599
19405,0.05665131090126524,1,414.0359717498566
19406,0.06753045703299018,1,401.69563867917674
19407,0.05625539506719422,1,404.8503748524819
19408,0.0539167246880365,1,418.35250725054493
19409,0.06134952885081655,1,408.6084664557666
19410,0.07231543688232535,1,333.97143801224445
19411,0.08194189559501565,1,292.3949049050277
19412,0.0677900307002532,1,363.58329227609374
19413,0.08281937178363066,1,294.56428516522465
19414,0.06916478406383415,1,362.680745274472
19415,0.07145162168867056,1,326.7693545039374
19416,0.08041835418602207,1,322.2403530514291
19417,0.0648963484332435,1,361.8810536344575
19418,0.09299534256610613,1,308.75219187363984
19419,0.06157147042693491,1,368.8561732967152
19420,0.042579310412930726,1,427.9201338118714
19421,0.049465814902263414,1,417.6900272634077
19422,0.05560952878621504,1,423.6790162995755
19423,0.06019671604853314,1,416.4825605951501
19424,0.05475151605047105,1,429.05589639693665
19425,0.050673204393412094,1,424.194722811826
19426,0.05060748537427754,1,429.22595535317805
19427,0.05995552655632957,1,427.99374090982076
19428,0.03338475666854416,1,436.1115200351315
19429,0.05023325430046933,1,424.2222082683312
19430,0.04256456523636666,1,430.71520014192043
19431,0.07271140282858032,1,378.07963568970257
19432,0.11189215908895082,1,272.23168317587454
19433,0.08761469167758917,1,274.66280233896344
19434,0.09834462662979908,1,233.73750893773965
19435,0.07663274316446858,1,322.0983572205264
19436,0.09849234835715084,1,304.6694674533057
19437,0.10963001309398372,1,333.5132035152151
19438,0.0879291264030164,1,390.54032293732655
19439,0.06398606812527607,1,406.0889835212396
19440,0.04101509809947846,1,427.24800865403876
19441,0.03378230125557584,1,432.781132458929
19442,0.031077629940167727,1,437.5717581951483
19443,0.03602389063815593,1,433.1658988371307
19444,0.05829868151918844,1,390.82383626607503
19445,0.09022821402274173,1,338.19835952512733
19446,0.06282054833595993,1,398.98866297076296
19447,0.12297108010445253,1,390.83555220021935
19448,0.12270157820367077,1,374.30570776682083
19449,0.15272936442669244,1,269.3922453914014
19450,0.19870976434184154,1,85.83834773319347
19451,0.1738718524133575,1,108.45339644324537
19452,0.24299815240591746,1,124.63882087557312
19453,0.2535398231607397,1,59.05647576791546
19454,0.12350013448417954,1,328.4822524410186
19455,0.14550333969737514,1,128.80201436862023
19456,0.10090986762120492,1,209.5419076350007
19457,0.08619729152780956,1,332.38825456744337
19458,0.15307135976063657,1,296.939497813039
19459,0.14086372237946293,1,345.2016694839584
19460,0.10916834842687782,1,380.21412182412047
19461,0.11281082918674121,1,350.06310379873497
19462,0.12860660046523426,1,339.0025414621217
19463,0.08574245680654934,1,408.4127118336119
19464,0.1011979184338638,1,387.7993767113522
19465,0.049844195880889286,1,436.23285557330956
19466,0.04150596838228058,1,430.31822669713904
19467,0.13581990631899024,1,79.43186556527866
19468,0.09611468209018925,1,376.0698710925843
19469,0.21117581501833474,1,254.90803934328244
19470,0.322497075082398,-1,-557.4069729323227
19471,0.29178414073098224,1,51.63526151071443
19472,0.18568901766240709,1,67.6317153475668
19473,0.16857618377321928,1,57.29751991422086
19474,0.18294380648798514,-1,-161.86864525641977
19475,0.1270904449261458,1,258.45057582802286
19476,0.11926277726376795,1,266.59587371196255
19477,0.05058463671749736,1,420.0051638611709
19478,0.061363578323852024,1,390.9084253330036
19479,0.04572428193137557,1,392.08148335033013
19480,0.047739800026570564,1,398.90913383306975
19481,0.04746389359161008,1,424.85755336210843
19482,0.04919744315653597,1,422.3124928845574
19483,0.04772437314812,1,426.11457296002504
19484,0.05114919635465788,1,421.079274160114
19485,0.06868331479408787,1,419.33858315419917
19486,0.11341124548708899,1,373.54161627406364
19487,0.13582604136029983,1,301.5284691682998
19488,0.1455800204222941,1,320.64650530884387
19489,0.12887695974069466,1,355.3473631138055
19490,0.1695223004875875,1,275.9234213421931
19491,0.12440354404406061,1,307.86630062259087
19492,0.15145536177781724,1,225.4856075452014
19493,0.16550471935409306,1,315.9613389876878
19494,0.1743807316525942,1,327.1516454039174
19495,0.1136917871225994,1,357.0295366272404
19496,0.09798488128442175,1,378.4542410669029
19497,0.12455525840459511,1,311.7104864148944
19498,0.12038832235688253,1,342.19452620980155
19499,0.14433829568409043,1,312.5031828675321
19500,0.10800213962109009,1,348.13851151305624
19501,0.13479130400533873,1,213.91065085173116
19502,0.0876076923689629,1,361.6555645206647
19503,0.07362829346329883,1,396.43250485300547
19504,0.09496325638627102,1,363.0769516890958
19505,0.06437366205794075,1,415.1654867596242
19506,0.1324777461412501,1,350.06097541230275
19507,0.20440065068417282,1,139.65807561874334
19508,0.15615046046286027,1,294.1323071662147
19509,0.20900121181856052,1,155.8817893048141
19510,0.20468100583040613,1,192.412057626219
19511,0.11676275651126396,1,268.62879197333547
19512,0.11307055709703732,1,215.15015132180937
19513,0.15777908343594316,1,236.8026194242186
19514,0.17544830834254535,1,331.9789707958058
19515,0.083366333154778,1,388.43749462334426
19516,0.07008149294594476,1,335.2917602083645
19517,0.0572207981150965,1,378.7618105924097
19518,0.06060253753371096,1,388.1541878157467
19519,0.06565615106019694,1,407.7301516653479
19520,0.05799102239595188,1,426.74093051328157
19521,0.13587044117392275,1,354.9856443552119
19522,0.1023168611062804,1,301.11529782499247
19523,0.17496174000679568,1,208.35149038482697
19524,0.2759737477297806,-1,-24.113221045745206
19525,0.2742604755260205,-1,-16.087562352766668
19526,0.3057511024535547,-1,-534.342647537412
19527,0.4007417854459115,-1,-682.8348350948527
19528,0.3812548108168934,-1,-775.2168298140055
19529,0.28849441813030785,-1,-3.827626520677711
19530,0.31697420403026044,-1,-225.82148687003132
19531,0.2578495918790686,1,37.788501951277055
19532,0.15160632461307957,1,154.93562142455136
19533,0.12195709878215057,1,128.34927360502024
19534,0.09617940443373665,1,275.62840436978047
19535,0.09913873329663403,1,335.3108647920456
19536,0.08028027663102123,1,341.1931350942661
19537,0.053524786631132845,1,395.92183135956003
19538,0.07955712682232279,1,338.0929600631847
19539,0.09323876052817925,1,345.7857368874942
19540,0.07344032180619446,1,250.50595777067517
19541,0.07263660116832263,1,327.0859576581586
19542,0.09047891375210537,1,149.89339145937925
19543,0.10651690093664243,1,243.49969030217423
19544,0.09980248461097897,1,335.47995678619975
19545,0.08034145734270669,1,386.1463545510694
19546,0.09262539204735051,1,226.9516866938987
19547,0.09254455304641486,1,314.7588526173307
19548,0.054297901750503856,1,414.37904886167973
19549,0.08760719228291383,1,360.36899389383336
19550,0.07664482667749087,1,384.2635645374736
19551,0.07072685730145507,1,375.7708695524875
19552,0.059215492357478104,1,393.85140558833916
19553,0.05096090480257665,1,413.30044306590077
19554,0.07279203551763622,1,403.15960395037945
19555,0.06229445195266832,1,417.6620857831186
19556,0.06393123824719632,1,385.26636936228465
19557,0.0717294924775014,1,324.86047915856943
19558,0.07624765386052265,1,369.2087874576049
19559,0.04109254366163473,1,406.73443940224604
19560,0.034432083936486634,1,427.53524612152256
19561,0.04443694161238167,1,426.2329173366495
19562,0.03164848975842232,1,427.3335166101245
19563,0.054985212134194425,1,409.32325818556967
19564,0.044502573265228315,1,422.4860482492963
19565,0.08664505165649908,1,415.0883211680292
19566,0.06397130676341505,1,418.54297703271936
19567,0.08327034493606784,1,413.47909016100294
19568,0.07715894193177968,1,411.73031276309626
19569,0.07029082088256867,1,418.9389160710726
19570,0.06452864326209867,1,413.84969012041387
19571,0.058385969222620994,1,416.0971810640027
19572,0.06882288598380082,1,388.98884298701176
19573,0.09650612206999268,1,259.5679591311966
19574,0.041811324615808325,1,420.64886613637617
19575,0.040879356472823467,1,434.9175183816541
19576,0.05381652704090857,1,425.24355745001776
19577,0.0865972186101374,1,360.4720698625821
19578,0.06324560406180944,1,424.2050630375047
19579,0.07708220476801832,1,409.6500809026461
19580,0.07914394124006209,1,372.78854908991275
19581,0.09301683961534714,1,353.387281561513
19582,0.10485727591814624,1,246.5342321573008
19583,0.11231906254955866,1,152.8152592658671
19584,0.08763848993383641,1,341.5112635556692
19585,0.05926482805067278,1,318.1621585353243
19586,0.04528990927221472,1,406.0346759336445
19587,0.04999964974260782,1,418.2041305886053
19588,0.04973761790851141,1,411.8037731138116
19589,0.045037507229702185,1,397.29155061095355
19590,0.04884195503690753,1,420.47740165688947
19591,0.032934132460369255,1,435.7562684457037
19592,0.026231235383568478,1,435.28424515833456
19593,0.030763869178378502,1,429.25991666213815
19594,0.042229748106831236,1,429.32403692393586
19595,0.04435408008196814,1,420.63578286342533
19596,0.07095034401789355,1,388.6841987971766
19597,0.07258136658394865,1,361.782037772938
19598,0.088522728538997,1,384.18984348351034
19599,0.06767912136340949,1,405.5347557023833
19600,0.055348854087438705,1,408.15500900189363
19601,0.06729700222054046,1,309.3515787135041
19602,0.0757467167621161,1,395.9584769712088
19603,0.07245263037746479,1,359.91381410641657
19604,0.10011543493071984,1,379.9186163783492
19605,0.0752527924463621,1,390.8899786457457
19606,0.0491111449744085,1,425.59425454943784
19607,0.06371493311656536,1,416.2734279273063
19608,0.04832643665834156,1,432.3139258506646
19609,0.060664546880429535,1,405.23847005438023
19610,0.034244493185374224,1,436.3803977457376
19611,0.054932173200130684,1,414.63587263267476
19612,0.045789680940331964,1,418.17706115782954
19613,0.041855687027772134,1,425.92029489946475
19614,0.03779186790297383,1,417.6360455303754
19615,0.03714918011460084,1,424.99231675927825
19616,0.14534152322967206,1,357.00202447455786
19617,0.10016955942949538,1,348.4730226569503
19618,0.12331052804885248,1,306.5517793396209
19619,0.12266196475519069,1,371.2124974453276
19620,0.13842053412116373,1,316.94664794583133
19621,0.1594535411910504,1,210.40745002676155
19622,0.19459316958510534,1,120.28805883357927
19623,0.14399282648973386,1,356.96375051548694
19624,0.09151315645139138,1,404.0334493471811
19625,0.09780861634418024,1,399.9891280745796
19626,0.07305945960178538,1,402.7708719358625
19627,0.07539999667795594,1,422.47128222105556
19628,0.12170158893122084,1,371.1187831212627
19629,0.09512879250411709,1,384.0196692030728
19630,0.07485248569823588,1,414.62896729125833
19631,0.06944244455564805,1,421.66090216853394
19632,0.0605504063897343,1,420.5089117994793
19633,0.054664062243172384,1,432.4908723247177
19634,0.047164109667709654,1,429.3581141512935
19635,0.07554245703445116,1,422.644917632334
19636,0.09678640953173326,1,215.8037522795723
19637,0.11127921639502938,1,297.7192651323862
19638,0.11865101760732234,1,383.407850976205
19639,0.09553705382203212,1,409.88387643429405
19640,0.11853623214808365,1,305.24042996670056
19641,0.09547384510876003,1,353.0663133005679
19642,0.11834355351041294,1,260.8485311693008
19643,0.12437905171480493,1,343.2208796210208
19644,0.1396599728011152,1,232.65522885505263
19645,0.17072604788038276,-1,-166.68018480560454
19646,0.15937934643211246,-1,-13.329597749331356
19647,0.25043992229142215,-1,-1002.0919033109744
19648,0.15373082751942566,1,224.95198867716547
19649,0.13591301861227376,1,365.4513676435368
19650,0.10050774037398247,1,389.9784304089141
19651,0.21463311921393394,1,87.2870685649155
19652,0.09366816722555674,1,386.22167375327615
19653,0.10510154140771631,1,361.3331132298289
19654,0.06121296119109876,1,388.65120138084035
19655,0.059515482989205615,1,394.6364845235667
19656,0.05403893476210471,1,385.04345285803237
19657,0.06595044578428494,1,368.9821258229242
19658,0.07914134314320755,1,375.10096880639554
19659,0.0913692673990869,1,374.39008505634035
19660,0.10295367877952276,1,340.26444782891
19661,0.06467712315309822,1,393.7260183448769
19662,0.06549543662069428,1,383.72643596325867
19663,0.08161466809002649,1,349.13910915385134
19664,0.08576609804023365,1,376.9317345159061
19665,0.0893239585292871,1,367.8803780662212
19666,0.06851397274986923,1,359.18759370544524
19667,0.05708372412609735,1,413.170085749795
19668,0.05908437451507491,1,400.1434335745444
19669,0.04285169157796444,1,424.87205702132775
19670,0.05235550303683116,1,425.94277349924175
19671,0.0653871507075799,1,416.3712853168813
19672,0.06165523797825566,1,410.2414970195107
19673,0.05873470645438015,1,422.0016342505554
19674,0.0346529621891603,1,429.7399403672334
19675,0.055708325892480835,1,423.4980624417757
19676,0.05160953621015142,1,428.9133537759185
19677,0.05573340148942126,1,427.7219655659588
19678,0.03430932566402202,1,436.0395894758516
19679,0.06614345935718693,1,425.4166178508655
19680,0.10894890789388399,1,326.4313038894425
19681,0.09405348036782743,1,328.2800245742701
19682,0.08440602479364781,1,339.57006650161446
19683,0.0941912996540349,1,341.0199077003871
19684,0.07120659864621097,1,374.3875282839688
19685,0.059499521420035555,1,390.5516595881914
19686,0.06461818752761622,1,386.84610007803406
19687,0.04422579646014998,1,423.68138901625247
19688,0.04038143051194733,1,426.1152497764401
19689,0.032058737956365845,1,429.8513851312025
19690,0.03142232531051349,1,435.78197100205296
19691,0.030066330907810714,1,436.6767129494303
19692,0.07923928236159784,1,406.79322279901197
19693,0.05771596979345261,1,425.24859686975515
19694,0.0695752835466409,1,421.9991800912948
19695,0.11166396971021361,1,257.6318337868453
19696,0.07030381094302787,1,419.12314227056595
19697,0.06714381730296269,1,422.73312204321917
19698,0.0439021122517636,1,433.87463579749675
19699,0.05895358148910141,1,345.83131690164925
19700,0.050677946991681315,1,407.348545205227
19701,0.041053787166142476,1,434.8348271620457
19702,0.040776957779423174,1,435.0150602227514
19703,0.03556225697454238,1,433.94232926209946
19704,0.04842736755639565,1,355.75916569578027
19705,0.05098001543732334,1,342.37102475883154
19706,0.04398407979504374,1,348.1408265637009
19707,0.04090132351318516,1,393.21025456556026
19708,0.036676953171712115,1,398.832694540124
19709,0.039041558042494914,1,403.25434877430905
19710,0.04265965621584254,1,365.9641370395751
19711,0.0589872726284638,1,370.48309562332474
19712,0.06056809562220489,1,409.38301732543687
19713,0.05823663590884542,1,416.4971588372771
19714,0.05434673067106168,1,418.27046666351936
19715,0.058190877609611884,1,411.7122630028757
19716,0.06558590146108474,1,409.48044694156073
19717,0.07525023625210536,1,360.06749861613366
19718,0.09529702853902007,1,347.9149887551069
19719,0.11158213210346983,1,254.67063649070192
19720,0.07679901841078872,1,322.6749894279832
19721,0.0912168037936684,1,344.60055396846195
19722,0.13635862863915846,1,189.39563833697846
19723,0.14711388350775373,1,280.73494988326553
19724,0.13941177695590404,1,295.5928194087894
19725,0.17403399180620174,1,225.72074700111915
19726,0.2171017832048033,1,120.31759639731831
19727,0.18715102501282804,1,135.10633892806914
19728,0.16515956781741756,1,286.8222605724597
19729,0.13259941712936557,1,336.90509322272754
19730,0.16025385334163858,1,352.9377159456841
19731,0.18512435546752662,1,242.8319337158908
19732,0.11443519365882204,1,347.59577331729645
19733,0.10946055995727311,1,346.15916659027096
19734,0.09155497045171965,1,351.5190900253782
19735,0.07266631280945894,1,381.3972051230016
19736,0.08891414877912185,1,334.9432600378059
19737,0.0902457088173501,1,377.5829973508132
19738,0.12481993215632008,1,224.6002982342646
19739,0.10422025802414506,1,384.79166653366843
19740,0.052949041387473576,1,431.9626633446438
19741,0.07618071947038964,1,425.4559708895682
19742,0.06018734175638195,1,422.6013821947799
19743,0.06376466457163872,1,416.08331078429774
19744,0.04427826250622525,1,431.68222273932383
19745,0.06103972727095984,1,420.60526247996887
19746,0.04521681385947277,1,433.3295055051804
19747,0.05265639960653638,1,430.2924965142062
19748,0.04245481680814012,1,436.975317942135
19749,0.044810385577751535,1,434.3157528627123
19750,0.03207930735000452,1,430.4793580654168
19751,0.03989443238565219,1,424.7971516943553
19752,0.03184423561069542,1,431.4449092738116
19753,0.0581671855374146,1,422.8843859832727
19754,0.026448129351101076,1,436.277688208044
19755,0.02831424577966125,1,437.12129629009075
19756,0.017728204293459983,1,432.42983885424957
19757,0.028703685780118855,1,437.2144114955999
19758,0.01977396331551364,1,437.0578006859925
19759,0.02007572647611139,1,436.736755122732
19760,0.024717734114470674,1,436.5848298899187
19761,0.026009609705876395,1,436.1003503478895
19762,0.024122267791096604,1,433.5632917881712
19763,0.0267126413597111,1,435.25015663514324
19764,0.03493787289404514,1,432.57946709835005
19765,0.07045017766780444,1,417.42892352461763
19766,0.06889426707359567,1,399.9065232745074
19767,0.09151426576434359,1,381.64498420031816
19768,0.07679688415862336,1,371.66905867796936
19769,0.1009095727267818,1,333.0846665585466
19770,0.09444841155656446,1,355.56118582200077
19771,0.09451105768655961,1,377.20973167609867
19772,0.0851197622680809,1,381.7982962999258
19773,0.08800905927443889,1,378.7263465621444
19774,0.08809710388615552,1,403.09316050198504
19775,0.08456039852389052,1,393.14813593962316
19776,0.06930145161017229,1,408.44487260965775
19777,0.09423537315793959,1,403.57113209851684
19778,0.05956339795789558,1,424.53779296192397
19779,0.10264259282631996,1,371.49363323236105
19780,0.1092911086426945,1,297.03823291278945
19781,0.08795675091621635,1,400.2128506270697
19782,0.0895760067179296,1,351.15118138006767
19783,0.09619768216151028,1,311.6245536086343
19784,0.12706129158565346,1,167.59291061820767
19785,0.20306033277693594,1,197.93525181608055
19786,0.19098577029275757,-1,-124.47019227794533
19787,0.31621569152044254,-1,-344.55516747000024
19788,0.2220447355314521,1,32.388690424411436
19789,0.17590016478389475,1,292.48313881239994
19790,0.23514236034650662,1,193.60452337984435
19791,0.24703287278291405,1,176.72261303896164
19792,0.21437765298341876,1,220.0083559575999
19793,0.13159099587877296,1,353.44841395587304
19794,0.06594292228776279,1,428.7770887943439
19795,0.07445022494135888,1,405.2960043714998
19796,0.047117248121830116,1,431.7985204958518
19797,0.05288834774911143,1,426.20428016820017
19798,0.046934079445478394,1,426.55744755030486
19799,0.05253990408208083,1,433.602102565436
19800,0.03859716101927117,1,424.6336347508318
19801,0.03865529906916887,1,435.32452208656093
19802,0.05268936338039327,1,408.65585465011065
19803,0.054585608214678186,1,409.87863035397015
19804,0.03747118880518713,1,427.71846481992316
19805,0.04354943767058907,1,428.7578002371956
19806,0.07556262770867814,1,392.72662933855173
19807,0.09737624674587464,1,389.2581324768741
19808,0.0631603207753603,1,420.89727451676595
19809,0.06893257437383025,1,417.8910420799135
19810,0.1414433341078483,1,208.22278649860857
19811,0.14343408343277922,1,313.69289269193047
19812,0.11259333252024877,1,338.3264231956203
19813,0.11397715181347667,1,319.6199847099
19814,0.15453156611718372,-1,-14.024778426509215
19815,0.22068032935202164,1,136.73985462405352
19816,0.20328440795354988,1,125.55681849934035
19817,0.1341955424654754,1,274.84187878174095
19818,0.1515017565644601,1,304.4820796613313
19819,0.09027865912115034,1,391.5102994281246
19820,0.08245579370938191,1,367.5549835129596
19821,0.09906272974515005,1,276.0952407208965
19822,0.07545862289397269,1,349.3688607979218
19823,0.04798580889397746,1,427.77645073017345
19824,0.08651633912385029,1,398.56379042343474
19825,0.07858399270615188,1,371.5158278276546
19826,0.06926748177962323,1,401.4474038464483
19827,0.06589046161746795,1,399.6183657625703
19828,0.054134318460329414,1,393.92355895965517
19829,0.08050070203287572,1,334.06409117456155
19830,0.07881564117871241,1,338.0905126853532
19831,0.07174928002034611,1,377.85663697296525
19832,0.059365657528068334,1,396.7523594584262
19833,0.05597936171184274,1,419.9160820418709
19834,0.04627705035509124,1,435.5555743433438
19835,0.048873519295518544,1,429.29904083087956
19836,0.04980031622702551,1,424.32056190660495
19837,0.04612617029173392,1,433.9747839923498
19838,0.0416437708500428,1,433.6044206741926
19839,0.046503142062681364,1,433.7773909690975
19840,0.057477679901593394,1,412.3293540498875
19841,0.050993277760000184,1,421.4013335122087
19842,0.05109512083723298,1,407.1720782505932
19843,0.05782729215226688,1,418.03922271532656
19844,0.08429813454700653,1,397.9612735477836
19845,0.056726197132111175,1,427.3062241426465
19846,0.06949185092604117,1,416.31719904497186
19847,0.08003734128817809,1,400.6516620731471
19848,0.07995388085704128,1,361.6647767284193
19849,0.11540310603609265,1,333.8336996462657
19850,0.1139244484197084,1,300.27309251360055
19851,0.1314839341126492,1,191.3602469692758
19852,0.1188763317093708,1,315.0667928434906
19853,0.09537237320686298,1,345.1388141939409
19854,0.15209911444280205,1,209.24140791529385
19855,0.1330729289948388,1,338.76676399839016
19856,0.12834990223994286,1,373.29577162786654
19857,0.12509350130628846,1,313.53110730478477
19858,0.13760557188999983,1,336.30431609679215
19859,0.11450522757346249,1,310.61068220624156
19860,0.1274278815720427,1,329.2455133878174
19861,0.11065797925003436,1,310.79776249105475
19862,0.11289998965129745,1,303.6379185463329
19863,0.17300262591103135,1,219.56278444587113
19864,0.20544509624842824,1,192.68122290914445
19865,0.11243103574155407,1,397.2769350656146
19866,0.11338821097085679,1,142.28860338104414
19867,0.13169331729596281,-1,-206.63486039322765
19868,0.08036959662530521,1,312.0920153081479
19869,0.07988686717430558,1,418.87549871433697
19870,0.08613339658458918,1,403.6370717218671
19871,0.06688497360295163,1,405.1492009442257
19872,0.04776833517488334,1,416.8626105749917
19873,0.06551438193854062,1,377.27215247127566
19874,0.05916974426809261,1,399.8849316563681
19875,0.04537358319177649,1,399.51781040138195
19876,0.045948774876267216,1,398.8127997691604
19877,0.05979916623732627,1,423.595638464197
19878,0.04773527875784455,1,431.04422687348267
19879,0.05524314502837325,1,423.2343523806332
19880,0.05170074765806226,1,386.7046148810833
19881,0.056862875873940504,1,395.15539042273974
19882,0.07933568599309433,1,408.8840022548935
19883,0.07214307226692926,1,416.13920299776805
19884,0.06441116982277513,1,418.4286764677653
19885,0.07599379304643042,1,409.35748008620254
19886,0.1318828572857153,1,374.0866456577466
19887,0.07757550769371871,1,395.39615170175534
19888,0.06245263915817585,1,413.80803415436793
19889,0.05298016093789346,1,410.1458411073803
19890,0.0718280262571218,1,413.41716335099665
19891,0.16640686803816293,1,167.92269912646287
19892,0.1347629832672524,1,252.22253667953157
19893,0.09493078484204971,1,356.6757443860421
19894,0.11228397046317415,1,323.18193869905815
19895,0.19403361228047517,1,259.665568997264
19896,0.16436391111479673,1,245.62327215276858
19897,0.20611693494977298,1,180.19535957381947
19898,0.18117613041207004,1,221.3892151962732
19899,0.23958798810467424,1,182.20154991619438
19900,0.19817479640671326,1,118.83617969427775
19901,0.14930435598860783,1,293.32751159489777
19902,0.14115674287039565,1,321.65089739417994
19903,0.1070121875304345,1,158.60894484805556
19904,0.1389834994666121,1,122.59317867807925
19905,0.10059982687486625,1,268.64660240252533
19906,0.06972093621330705,1,332.11295340827843
19907,0.13256619864027072,1,208.44813637997913
19908,0.12894574316224364,1,308.75061274379186
19909,0.178703802313373,1,164.1773947159774
19910,0.1468780528915198,1,194.16680426572572
19911,0.1571263782529547,1,254.65656110457005
19912,0.1290383168247405,1,304.66112129691777
19913,0.14143264366860947,1,260.35755827529067
19914,0.12426989109781851,-1,-25.598348026403016
19915,0.11066754461017905,1,378.1107184446657
19916,0.113589352467844,1,278.31626949472593
19917,0.05679833710290927,1,398.0793822553174
19918,0.04687594009211941,1,417.37999330924094
19919,0.04434555645094706,1,405.70756441150365
19920,0.05943625454565309,1,427.6343069311482
19921,0.07825572325135983,1,387.951511338405
19922,0.10945408654060108,1,188.33401228468028
19923,0.13341866234716657,1,223.94604698535582
19924,0.1378992085500926,1,194.35056026355232
19925,0.11620999817361666,1,310.99879274787116
19926,0.1467235274351147,1,268.2500673554928
19927,0.10453420431190656,1,389.5094981057786
19928,0.17101031514303908,1,306.10272999070025
19929,0.1252364928650784,1,387.7594892751257
19930,0.1261543397267045,1,338.9359211741049
19931,0.12463643939020679,1,351.57441859053654
19932,0.07659126633518433,1,412.0532011159318
19933,0.0696473940247137,1,427.20004215525967
19934,0.060880082001031864,1,428.8183136206168
19935,0.06046903323247672,1,422.26552744078526
19936,0.051444412388259635,1,428.602231752532
19937,0.05319788238275979,1,420.4786729946442
19938,0.02105995315351364,1,437.4621944837366
19939,0.03664679700721968,1,433.1290568691429
19940,0.03188254869055769,1,431.57197400149005
19941,0.03205018407276618,1,427.54402013643534
19942,0.03337912524859553,1,434.0138289378809
19943,0.029955377017328044,1,434.2405572643064
19944,0.02644694115809417,1,429.9839815380853
19945,0.05013865856598128,1,431.91363544885826
19946,0.050320800137148666,1,426.3570590542777
19947,0.04361166167570119,1,432.58084681106135
19948,0.04598325015240873,1,425.10108944543043
19949,0.04468016198107088,1,429.59082940126865
19950,0.05887148574041255,1,419.47443484175557
19951,0.04459826375928554,1,417.03836673392124
19952,0.03999393142603003,1,431.34882496394823
19953,0.07059994700361405,1,399.6540256217305
19954,0.07048471284072408,1,420.28926972230175
19955,0.09910915754407344,1,378.2826059807101
19956,0.07588391132073571,1,403.37252782556146
19957,0.11172604154756935,1,202.7123140714383
19958,0.12365479007352669,1,202.8985868929627
19959,0.14912617280069276,-1,-203.6590902201757
19960,0.14964643132942637,-1,-52.99306397784949
19961,0.14607135746151598,1,150.49843801301205
19962,0.1167849390181266,1,200.09977361431515
19963,0.1523885251448691,-1,-7.26229342434516
19964,0.15275197975695615,1,271.47981956432227
19965,0.12458121951150779,1,365.8044174766041
19966,0.13984182419600316,1,225.82593369688828
19967,0.08222335320294981,1,300.9220282351398
19968,0.08023555579132269,1,291.5007861754168
19969,0.08547147727635648,1,308.3039929775499
19970,0.0726012907217852,1,352.3373501931788
19971,0.07329447728412632,1,162.66595307791295
19972,0.03197966707943637,1,433.71928296992957
19973,0.020577290885975107,1,435.8693696449482
19974,0.026317925896245018,1,434.43641156323093
19975,0.04378059089249286,1,425.90062002951174
19976,0.045478802907062285,1,419.04339867803054
19977,0.08118053762112197,1,385.6296526224281
19978,0.07698178946330772,1,396.8346671804596
19979,0.061148933556695186,1,407.94707662523206
19980,0.07030914858552452,1,397.9846095402447
19981,0.06131570101729133,1,416.2184449382424
19982,0.06819555366802556,1,398.4150571982359
19983,0.058434013305202606,1,426.8647741211416
19984,0.03075493983185056,1,427.89878288878526
19985,0.0507667459570852,1,430.2666287085745
19986,0.039320927515031134,1,437.66250242219814
19987,0.05443486678118332,1,429.2107942598321
19988,0.06408204489021509,1,429.4797628892379
19989,0.09412010447076478,1,397.0406248541003
19990,0.03211350488019734,1,428.7603453253359
19991,0.07346091747834722,1,424.52762683378114
19992,0.053026403202106616,1,432.6564291020616
19993,0.043644308657960866,1,434.04537709916656
19994,0.05222246759784399,1,429.95897019892993
19995,0.03961304772170955,1,433.1989125782163
19996,0.05769134690655863,1,427.9139561790846
19997,0.05633665821375681,1,430.49985505728966
19998,0.042799917581103915,1,431.51584110052295
19999,0.0500380016043887,1,402.1604169241717
20000,0.03597030093280169,1,432.64561175200157
20001,0.04374488186278407,1,432.2654218410507
20002,0.04518111669561804,1,420.8330510771225
20003,0.05967670686253471,1,421.48196300258377
20004,0.06129642042158644,1,416.9007599220968
20005,0.05359420728113623,1,417.8081119189133
20006,0.04565168758185389,1,432.2851802393852
20007,0.07969692361655166,1,392.69161691619286
20008,0.06567892900903345,1,412.7972009593333
20009,0.04785530118574389,1,427.6860197883256
20010,0.04114572637713384,1,428.58791559211096
20011,0.05121854559052636,1,431.92940394437613
20012,0.06598500822834995,1,414.63408897703374
20013,0.05039252028411394,1,422.2002758596672
20014,0.06014198690743595,1,419.13709664199854
20015,0.058235863097025616,1,417.30376072832354
20016,0.10782200735964473,1,363.59853704740567
20017,0.07307235549594172,1,405.331251245401
20018,0.07762455268344524,1,394.98012620982144
20019,0.05120354709228464,1,427.65578389299503
20020,0.07362224366098212,1,181.47568460822333
20021,0.053316028945912454,1,374.2488671867683
20022,0.0726997731295257,1,183.887002296676
20023,0.10209983247823362,-1,-138.98299549883006
20024,0.10321349939777205,-1,-447.369920697166
20025,0.10002450910737716,-1,-63.173277126237394
20026,0.07463161869298737,1,139.95037093720805
20027,0.07965322445515922,1,334.55190822364244
20028,0.08774747599005085,1,398.83772580885204
20029,0.10595830362316365,1,305.2024340814113
20030,0.14274791808428317,1,310.6731395438857
20031,0.12406273046655972,1,316.90736422222375
20032,0.12950069317812277,1,211.55495957923415
20033,0.1609068061640746,1,216.57727016874873
20034,0.19817587258137173,1,174.66929039252904
20035,0.17038864881131913,1,202.5942865702344
20036,0.15814111350225715,1,296.48543153415517
20037,0.14381662270738677,1,345.0974154230844
20038,0.0929909241456192,1,379.99733802243327
20039,0.09793471381948263,1,363.2751391598201
20040,0.09332601230055973,1,373.6948610974606
20041,0.07524724700302006,1,409.0792432752843
20042,0.08851757840541692,1,402.82653353889435
20043,0.08188738225105811,1,403.69286522678095
20044,0.10236272075481158,1,329.86265794329546
20045,0.06664951274083605,1,423.5425226132848
20046,0.058403807581473136,1,411.87782769202215
20047,0.045872594940536436,1,419.0482507261163
20048,0.05741090316350247,1,428.8463908004687
20049,0.09154973541169097,1,413.5614582843899
20050,0.1369051022672137,1,303.3229658884781
20051,0.11614056243097516,1,343.9381546648167
20052,0.10071648302143164,1,360.39664384193605
20053,0.0942406183049045,1,340.05060795977766
20054,0.08797563499112626,1,302.5658673083094
20055,0.07926787246818302,1,405.97005360781674
20056,0.09884120180100799,1,361.45494458316153
20057,0.0870444441277187,1,355.2118231264809
20058,0.0650499480119517,1,370.32527494885903
20059,0.0859561160983983,1,390.67526743876766
20060,0.11424731523549948,1,336.1887712325878
20061,0.18361488882979163,1,332.0684707551586
20062,0.14092388318145205,1,332.14036582842607
20063,0.20426123948852754,-1,-280.7953669410242
20064,0.16142259835418096,1,225.60415696029415
20065,0.17012026627564714,1,57.84995881530892
20066,0.17513709268735747,1,102.15210535380584
20067,0.13487916268706937,1,154.5025828812722
20068,0.08301978938563771,1,374.6976628159987
20069,0.08407600200266192,1,373.4774836002187
20070,0.07754485015057841,1,365.4993469481039
20071,0.08395498940952563,1,330.0525547864617
20072,0.05534955397207265,1,426.50925513005984
20073,0.042945827788221466,1,433.01784059203396
20074,0.04020445435531148,1,433.627494716469
20075,0.04929252566428958,1,430.3385803035282
20076,0.053414975071761864,1,423.3023249374016
20077,0.04243066199426658,1,434.32655670960384
20078,0.04131542034935437,1,434.0427105378524
20079,0.05130315010206949,1,429.69793798108344
20080,0.0532890361070027,1,412.8106981182527
20081,0.057072135488658755,1,397.5612714667762
20082,0.04863288144112952,1,401.979034235125
20083,0.04094059738250207,1,422.2275090039941
20084,0.07338364586889701,1,402.1948977406936
20085,0.127719956119179,1,6.440769869858059
20086,0.10575373046703548,1,237.86695306734515
20087,0.07916683091048046,1,338.77406594450196
20088,0.0933461164212704,1,291.93737158697195
20089,0.10648285022357319,1,379.74167928767923
20090,0.15430681419415979,1,227.07274325151369
20091,0.16286454500032868,-1,-179.64072757802433
20092,0.1673205948619613,-1,-198.15307360916904
20093,0.14579097763458268,-1,-268.6448561767231
20094,0.15212454370008904,-1,-201.08581946151924
20095,0.13179496954236697,1,7.36150991526614
20096,0.1264201087787001,1,250.02191802558244
20097,0.081766535559357,1,353.09522330546963
20098,0.07313153372474014,1,359.76730082594037
20099,0.06657016814025361,1,406.05056173116566
20100,0.06019539506342802,1,392.37394619288676
20101,0.07994388372277812,1,387.4077075163127
20102,0.12584064860619937,1,361.58247569172784
20103,0.11548462379064466,1,375.7142334710832
20104,0.09119520108658699,1,384.53760824821796
20105,0.09134154556063552,1,274.05349447456626
20106,0.1399666643501528,1,299.0608257593111
20107,0.13212730385724836,1,344.44175988296365
20108,0.12345952836390495,1,351.54770984549907
20109,0.1686926396708978,1,258.9869225104718
20110,0.20678709544578291,1,231.60949775816005
20111,0.09342412113672535,1,378.90122757087244
20112,0.09126242018473052,1,383.3467197927586
20113,0.11296813875325572,1,206.45973061573372
20114,0.1259444451029535,1,335.9383928674977
20115,0.15371667145890308,1,285.2948224255227
20116,0.24356427982049686,1,35.50043754937985
20117,0.2451304231560085,1,165.06206491283132
20118,0.43614673544797994,-1,-1079.3396296031528
20119,0.34804298717559895,-1,-372.16446987832785
20120,0.5143379523576393,-1,-1260.5631833627308
20121,0.557538805164913,-1,-2247.4893525571597
20122,0.463818820859219,-1,-1311.2410212973002
20123,0.39159636387384317,-1,-1362.951487684187
20124,0.24421332056523956,-1,-481.3277357952227
20125,0.17646931271719574,1,31.473967830965535
20126,0.22836055597261687,1,48.83611082633746
20127,0.13793920801322807,1,196.4356852966933
20128,0.14538167644609337,1,158.26077597354424
20129,0.10730664512290301,1,191.7289997208465
20130,0.08879704169951916,1,358.25353374893456
20131,0.08606566834704113,1,326.61311897920757
20132,0.06850347597655886,1,375.17907580467414
20133,0.05721320753528392,1,401.9424526606303
20134,0.05251912345721956,1,404.3801540665169
20135,0.05264480535858444,1,405.26398222794063
20136,0.07493919822096866,1,391.2103298470454
20137,0.09047198395371171,1,289.7764446276324
20138,0.09061431119835513,1,260.57179322999735
20139,0.08243550214601725,1,180.78934721932086
20140,0.09511395091831676,1,140.59063985384603
20141,0.09025063513516084,1,204.20093279032145
20142,0.08873940859582319,1,246.74517188748086
20143,0.07859850760010637,1,263.68543325176176
20144,0.08067618386231491,1,248.28555704564948
20145,0.07389365349102558,1,389.2864700535339
20146,0.07735764219679087,1,422.9394135897177
20147,0.06945264755042722,1,425.2360332984815
20148,0.09224323260290357,1,407.0513756592327
20149,0.07238331742882423,1,400.37467605946824
20150,0.051009542451173395,1,430.81658264058467
20151,0.060818052874528475,1,422.4234713207025
20152,0.06046532621214194,1,418.56766289699283
20153,0.05200470303828152,1,418.18971594652714
20154,0.058732697185754294,1,393.0922473084491
20155,0.05706142091797723,1,421.52210760858355
20156,0.051733977294443824,1,420.55462292061253
20157,0.07602557196342698,1,413.70110325037336
20158,0.08142981731608434,1,418.03193363137797
20159,0.09652555142098604,1,393.76108827370365
20160,0.08213799596730284,1,386.2941479214455
20161,0.12393660341652477,1,220.49922228138306
20162,0.08005044921068293,1,398.7762562828239
20163,0.08772965525276731,1,375.87715382553466
20164,0.06872515933058236,1,423.4532686202149
20165,0.10640645923205884,1,280.17856025819924
20166,0.09056945498108925,1,362.29482393141507
20167,0.07234045633256628,1,405.00504408334643
20168,0.08382482203526416,1,372.71438706139554
20169,0.08541637677606302,1,286.69249415109954
20170,0.08587034795128037,1,341.1642246446042
20171,0.06894412477692191,1,365.577319823978
20172,0.0693115095083687,1,394.6902100265677
20173,0.07892838333885974,1,370.4734200684383
20174,0.08426190569078304,1,373.06011720575697
20175,0.07382584488375064,1,392.9558643721571
20176,0.10795403926094331,1,290.66278171470174
20177,0.0816397801423869,1,363.5657372850388
20178,0.10026976173220911,1,260.99477010048633
20179,0.06241070872512846,1,347.5048415445587
20180,0.05879307515965103,1,385.6733029019564
20181,0.07576178189338477,1,319.7804991682368
20182,0.07799678455163142,1,334.356267117522
20183,0.05050506528319297,1,424.0819936727401
20184,0.05398554327922229,1,427.11190690134265
20185,0.05343073382014212,1,425.28698731456683
20186,0.06886829906427192,1,416.9149591481003
20187,0.05619084790460665,1,429.38302898985484
20188,0.0552209169306462,1,433.37681339829055
20189,0.06221196802349683,1,412.5367068009132
20190,0.08882469866943918,1,323.76255315949084
20191,0.12457447655314989,1,234.26401052270114
20192,0.09998798772473079,1,313.97869236671704
20193,0.10739113218027087,1,295.4203163827872
20194,0.11400189611626611,1,177.51071408198186
20195,0.10164028302214441,1,263.5565136728884
20196,0.10295832799196313,1,355.10576856952963
20197,0.08857432992478002,1,300.3745154162
20198,0.08261006736973751,1,333.2139390644392
20199,0.05791652884157202,1,383.5148057552786
20200,0.07271713030095964,1,402.76306396950065
20201,0.0694775511709779,1,415.2127875449759
20202,0.06651701618360471,1,410.9801135382041
20203,0.13278203949680004,1,234.66628104832296
20204,0.1083764201663957,1,336.0053670457912
20205,0.174485626773096,1,160.0163046431153
20206,0.15254632141553232,1,122.3365426961056
20207,0.12085503184367148,1,165.72869385432017
20208,0.12929712001510835,1,211.85268796155736
20209,0.12505474094171795,1,101.12026760743964
20210,0.1748514754133334,-1,-145.21608783833062
20211,0.200858282707122,-1,-146.98124084220262
20212,0.13097999688644144,1,221.46478484356587
20213,0.12240668881962338,1,196.47397798432473
20214,0.18495369272447354,-1,-76.90636604414999
20215,0.14198338583609643,1,129.98775035427389
20216,0.14202412957405233,1,19.517452258366063
20217,0.14790056450438113,1,201.5843213007549
20218,0.08639944757482428,1,338.1959446020817
20219,0.077210299392126,1,219.22818682614843
20220,0.27263115237791163,-1,-1402.3379152976709
20221,0.14111211044946162,1,281.6630927384489
20222,0.11798413742398471,1,306.5989900908835
20223,0.1288288465747611,1,316.2701881135128
20224,0.2169329533075173,1,85.3723658325585
20225,0.3373348426849422,-1,-793.3405362337064
20226,0.28541868022922856,-1,-88.0449137436292
20227,0.20495601846618847,-1,-160.7784018108838
20228,0.17058136584172565,1,111.810475035151
20229,0.22576919447266106,-1,-390.3968892732255
20230,0.17882137209072252,1,139.63700707185126
20231,0.1949045517657209,1,199.71805956917856
20232,0.16477361984190653,1,116.34159446830131
20233,0.06071328888826992,1,402.88254876107635
20234,0.05990824119560101,1,412.26561552559673
20235,0.05017004804416241,1,380.06650091519066
20236,0.05771744971688276,1,401.532926619361
20237,0.08331064228398169,1,393.1298811460387
20238,0.06571439136967887,1,413.2169819362001
20239,0.0781895069217305,1,411.66927375391526
20240,0.06755528580752436,1,410.34462992035316
20241,0.07843589266415597,1,411.2010864336439
20242,0.05293596133954547,1,420.25826465523886
20243,0.04923779514419337,1,422.63885577189603
20244,0.07016252940854593,1,428.77910348581116
20245,0.08086031340621273,1,414.2239903971877
20246,0.08589121689608269,1,368.1124932987581
20247,0.09270927310535278,1,370.69046676749156
20248,0.09964394248901867,1,295.35203685944475
20249,0.09836262828518817,1,310.3685313004541
20250,0.10294597050685338,1,351.95631149875624
20251,0.09649797974703016,1,289.1238221494145
20252,0.11567793454550515,1,307.9249818639156
20253,0.1209081779876291,1,309.9523209126319
20254,0.10552959404974009,1,391.4082536125826
20255,0.06887887203635193,1,421.85153999198087
20256,0.07773924201286384,1,409.1264630134618
20257,0.08083906488109474,1,415.67379192025027
20258,0.07312395082482326,1,411.21270911188907
20259,0.07893007835347916,1,412.87620020505756
20260,0.05843380917407628,1,417.61517947386324
20261,0.056925154484039904,1,426.4004321881209
20262,0.0792333070753984,1,398.76875162194426
20263,0.11062050022820438,1,338.76318786163245
20264,0.09584692393638121,1,388.6771088406393
20265,0.059942317932676965,1,413.2839630767759
20266,0.06117123567148292,1,390.2594938483174
20267,0.10402800648014879,1,341.72361498064197
20268,0.08429643909959869,1,321.5400898444507
20269,0.08535951833521681,1,308.549765892407
20270,0.10237656532464834,1,331.6189476777964
20271,0.06513558691457635,1,372.6598468309214
20272,0.05645254022916889,1,406.8176791411036
20273,0.039888975079367874,1,428.7433031479832
20274,0.037007794299830185,1,429.79895925299235
20275,0.0313486896934176,1,432.12161692221895
20276,0.02756038071037289,1,435.11793358744234
20277,0.04085577820562301,1,428.8403947026788
20278,0.03307973078001663,1,429.8959716163086
20279,0.04444657895925167,1,423.97440125278735
20280,0.045712939845039706,1,423.98620871953057
20281,0.03096382968434633,1,431.2293912825232
20282,0.03205533718951916,1,428.0481099151207
20283,0.024057193432671434,1,433.7425534872117
20284,0.031236661177322805,1,432.2139978254048
20285,0.03460605387059854,1,432.8014526306413
20286,0.023818044994816687,1,431.46959436641913
20287,0.02423290849123923,1,431.79665154228127
20288,0.03120082149436188,1,436.1985735824209
20289,0.07631791519018401,1,387.38401694077857
20290,0.07187094726499846,1,319.11891896259596
20291,0.0680526579122704,1,305.1593061357863
20292,0.06677349290238171,1,340.79034665274236
20293,0.08261717355258345,1,398.29567638165423
20294,0.06993929790251079,1,375.76986950295293
20295,0.07062551846533226,1,367.82247710614695
20296,0.08764632586734218,1,390.1431378224163
20297,0.09311481032920745,1,363.4905588025908
20298,0.06141891251345891,1,368.66966930029145
20299,0.07372314430804162,1,308.4935060057618
20300,0.12507423780753554,1,246.13027724047933
20301,0.08261238640944611,1,390.31700503515214
20302,0.05599413382344593,1,411.3196464587628
20303,0.059435352220010305,1,407.9418536546457
20304,0.07720759840845792,1,403.62198413938876
20305,0.13583625496920876,1,366.6076253300797
20306,0.10612295338324472,1,405.24590259309446
20307,0.0702986792597851,1,406.092381554587
20308,0.09909961791781596,1,359.21258059743053
20309,0.16554924207711427,1,47.811255071386825
20310,0.13820880068301206,1,312.09156938174436
20311,0.12649270950066951,1,324.0486909404534
20312,0.1471173639947316,1,316.13503705543695
20313,0.09715222776176846,1,399.9728468534059
20314,0.11994260599900367,1,361.3570230363752
20315,0.10833963743662833,1,374.59099848758683
20316,0.08424123071449992,1,388.64302345189714
20317,0.06521431835597287,1,398.0614080448871
20318,0.06807192391393879,1,389.9189618768094
20319,0.10004769429186047,1,392.45590953530825
20320,0.11791255234240113,1,378.8096014009478
20321,0.15870200595334122,1,303.0293279758994
20322,0.12409392027258183,1,279.93655630804363
20323,0.1033667668713779,1,239.1587354598161
20324,0.11474183148768409,1,374.4538227444059
20325,0.1340508610222664,1,320.6311228994199
20326,0.17966110597990187,1,11.865445954502604
20327,0.15769858474688211,1,24.124126536523363
20328,0.1434212078947383,1,76.86124879972692
20329,0.1489409346863382,1,239.10397260501915
20330,0.1646273708630724,1,163.4562958424777
20331,0.17826616012436908,1,285.5290376881809
20332,0.09558406604029954,1,383.96241959321094
20333,0.12234559212450545,1,246.56552290864863
20334,0.15407063443746846,1,158.69150511193862
20335,0.10223380211852663,1,315.1032769098568
20336,0.10111040466413536,1,347.65015280951314
20337,0.10021395622894133,1,365.62132320903976
20338,0.12234055743394846,1,285.55426729622695
20339,0.09335648447426602,1,320.76421311390135
20340,0.07013515200279213,1,408.7465600216568
20341,0.06017144547806358,1,388.539637455406
20342,0.04179833131735294,1,413.4167059088864
20343,0.04431037995716729,1,429.4076870722563
20344,0.038508278726147135,1,424.6444212742792
20345,0.05661749261627903,1,408.28626395766736
20346,0.048631909049290815,1,403.1705131761902
20347,0.05779774617365664,1,417.60337733992225
20348,0.07540036429458831,1,414.12932749725405
20349,0.0773342512830255,1,398.59065051660014
20350,0.09374991895090497,1,381.3779690815585
20351,0.05704959771532651,1,422.0399635388791
20352,0.0759160952029642,1,404.5890011431085
20353,0.08328913815161863,1,409.07416558150425
20354,0.1087345381947852,1,397.46243567906276
20355,0.09696478910332737,1,402.90092437139464
20356,0.1292400748048665,1,329.0894797199544
20357,0.18986855487128804,1,170.95383945699785
20358,0.24527217313949787,1,111.65074992804347
20359,0.1788831823681495,1,147.5015807746919
20360,0.18334269238065434,1,206.28549193834226
20361,0.15729087494262703,1,12.508775896588531
20362,0.12012631491885609,1,317.4304130705833
20363,0.21978788127228918,-1,-386.26830962974884
20364,0.2316645416467902,1,108.24708729580107
20365,0.28612642682884254,-1,-1020.0276151979965
20366,0.2515199880491065,-1,-837.9783815044827
20367,0.1708919623526429,1,63.17930581546295
20368,0.1799581623867639,1,84.88698343838871
20369,0.13308316215297597,1,304.44554445940526
20370,0.13546962741797475,1,240.3611549745703
20371,0.1388168660250811,1,232.0293669634164
20372,0.10160634292622236,1,297.41791754536905
20373,0.08759872341443375,1,375.31934712299403
20374,0.0657288933533781,1,389.81272364218705
20375,0.07576012208742054,1,407.989044233476
20376,0.07050348486967253,1,378.6071040586499
20377,0.06745145759748088,1,346.7674615543662
20378,0.049575287581810845,1,423.66347258220526
20379,0.04343389193996685,1,429.10476470963465
20380,0.06461044129604426,1,405.7058010356293
20381,0.039361701528130025,1,423.8673005731597
20382,0.039873155333826425,1,431.37229139703203
20383,0.049874967033734736,1,418.4314276756742
20384,0.07383974232579342,1,412.1274273637738
20385,0.11340510082404075,1,204.1163456735446
20386,0.08418210495247415,1,192.5447811562992
20387,0.09634052628823456,-1,-13.006641686363935
20388,0.13867213188084757,-1,-199.89316650063404
20389,0.1268066234111305,-1,-309.9674275385846
20390,0.10846431622711529,-1,-77.6208426207437
20391,0.11089522255999604,1,7.34602637333694
20392,0.09724752781437218,1,332.9028013219281
20393,0.09494573988745933,1,371.8141034768202
20394,0.08803879349855383,1,339.8817624116987
20395,0.11823221290415233,1,217.03527543723692
20396,0.09201710994854993,1,168.87492530643385
20397,0.09825327726783444,1,125.78707474718539
20398,0.09296561807098025,1,147.8434216820918
20399,0.0905994606122926,1,236.1647721541679
20400,0.07264080474480923,1,352.0518095637126
20401,0.06497098884082611,1,404.12426549343354
20402,0.04761514208199551,1,402.3331937533677
20403,0.048703883458802666,1,396.2427268154744
20404,0.034461737018024304,1,417.88838355015076
20405,0.03050983664868454,1,414.68169844228373
20406,0.03754722793858475,1,416.9980567190009
20407,0.0455398303206466,1,401.8594227650058
20408,0.035328715699503424,1,427.84758038428396
20409,0.03263014010847093,1,419.14493561401065
20410,0.09113529560241733,1,331.59210376011333
20411,0.08863366542795433,1,341.6324697977901
20412,0.12190895900299423,1,115.60139197730837
20413,0.1126653150838037,1,269.92698517683186
20414,0.12070499886952657,1,219.18146609614138
20415,0.11961377777428588,1,197.1288241984588
20416,0.1272124573522239,1,261.49660422031974
20417,0.12182000021539423,1,235.7785367340064
20418,0.1240989634028162,1,245.10060726967814
20419,0.059739675719125675,1,421.0592499889946
20420,0.10949163845092809,1,288.89177835745534
20421,0.05919670130633741,1,398.98358530224453
20422,0.054114366074755296,1,375.16327371555667
20423,0.058535355930887635,1,409.43102552045184
20424,0.08415637455921887,1,314.35268865159776
20425,0.09402306346961224,1,345.52520362789375
20426,0.0882492598231226,1,374.50414813431917
20427,0.07513885062042157,1,413.65839844054943
20428,0.09424792532842541,1,403.3047572784253
20429,0.06251509837465094,1,416.1155443496119
20430,0.0772527210917505,1,396.0820648314867
20431,0.06668951147731418,1,401.4588785755166
20432,0.04614321045870435,1,421.8292373230995
20433,0.05810719051300213,1,396.8286591771289
20434,0.055885642890885,1,402.90754544793805
20435,0.0537339264160829,1,426.17183820694004
20436,0.044479834879848364,1,431.0837724187406
20437,0.056246187530921324,1,421.15542817741795
20438,0.0647692919496078,1,409.0467266456199
20439,0.07380361526559122,1,405.9110272609457
20440,0.09616418509783645,1,380.39888354338825
20441,0.07541283491224364,1,405.6969514499252
20442,0.07080678458827562,1,414.5119418682078
20443,0.127260424051375,1,366.84570015896827
20444,0.12851034424376917,1,320.346338544197
20445,0.16086091867403438,1,211.04431537191505
20446,0.10441583027079251,1,328.1333585440757
20447,0.1321337443361498,1,276.91001120348346
20448,0.15729273072084018,1,263.8774520227361
20449,0.143736122012781,1,265.64552725954695
20450,0.10823601219504764,1,356.3717511730662
20451,0.08251698918247044,1,406.2994127535979
20452,0.10759076460666298,1,395.4855993572647
20453,0.16300255808159939,1,320.36911994592543
20454,0.16860848638287215,1,280.26004516125045
20455,0.13688412695532054,1,334.26828622474034
20456,0.11533932547719797,1,351.5795129430997
20457,0.06814505101569647,1,387.3428622973936
20458,0.0813556843557114,1,374.0537359628818
20459,0.10607048822710206,1,388.6081105558387
20460,0.09580178760494933,1,333.55133290392166
20461,0.04274068820671444,1,417.74009091428445
20462,0.04744455234201408,1,416.5793524858132
20463,0.0449663726164884,1,412.77618273856973
20464,0.062445134545492574,1,360.43206786110466
20465,0.0740336987801938,1,328.42979934626385
20466,0.08937943522518389,1,373.9178349651425
20467,0.06269345800196087,1,417.01211129920813
20468,0.06669746602456687,1,413.95786120640497
20469,0.06503784273636362,1,396.387535770677
20470,0.06006090266258533,1,411.57422580541373
20471,0.09020295341509653,1,395.727313092135
20472,0.09839106277381914,1,388.97559754105
20473,0.06533073084447598,1,420.22993045328224
20474,0.05563977332293403,1,400.7857663051698
20475,0.04363899327589318,1,425.2091608142505
20476,0.06736924516860657,1,421.6474864508172
20477,0.08405198332859413,1,412.60614048425356
20478,0.07209288107647474,1,425.7530721545039
20479,0.06885985069561455,1,404.4407645179384
20480,0.08870881326161131,1,388.94444237528154
20481,0.09348696935665488,1,413.40943225859945
20482,0.11054769400310915,1,320.40546811492436
20483,0.10518866942575325,1,353.01728428970335
20484,0.1563368821226631,1,265.4936514408
20485,0.18902437224097052,-1,-526.530482864764
20486,0.16199278194555627,1,167.18743689210578
20487,0.143369591838939,1,180.73262186084628
20488,0.11347607937240732,1,330.0496237632163
20489,0.1633235911855541,1,181.17797289781493
20490,0.1708085051701036,1,194.92639809936335
20491,0.16289163923996272,1,223.26538850823326
20492,0.09582198201925662,1,335.3212368239166
20493,0.12435610447704214,1,370.2520238128287
20494,0.10359137822844429,1,295.2874260924709
20495,0.08587352621291157,1,326.95557579634016
20496,0.8097076853548203,-1,-17612.765100690485
20497,0.6261361482930933,-1,-5294.4306255018255
20498,0.4976674023909035,-1,-9969.811195988164
20499,0.5992748072000998,-1,-10079.187719083833
20500,0.7780003933667201,-1,-27137.02629256089
20501,0.742111214938131,-1,-15582.3949836452
20502,0.7255188524182016,-1,-11626.507903970178
20503,0.9478780351441453,-1,-40961.21451976703
20504,0.8653133488727193,-1,-36597.166177467305
20505,0.5013782935755188,-1,-11483.48790522455
20506,0.5599991389685116,-1,-10747.122125634387
20507,0.5438297714554705,-1,-3734.2143543201264
20508,0.41037690369557794,-1,-3301.4379644474766
20509,0.049941335551624944,1,427.53750079261516
20510,0.056631126296759815,1,425.2719903070652
20511,0.07362894987884863,1,306.7466694433683
20512,0.08023063345898426,1,362.0540743326079
20513,0.06012786612419766,1,418.5894316783421
20514,0.05435272991162433,1,420.14999593636554
20515,0.05247013725642012,1,429.9605538504744
20516,0.08172433849037448,1,393.4568470272969
20517,0.09541962241664581,1,407.27185491330596
20518,0.09171509422980932,1,411.3413286890312
20519,0.10819846965187753,1,395.7878522856353
20520,0.11674754623422645,1,284.78391433381006
20521,0.18405017331148793,-1,-47.968730326995455
20522,0.17670346001747772,1,159.8644200336517
20523,0.1909565238458258,1,162.4543784177945
20524,0.1332489179316059,1,313.1131450231915
20525,0.12260450484877876,1,322.4671804897531
20526,0.14308235372275319,1,191.4286935056298
20527,0.16909148444332076,1,23.187437563374488
20528,0.13373707689465833,1,228.8307359735672
20529,0.2557447220611701,-1,-575.4319072840743
20530,0.27646412285148003,-1,-1824.622825232453
20531,0.27517594695912717,-1,-3361.9325812159914
20532,0.14347197353567626,1,223.95459826860275
20533,0.16091491411458578,1,341.9844045663864
20534,0.23580532650157227,-1,-199.51647667273232
20535,0.38369542098835974,-1,-4662.407117748339
20536,0.1586195684349181,-1,-129.66798179944033
20537,0.12018848917098457,1,365.0664348632946
20538,0.13146985266790542,1,255.14542581827155
20539,0.10824885506458236,1,377.9037314937616
20540,0.09924018625531385,1,377.9706212886354
20541,0.0926109315229676,1,347.4355622318982
20542,0.09231076078942191,1,343.8835144901051
20543,0.07703069081902998,1,379.6131013920081
20544,0.0590328063452764,1,419.4504178513378
20545,0.06301902210401199,1,393.77855752860495
20546,0.06539154537189193,1,371.63948691552946
20547,0.0848947999959601,1,362.52181220084856
20548,0.06798547032509912,1,395.1043670485894
20549,0.07484740027919101,1,406.88166055844295
20550,0.09461156989591189,1,401.61628210553107
20551,0.10252725173393681,1,397.67084355674865
20552,0.10819755593830946,1,377.6871313748502
20553,0.21046971468156994,1,287.0672033265046
20554,0.12289960053122119,1,320.0147222257606
20555,0.2401972232681611,-1,-911.0699240055726
20556,0.15758727293220529,1,156.72367337156646
20557,0.07972474943525339,1,389.25306489852073
20558,0.1091541679757965,1,341.6258174934332
20559,0.09013414402856766,1,418.7672573506429
20560,0.07396592528824508,1,393.9633810013748
20561,0.07570380432671212,1,394.90352356315987
20562,0.06406958689936144,1,388.677078956886
20563,0.03590348534277613,1,427.5595433767712
20564,0.054813449277820205,1,412.85402832361075
20565,0.0644478060282807,1,379.02980245341035
20566,0.0671740596867829,1,353.3194558149845
20567,0.06565291727208403,1,364.8070057719517
20568,0.07180918889618433,1,407.5767511585103
20569,0.08207431427856902,1,384.03929663665804
20570,0.08434533660657964,1,307.5646599379543
20571,0.10431778638149089,1,311.773614967317
20572,0.08851711088960194,1,377.893819335549
20573,0.05871430200078769,1,409.4080132319293
20574,0.06610957509454203,1,409.5480317147253
20575,0.09571356783319326,1,372.52085958040595
20576,0.12053274318327091,1,368.6423039525224
20577,0.07407428371090642,1,401.2278798807404
20578,0.09331589950593708,1,369.4795011595262
20579,0.1386277929504421,1,304.48291705048496
20580,0.14960127871748327,1,257.99351344988264
20581,0.1335469371424878,1,320.7361786966103
20582,0.13937810428145614,1,267.77541397026346
20583,0.11763235080286272,1,375.149100743871
20584,0.12396911459351567,1,371.0560931947984
20585,0.09507446642906751,1,352.4674825536134
20586,0.09381648586278767,1,352.3128842777999
20587,0.09425331403181623,1,344.51251358440135
20588,0.057417256916898154,1,387.1983184668157
20589,0.05272087880994643,1,416.70933954976954
20590,0.06727716675115306,1,408.07044998343196
20591,0.09396710836114812,1,278.8959673724021
20592,0.09613045153949991,1,285.33493366773985
20593,0.10354236331939247,1,314.6258698563021
20594,0.07074073539144557,1,369.34275367211677
20595,0.3598013115115071,-1,-7646.483622217769
20596,0.22959471245661697,-1,-1477.4314363809544
20597,0.14514549214553504,1,153.17843763911748
20598,0.1750735285343623,-1,-659.8711995119857
20599,0.24638835528939948,-1,-2426.286578226711
20600,0.22307944465706894,-1,-2379.7566235721133
20601,0.2406128451052481,-1,-1156.295109048554
20602,0.15282634536510722,1,33.807740226815724
20603,0.16684738332486998,1,200.38565087024378
20604,0.136458886075109,1,340.54500164129865
20605,0.18919100153307133,1,282.28227979531425
20606,0.08120642619543975,1,415.1290078048481
20607,0.11292406509765604,1,307.4266758822782
20608,0.110250185034801,1,304.4624132527274
20609,0.21306893911134056,-1,-919.12304261852
20610,0.14503390983581996,1,37.07493465381248
20611,0.1710998900076586,1,206.98433890528798
20612,0.38829297545407443,-1,-1110.9893212731367
20613,0.25046926466850433,-1,-141.59712044597381
20614,0.257980699314012,-1,-233.1610262218668
20615,0.29722511575908317,-1,-217.41330668209048
20616,0.1628115283672957,1,203.090169785407
20617,0.26361456291023444,-1,-451.5856318091421
20618,0.18199958408746744,1,154.15622722176312
20619,0.37121633897741324,-1,-776.8674875501351
20620,0.24270084739789072,1,7.463584764041343
20621,0.24390408572513086,-1,-666.0678824879392
20622,0.2186558169333906,-1,-315.61026721073154
20623,0.16840615270205345,-1,-0.7187404412229625
20624,0.1419678174427013,1,292.0693575441793
20625,0.21827023789786776,1,275.56960267381544
20626,0.15216266822013244,1,272.6295537490223
20627,0.13307795116436563,1,357.63400430897195
20628,0.2000754196677002,1,54.399725846401
20629,0.11049598196114177,1,336.77391674311355
20630,0.09006104253402317,1,379.0804744684758
20631,0.10134379489929125,1,355.1368755982454
20632,0.0976779828205837,1,313.93863513212483
20633,0.0714750672643401,1,381.52477903371033
20634,0.09405128211431733,1,306.0005608006121
20635,0.08801828003054431,1,326.0845408399583
20636,0.0939232221638964,1,180.45255123657023
20637,0.07055846953516866,1,201.08961330434562
20638,0.09019915334938636,-1,-147.0814288384538
20639,0.13066253056480323,-1,-140.8366661605694
20640,0.14619094723086215,-1,-144.59184744484514
20641,0.1402433613749527,-1,-63.9550974740867
20642,0.13631671033881448,1,71.80029573722823
20643,0.12385751698759814,1,100.6560016976859
20644,0.13010659774271677,1,269.41909057299904
20645,0.10708468819939809,1,286.1508095140059
20646,0.10706417327344846,1,237.4409778158179
20647,0.10129510371533208,1,134.05902304005042
20648,0.062446075944861394,1,418.13689111622705
20649,0.032636163592910904,1,434.11216124390444
20650,0.03257144048344355,1,433.0079342376188
20651,0.032977870189197483,1,429.86812989914154
20652,0.048540370864370345,1,424.1923760224097
